SourcePath,Domain,SourceKind,SourceReview,CandidateTargetLogicOrService,VerifiedReadWriteReferences,Notes
"clients/android/app-mobile/build.gradle.kts","Android:android/app-mobile","ANDROID_CLIENT","SOURCE_PATH_INDEXED_NOT_PROVEN_DB_USAGE","PHASE_E_OWNER_MAPPING_PENDING","NOT_SCANNED_YET","Use Phase A semantic references index; file path alone is not evidence of SQL reads/writes"
"clients/android/app-mobile/src/main/kotlin/de/juloc/jularr/MainActivity.kt","Android:android/app-mobile","ANDROID_CLIENT","SOURCE_PATH_INDEXED_NOT_PROVEN_DB_USAGE","PHASE_E_OWNER_MAPPING_PENDING","NOT_SCANNED_YET","Use Phase A semantic references index; file path alone is not evidence of SQL reads/writes"
"clients/android/app-mobile/src/main/kotlin/de/juloc/jularr/mobile/JularrWebShell.kt","Android:android/app-mobile","ANDROID_CLIENT","SOURCE_PATH_INDEXED_NOT_PROVEN_DB_USAGE","PHASE_E_OWNER_MAPPING_PENDING","NOT_SCANNED_YET","Use Phase A semantic references index; file path alone is not evidence of SQL reads/writes"
"clients/android/app-mobile/src/main/kotlin/de/juloc/jularr/mobile/LearningSheetPolicy.kt","Android:android/app-mobile","ANDROID_CLIENT","SOURCE_PATH_INDEXED_NOT_PROVEN_DB_USAGE","PHASE_E_OWNER_MAPPING_PENDING","NOT_SCANNED_YET","Use Phase A semantic references index; file path alone is not evidence of SQL reads/writes"
"clients/android/app-mobile/src/main/kotlin/de/juloc/jularr/mobile/MobileShellState.kt","Android:android/app-mobile","ANDROID_CLIENT","SOURCE_PATH_INDEXED_NOT_PROVEN_DB_USAGE","PHASE_E_OWNER_MAPPING_PENDING","NOT_SCANNED_YET","Use Phase A semantic references index; file path alone is not evidence of SQL reads/writes"
"clients/android/app-mobile/src/main/kotlin/de/juloc/jularr/mobile/NativePlayerController.kt","Android:android/app-mobile","ANDROID_CLIENT","SOURCE_PATH_INDEXED_NOT_PROVEN_DB_USAGE","PHASE_E_OWNER_MAPPING_PENDING","NOT_SCANNED_YET","Use Phase A semantic references index; file path alone is not evidence of SQL reads/writes"
"clients/android/app-mobile/src/main/kotlin/de/juloc/jularr/mobile/NativePlayerScreen.kt","Android:android/app-mobile","ANDROID_CLIENT","SOURCE_PATH_INDEXED_NOT_PROVEN_DB_USAGE","PHASE_E_OWNER_MAPPING_PENDING","NOT_SCANNED_YET","Use Phase A semantic references index; file path alone is not evidence of SQL reads/writes"
"clients/android/app-mobile/src/main/kotlin/de/juloc/jularr/mobile/PlaybackFailureClassifier.kt","Android:android/app-mobile","ANDROID_CLIENT","SOURCE_PATH_INDEXED_NOT_PROVEN_DB_USAGE","PHASE_E_OWNER_MAPPING_PENDING","NOT_SCANNED_YET","Use Phase A semantic references index; file path alone is not evidence of SQL reads/writes"
"clients/android/app-mobile/src/main/kotlin/de/juloc/jularr/mobile/PlayerDesignTokens.kt","Android:android/app-mobile","ANDROID_CLIENT","SOURCE_PATH_INDEXED_NOT_PROVEN_DB_USAGE","PHASE_E_OWNER_MAPPING_PENDING","NOT_SCANNED_YET","Use Phase A semantic references index; file path alone is not evidence of SQL reads/writes"
"clients/android/app-mobile/src/main/kotlin/de/juloc/jularr/mobile/ServerOrigin.kt","Android:android/app-mobile","ANDROID_CLIENT","SOURCE_PATH_INDEXED_NOT_PROVEN_DB_USAGE","PHASE_E_OWNER_MAPPING_PENDING","NOT_SCANNED_YET","Use Phase A semantic references index; file path alone is not evidence of SQL reads/writes"
"clients/android/app-mobile/src/main/kotlin/de/juloc/jularr/mobile/ServerSettings.kt","Android:android/app-mobile","ANDROID_CLIENT","SOURCE_PATH_INDEXED_NOT_PROVEN_DB_USAGE","PHASE_E_OWNER_MAPPING_PENDING","NOT_SCANNED_YET","Use Phase A semantic references index; file path alone is not evidence of SQL reads/writes"
"clients/android/app-mobile/src/main/kotlin/de/juloc/jularr/mobile/StorageRecoveryPolicy.kt","Android:android/app-mobile","ANDROID_CLIENT","SOURCE_PATH_INDEXED_NOT_PROVEN_DB_USAGE","PHASE_E_OWNER_MAPPING_PENDING","NOT_SCANNED_YET","Use Phase A semantic references index; file path alone is not evidence of SQL reads/writes"
"clients/android/app-mobile/src/main/kotlin/de/juloc/jularr/mobile/TtsCoordinator.kt","Android:android/app-mobile","ANDROID_CLIENT","SOURCE_PATH_INDEXED_NOT_PROVEN_DB_USAGE","PHASE_E_OWNER_MAPPING_PENDING","NOT_SCANNED_YET","Use Phase A semantic references index; file path alone is not evidence of SQL reads/writes"
"clients/android/app-mobile/src/main/kotlin/de/juloc/jularr/mobile/TtsSettingsScreen.kt","Android:android/app-mobile","ANDROID_CLIENT","SOURCE_PATH_INDEXED_NOT_PROVEN_DB_USAGE","PHASE_E_OWNER_MAPPING_PENDING","NOT_SCANNED_YET","Use Phase A semantic references index; file path alone is not evidence of SQL reads/writes"
"clients/android/app-mobile/src/main/kotlin/de/juloc/jularr/mobile/UpdateScreen.kt","Android:android/app-mobile","ANDROID_CLIENT","SOURCE_PATH_INDEXED_NOT_PROVEN_DB_USAGE","PHASE_E_OWNER_MAPPING_PENDING","NOT_SCANNED_YET","Use Phase A semantic references index; file path alone is not evidence of SQL reads/writes"
"clients/android/app-mobile/src/main/kotlin/de/juloc/jularr/mobile/WebSession.kt","Android:android/app-mobile","ANDROID_CLIENT","SOURCE_PATH_INDEXED_NOT_PROVEN_DB_USAGE","PHASE_E_OWNER_MAPPING_PENDING","NOT_SCANNED_YET","Use Phase A semantic references index; file path alone is not evidence of SQL reads/writes"
"clients/android/app-mobile/src/main/kotlin/de/juloc/jularr/mobile/offline/DownloadStateMachine.kt","Android:android/app-mobile","ANDROID_CLIENT","SOURCE_PATH_INDEXED_NOT_PROVEN_DB_USAGE","PHASE_E_OWNER_MAPPING_PENDING","NOT_SCANNED_YET","Use Phase A semantic references index; file path alone is not evidence of SQL reads/writes"
"clients/android/app-mobile/src/main/kotlin/de/juloc/jularr/mobile/offline/OfflineAccountPolicy.kt","Android:android/app-mobile","ANDROID_CLIENT","SOURCE_PATH_INDEXED_NOT_PROVEN_DB_USAGE","PHASE_E_OWNER_MAPPING_PENDING","NOT_SCANNED_YET","Use Phase A semantic references index; file path alone is not evidence of SQL reads/writes"
"clients/android/app-mobile/src/main/kotlin/de/juloc/jularr/mobile/offline/OfflineDownloads.kt","Android:android/app-mobile","ANDROID_CLIENT","SOURCE_PATH_INDEXED_NOT_PROVEN_DB_USAGE","PHASE_E_OWNER_MAPPING_PENDING","NOT_SCANNED_YET","Use Phase A semantic references index; file path alone is not evidence of SQL reads/writes"
"clients/android/app-mobile/src/main/kotlin/de/juloc/jularr/mobile/offline/OfflineDownloadsScreen.kt","Android:android/app-mobile","ANDROID_CLIENT","SOURCE_PATH_INDEXED_NOT_PROVEN_DB_USAGE","PHASE_E_OWNER_MAPPING_PENDING","NOT_SCANNED_YET","Use Phase A semantic references index; file path alone is not evidence of SQL reads/writes"
"clients/android/app-mobile/src/main/kotlin/de/juloc/jularr/mobile/offline/OfflineMediaDownloader.kt","Android:android/app-mobile","ANDROID_CLIENT","SOURCE_PATH_INDEXED_NOT_PROVEN_DB_USAGE","PHASE_E_OWNER_MAPPING_PENDING","NOT_SCANNED_YET","Use Phase A semantic references index; file path alone is not evidence of SQL reads/writes"
"clients/android/app-mobile/src/main/kotlin/de/juloc/jularr/mobile/offline/OfflineMediaVerifier.kt","Android:android/app-mobile","ANDROID_CLIENT","SOURCE_PATH_INDEXED_NOT_PROVEN_DB_USAGE","PHASE_E_OWNER_MAPPING_PENDING","NOT_SCANNED_YET","Use Phase A semantic references index; file path alone is not evidence of SQL reads/writes"
"clients/android/app-mobile/src/main/kotlin/de/juloc/jularr/mobile/offline/OfflineModels.kt","Android:android/app-mobile","ANDROID_CLIENT","SOURCE_PATH_INDEXED_NOT_PROVEN_DB_USAGE","PHASE_E_OWNER_MAPPING_PENDING","NOT_SCANNED_YET","Use Phase A semantic references index; file path alone is not evidence of SQL reads/writes"
"clients/android/app-mobile/src/main/kotlin/de/juloc/jularr/mobile/offline/OfflinePlayback.kt","Android:android/app-mobile","ANDROID_CLIENT","SOURCE_PATH_INDEXED_NOT_PROVEN_DB_USAGE","PHASE_E_OWNER_MAPPING_PENDING","NOT_SCANNED_YET","Use Phase A semantic references index; file path alone is not evidence of SQL reads/writes"
"clients/android/app-mobile/src/main/kotlin/de/juloc/jularr/mobile/offline/OfflineProgressQueue.kt","Android:android/app-mobile","ANDROID_CLIENT","SOURCE_PATH_INDEXED_NOT_PROVEN_DB_USAGE","PHASE_E_OWNER_MAPPING_PENDING","NOT_SCANNED_YET","Use Phase A semantic references index; file path alone is not evidence of SQL reads/writes"
"clients/android/app-mobile/src/main/kotlin/de/juloc/jularr/mobile/offline/OfflineStoragePolicy.kt","Android:android/app-mobile","ANDROID_CLIENT","SOURCE_PATH_INDEXED_NOT_PROVEN_DB_USAGE","PHASE_E_OWNER_MAPPING_PENDING","NOT_SCANNED_YET","Use Phase A semantic references index; file path alone is not evidence of SQL reads/writes"
"clients/android/app-mobile/src/main/kotlin/de/juloc/jularr/mobile/offline/OfflineStore.kt","Android:android/app-mobile","ANDROID_CLIENT","SOURCE_PATH_INDEXED_NOT_PROVEN_DB_USAGE","PHASE_E_OWNER_MAPPING_PENDING","NOT_SCANNED_YET","Use Phase A semantic references index; file path alone is not evidence of SQL reads/writes"
"clients/android/app-mobile/src/main/kotlin/de/juloc/jularr/mobile/offline/OfflineWorkers.kt","Android:android/app-mobile","ANDROID_CLIENT","SOURCE_PATH_INDEXED_NOT_PROVEN_DB_USAGE","PHASE_E_OWNER_MAPPING_PENDING","NOT_SCANNED_YET","Use Phase A semantic references index; file path alone is not evidence of SQL reads/writes"
"clients/android/app-mobile/src/main/kotlin/de/juloc/jularr/mobile/offline/library/LibraryContentFetcher.kt","Android:android/app-mobile","ANDROID_CLIENT","SOURCE_PATH_INDEXED_NOT_PROVEN_DB_USAGE","PHASE_E_OWNER_MAPPING_PENDING","NOT_SCANNED_YET","Use Phase A semantic references index; file path alone is not evidence of SQL reads/writes"
"clients/android/app-mobile/src/main/kotlin/de/juloc/jularr/mobile/offline/library/LibraryDownloads.kt","Android:android/app-mobile","ANDROID_CLIENT","SOURCE_PATH_INDEXED_NOT_PROVEN_DB_USAGE","PHASE_E_OWNER_MAPPING_PENDING","NOT_SCANNED_YET","Use Phase A semantic references index; file path alone is not evidence of SQL reads/writes"
"clients/android/app-mobile/src/main/kotlin/de/juloc/jularr/mobile/offline/library/LibraryDownloadsScreen.kt","Android:android/app-mobile","ANDROID_CLIENT","SOURCE_PATH_INDEXED_NOT_PROVEN_DB_USAGE","PHASE_E_OWNER_MAPPING_PENDING","NOT_SCANNED_YET","Use Phase A semantic references index; file path alone is not evidence of SQL reads/writes"
"clients/android/app-mobile/src/main/kotlin/de/juloc/jularr/mobile/offline/library/LibraryManifestDiff.kt","Android:android/app-mobile","ANDROID_CLIENT","SOURCE_PATH_INDEXED_NOT_PROVEN_DB_USAGE","PHASE_E_OWNER_MAPPING_PENDING","NOT_SCANNED_YET","Use Phase A semantic references index; file path alone is not evidence of SQL reads/writes"
"clients/android/app-mobile/src/main/kotlin/de/juloc/jularr/mobile/offline/library/LibraryModels.kt","Android:android/app-mobile","ANDROID_CLIENT","SOURCE_PATH_INDEXED_NOT_PROVEN_DB_USAGE","PHASE_E_OWNER_MAPPING_PENDING","NOT_SCANNED_YET","Use Phase A semantic references index; file path alone is not evidence of SQL reads/writes"
"clients/android/app-mobile/src/main/kotlin/de/juloc/jularr/mobile/offline/library/LibraryRequestInterception.kt","Android:android/app-mobile","ANDROID_CLIENT","SOURCE_PATH_INDEXED_NOT_PROVEN_DB_USAGE","PHASE_E_OWNER_MAPPING_PENDING","NOT_SCANNED_YET","Use Phase A semantic references index; file path alone is not evidence of SQL reads/writes"
"clients/android/app-mobile/src/main/kotlin/de/juloc/jularr/mobile/offline/library/LibrarySaveOfflineOverlay.kt","Android:android/app-mobile","ANDROID_CLIENT","SOURCE_PATH_INDEXED_NOT_PROVEN_DB_USAGE","PHASE_E_OWNER_MAPPING_PENDING","NOT_SCANNED_YET","Use Phase A semantic references index; file path alone is not evidence of SQL reads/writes"
"clients/android/app-mobile/src/main/kotlin/de/juloc/jularr/mobile/offline/library/LibraryStore.kt","Android:android/app-mobile","ANDROID_CLIENT","SOURCE_PATH_INDEXED_NOT_PROVEN_DB_USAGE","PHASE_E_OWNER_MAPPING_PENDING","NOT_SCANNED_YET","Use Phase A semantic references index; file path alone is not evidence of SQL reads/writes"
"clients/android/app-mobile/src/main/kotlin/de/juloc/jularr/mobile/offline/library/LibrarySyncQueue.kt","Android:android/app-mobile","ANDROID_CLIENT","SOURCE_PATH_INDEXED_NOT_PROVEN_DB_USAGE","PHASE_E_OWNER_MAPPING_PENDING","NOT_SCANNED_YET","Use Phase A semantic references index; file path alone is not evidence of SQL reads/writes"
"clients/android/app-mobile/src/main/kotlin/de/juloc/jularr/mobile/offline/library/LibraryWebPages.kt","Android:android/app-mobile","ANDROID_CLIENT","SOURCE_PATH_INDEXED_NOT_PROVEN_DB_USAGE","PHASE_E_OWNER_MAPPING_PENDING","NOT_SCANNED_YET","Use Phase A semantic references index; file path alone is not evidence of SQL reads/writes"
"clients/android/app-mobile/src/main/kotlin/de/juloc/jularr/mobile/offline/library/LibraryWorkers.kt","Android:android/app-mobile","ANDROID_CLIENT","SOURCE_PATH_INDEXED_NOT_PROVEN_DB_USAGE","PHASE_E_OWNER_MAPPING_PENDING","NOT_SCANNED_YET","Use Phase A semantic references index; file path alone is not evidence of SQL reads/writes"
"clients/android/app-mobile/src/test/kotlin/de/juloc/jularr/mobile/LearningSheetPolicyTest.kt","Android:android/app-mobile","ANDROID_CLIENT","SOURCE_PATH_INDEXED_NOT_PROVEN_DB_USAGE","PHASE_E_OWNER_MAPPING_PENDING","NOT_SCANNED_YET","Use Phase A semantic references index; file path alone is not evidence of SQL reads/writes"
"clients/android/app-mobile/src/test/kotlin/de/juloc/jularr/mobile/MobileCompatibilityGateTest.kt","Android:android/app-mobile","ANDROID_CLIENT","SOURCE_PATH_INDEXED_NOT_PROVEN_DB_USAGE","PHASE_E_OWNER_MAPPING_PENDING","NOT_SCANNED_YET","Use Phase A semantic references index; file path alone is not evidence of SQL reads/writes"
"clients/android/app-mobile/src/test/kotlin/de/juloc/jularr/mobile/MobileShellStateTest.kt","Android:android/app-mobile","ANDROID_CLIENT","SOURCE_PATH_INDEXED_NOT_PROVEN_DB_USAGE","PHASE_E_OWNER_MAPPING_PENDING","NOT_SCANNED_YET","Use Phase A semantic references index; file path alone is not evidence of SQL reads/writes"
"clients/android/app-mobile/src/test/kotlin/de/juloc/jularr/mobile/PlaybackFailureClassifierTest.kt","Android:android/app-mobile","ANDROID_CLIENT","SOURCE_PATH_INDEXED_NOT_PROVEN_DB_USAGE","PHASE_E_OWNER_MAPPING_PENDING","NOT_SCANNED_YET","Use Phase A semantic references index; file path alone is not evidence of SQL reads/writes"
"clients/android/app-mobile/src/test/kotlin/de/juloc/jularr/mobile/ServerOriginTest.kt","Android:android/app-mobile","ANDROID_CLIENT","SOURCE_PATH_INDEXED_NOT_PROVEN_DB_USAGE","PHASE_E_OWNER_MAPPING_PENDING","NOT_SCANNED_YET","Use Phase A semantic references index; file path alone is not evidence of SQL reads/writes"
"clients/android/app-mobile/src/test/kotlin/de/juloc/jularr/mobile/StorageRecoveryPolicyTest.kt","Android:android/app-mobile","ANDROID_CLIENT","SOURCE_PATH_INDEXED_NOT_PROVEN_DB_USAGE","PHASE_E_OWNER_MAPPING_PENDING","NOT_SCANNED_YET","Use Phase A semantic references index; file path alone is not evidence of SQL reads/writes"
"clients/android/app-mobile/src/test/kotlin/de/juloc/jularr/mobile/offline/DownloadStateMachineTest.kt","Android:android/app-mobile","ANDROID_CLIENT","SOURCE_PATH_INDEXED_NOT_PROVEN_DB_USAGE","PHASE_E_OWNER_MAPPING_PENDING","NOT_SCANNED_YET","Use Phase A semantic references index; file path alone is not evidence of SQL reads/writes"
"clients/android/app-mobile/src/test/kotlin/de/juloc/jularr/mobile/offline/OfflineAccountPolicyTest.kt","Android:android/app-mobile","ANDROID_CLIENT","SOURCE_PATH_INDEXED_NOT_PROVEN_DB_USAGE","PHASE_E_OWNER_MAPPING_PENDING","NOT_SCANNED_YET","Use Phase A semantic references index; file path alone is not evidence of SQL reads/writes"
"clients/android/app-mobile/src/test/kotlin/de/juloc/jularr/mobile/offline/OfflineMediaDownloaderTest.kt","Android:android/app-mobile","ANDROID_CLIENT","SOURCE_PATH_INDEXED_NOT_PROVEN_DB_USAGE","PHASE_E_OWNER_MAPPING_PENDING","NOT_SCANNED_YET","Use Phase A semantic references index; file path alone is not evidence of SQL reads/writes"
"clients/android/app-mobile/src/test/kotlin/de/juloc/jularr/mobile/offline/OfflineMediaVerifierTest.kt","Android:android/app-mobile","ANDROID_CLIENT","SOURCE_PATH_INDEXED_NOT_PROVEN_DB_USAGE","PHASE_E_OWNER_MAPPING_PENDING","NOT_SCANNED_YET","Use Phase A semantic references index; file path alone is not evidence of SQL reads/writes"
"clients/android/app-mobile/src/test/kotlin/de/juloc/jularr/mobile/offline/OfflineProgressQueueTest.kt","Android:android/app-mobile","ANDROID_CLIENT","SOURCE_PATH_INDEXED_NOT_PROVEN_DB_USAGE","PHASE_E_OWNER_MAPPING_PENDING","NOT_SCANNED_YET","Use Phase A semantic references index; file path alone is not evidence of SQL reads/writes"
"clients/android/app-mobile/src/test/kotlin/de/juloc/jularr/mobile/offline/OfflineStateCodecTest.kt","Android:android/app-mobile","ANDROID_CLIENT","SOURCE_PATH_INDEXED_NOT_PROVEN_DB_USAGE","PHASE_E_OWNER_MAPPING_PENDING","NOT_SCANNED_YET","Use Phase A semantic references index; file path alone is not evidence of SQL reads/writes"
"clients/android/app-mobile/src/test/kotlin/de/juloc/jularr/mobile/offline/OfflineStoragePolicyTest.kt","Android:android/app-mobile","ANDROID_CLIENT","SOURCE_PATH_INDEXED_NOT_PROVEN_DB_USAGE","PHASE_E_OWNER_MAPPING_PENDING","NOT_SCANNED_YET","Use Phase A semantic references index; file path alone is not evidence of SQL reads/writes"
"clients/android/app-mobile/src/test/kotlin/de/juloc/jularr/mobile/offline/RangeResponsePolicyTest.kt","Android:android/app-mobile","ANDROID_CLIENT","SOURCE_PATH_INDEXED_NOT_PROVEN_DB_USAGE","PHASE_E_OWNER_MAPPING_PENDING","NOT_SCANNED_YET","Use Phase A semantic references index; file path alone is not evidence of SQL reads/writes"
"clients/android/app-mobile/src/test/kotlin/de/juloc/jularr/mobile/offline/library/LibraryContentIoTest.kt","Android:android/app-mobile","ANDROID_CLIENT","SOURCE_PATH_INDEXED_NOT_PROVEN_DB_USAGE","PHASE_E_OWNER_MAPPING_PENDING","NOT_SCANNED_YET","Use Phase A semantic references index; file path alone is not evidence of SQL reads/writes"
"clients/android/app-mobile/src/test/kotlin/de/juloc/jularr/mobile/offline/library/LibraryManifestDiffTest.kt","Android:android/app-mobile","ANDROID_CLIENT","SOURCE_PATH_INDEXED_NOT_PROVEN_DB_USAGE","PHASE_E_OWNER_MAPPING_PENDING","NOT_SCANNED_YET","Use Phase A semantic references index; file path alone is not evidence of SQL reads/writes"
"clients/android/app-mobile/src/test/kotlin/de/juloc/jularr/mobile/offline/library/LibraryModelsTest.kt","Android:android/app-mobile","ANDROID_CLIENT","SOURCE_PATH_INDEXED_NOT_PROVEN_DB_USAGE","PHASE_E_OWNER_MAPPING_PENDING","NOT_SCANNED_YET","Use Phase A semantic references index; file path alone is not evidence of SQL reads/writes"
"clients/android/app-mobile/src/test/kotlin/de/juloc/jularr/mobile/offline/library/LibraryRequestInterceptionTest.kt","Android:android/app-mobile","ANDROID_CLIENT","SOURCE_PATH_INDEXED_NOT_PROVEN_DB_USAGE","PHASE_E_OWNER_MAPPING_PENDING","NOT_SCANNED_YET","Use Phase A semantic references index; file path alone is not evidence of SQL reads/writes"
"clients/android/app-mobile/src/test/kotlin/de/juloc/jularr/mobile/offline/library/LibraryStateCodecTest.kt","Android:android/app-mobile","ANDROID_CLIENT","SOURCE_PATH_INDEXED_NOT_PROVEN_DB_USAGE","PHASE_E_OWNER_MAPPING_PENDING","NOT_SCANNED_YET","Use Phase A semantic references index; file path alone is not evidence of SQL reads/writes"
"clients/android/app-mobile/src/test/kotlin/de/juloc/jularr/mobile/offline/library/LibrarySyncQueueTest.kt","Android:android/app-mobile","ANDROID_CLIENT","SOURCE_PATH_INDEXED_NOT_PROVEN_DB_USAGE","PHASE_E_OWNER_MAPPING_PENDING","NOT_SCANNED_YET","Use Phase A semantic references index; file path alone is not evidence of SQL reads/writes"
"clients/android/app-tv/build.gradle.kts","Android:android/app-tv","ANDROID_CLIENT","SOURCE_PATH_INDEXED_NOT_PROVEN_DB_USAGE","PHASE_E_OWNER_MAPPING_PENDING","NOT_SCANNED_YET","Use Phase A semantic references index; file path alone is not evidence of SQL reads/writes"
"clients/android/app-tv/src/main/kotlin/de/juloc/jularr/tv/TvActivityScreen.kt","Android:android/app-tv","ANDROID_CLIENT","SOURCE_PATH_INDEXED_NOT_PROVEN_DB_USAGE","PHASE_E_OWNER_MAPPING_PENDING","NOT_SCANNED_YET","Use Phase A semantic references index; file path alone is not evidence of SQL reads/writes"
"clients/android/app-tv/src/main/kotlin/de/juloc/jularr/tv/TvAppController.kt","Android:android/app-tv","ANDROID_CLIENT","SOURCE_PATH_INDEXED_NOT_PROVEN_DB_USAGE","PHASE_E_OWNER_MAPPING_PENDING","NOT_SCANNED_YET","Use Phase A semantic references index; file path alone is not evidence of SQL reads/writes"
"clients/android/app-tv/src/main/kotlin/de/juloc/jularr/tv/TvAppHost.kt","Android:android/app-tv","ANDROID_CLIENT","SOURCE_PATH_INDEXED_NOT_PROVEN_DB_USAGE","PHASE_E_OWNER_MAPPING_PENDING","NOT_SCANNED_YET","Use Phase A semantic references index; file path alone is not evidence of SQL reads/writes"
"clients/android/app-tv/src/main/kotlin/de/juloc/jularr/tv/TvClientFlow.kt","Android:android/app-tv","ANDROID_CLIENT","SOURCE_PATH_INDEXED_NOT_PROVEN_DB_USAGE","PHASE_E_OWNER_MAPPING_PENDING","NOT_SCANNED_YET","Use Phase A semantic references index; file path alone is not evidence of SQL reads/writes"
"clients/android/app-tv/src/main/kotlin/de/juloc/jularr/tv/TvCompanionPairingOverlay.kt","Android:android/app-tv","ANDROID_CLIENT","SOURCE_PATH_INDEXED_NOT_PROVEN_DB_USAGE","PHASE_E_OWNER_MAPPING_PENDING","NOT_SCANNED_YET","Use Phase A semantic references index; file path alone is not evidence of SQL reads/writes"
"clients/android/app-tv/src/main/kotlin/de/juloc/jularr/tv/TvCompanionRuntime.kt","Android:android/app-tv","ANDROID_CLIENT","SOURCE_PATH_INDEXED_NOT_PROVEN_DB_USAGE","PHASE_E_OWNER_MAPPING_PENDING","NOT_SCANNED_YET","Use Phase A semantic references index; file path alone is not evidence of SQL reads/writes"
"clients/android/app-tv/src/main/kotlin/de/juloc/jularr/tv/TvContentFilter.kt","Android:android/app-tv","ANDROID_CLIENT","SOURCE_PATH_INDEXED_NOT_PROVEN_DB_USAGE","PHASE_E_OWNER_MAPPING_PENDING","NOT_SCANNED_YET","Use Phase A semantic references index; file path alone is not evidence of SQL reads/writes"
"clients/android/app-tv/src/main/kotlin/de/juloc/jularr/tv/TvCueTimeline.kt","Android:android/app-tv","ANDROID_CLIENT","SOURCE_PATH_INDEXED_NOT_PROVEN_DB_USAGE","PHASE_E_OWNER_MAPPING_PENDING","NOT_SCANNED_YET","Use Phase A semantic references index; file path alone is not evidence of SQL reads/writes"
"clients/android/app-tv/src/main/kotlin/de/juloc/jularr/tv/TvDeviceCodecSupport.kt","Android:android/app-tv","ANDROID_CLIENT","SOURCE_PATH_INDEXED_NOT_PROVEN_DB_USAGE","PHASE_E_OWNER_MAPPING_PENDING","NOT_SCANNED_YET","Use Phase A semantic references index; file path alone is not evidence of SQL reads/writes"
"clients/android/app-tv/src/main/kotlin/de/juloc/jularr/tv/TvFocusMemory.kt","Android:android/app-tv","ANDROID_CLIENT","SOURCE_PATH_INDEXED_NOT_PROVEN_DB_USAGE","PHASE_E_OWNER_MAPPING_PENDING","NOT_SCANNED_YET","Use Phase A semantic references index; file path alone is not evidence of SQL reads/writes"
"clients/android/app-tv/src/main/kotlin/de/juloc/jularr/tv/TvFocusStyle.kt","Android:android/app-tv","ANDROID_CLIENT","SOURCE_PATH_INDEXED_NOT_PROVEN_DB_USAGE","PHASE_E_OWNER_MAPPING_PENDING","NOT_SCANNED_YET","Use Phase A semantic references index; file path alone is not evidence of SQL reads/writes"
"clients/android/app-tv/src/main/kotlin/de/juloc/jularr/tv/TvHomeScreen.kt","Android:android/app-tv","ANDROID_CLIENT","SOURCE_PATH_INDEXED_NOT_PROVEN_DB_USAGE","PHASE_E_OWNER_MAPPING_PENDING","NOT_SCANNED_YET","Use Phase A semantic references index; file path alone is not evidence of SQL reads/writes"
"clients/android/app-tv/src/main/kotlin/de/juloc/jularr/tv/TvMainActivity.kt","Android:android/app-tv","ANDROID_CLIENT","SOURCE_PATH_INDEXED_NOT_PROVEN_DB_USAGE","PHASE_E_OWNER_MAPPING_PENDING","NOT_SCANNED_YET","Use Phase A semantic references index; file path alone is not evidence of SQL reads/writes"
"clients/android/app-tv/src/main/kotlin/de/juloc/jularr/tv/TvMediaTrackSelector.kt","Android:android/app-tv","ANDROID_CLIENT","SOURCE_PATH_INDEXED_NOT_PROVEN_DB_USAGE","PHASE_E_OWNER_MAPPING_PENDING","NOT_SCANNED_YET","Use Phase A semantic references index; file path alone is not evidence of SQL reads/writes"
"clients/android/app-tv/src/main/kotlin/de/juloc/jularr/tv/TvNavigation.kt","Android:android/app-tv","ANDROID_CLIENT","SOURCE_PATH_INDEXED_NOT_PROVEN_DB_USAGE","PHASE_E_OWNER_MAPPING_PENDING","NOT_SCANNED_YET","Use Phase A semantic references index; file path alone is not evidence of SQL reads/writes"
"clients/android/app-tv/src/main/kotlin/de/juloc/jularr/tv/TvPlaybackPlanner.kt","Android:android/app-tv","ANDROID_CLIENT","SOURCE_PATH_INDEXED_NOT_PROVEN_DB_USAGE","PHASE_E_OWNER_MAPPING_PENDING","NOT_SCANNED_YET","Use Phase A semantic references index; file path alone is not evidence of SQL reads/writes"
"clients/android/app-tv/src/main/kotlin/de/juloc/jularr/tv/TvPlayerDesign.kt","Android:android/app-tv","ANDROID_CLIENT","SOURCE_PATH_INDEXED_NOT_PROVEN_DB_USAGE","PHASE_E_OWNER_MAPPING_PENDING","NOT_SCANNED_YET","Use Phase A semantic references index; file path alone is not evidence of SQL reads/writes"
"clients/android/app-tv/src/main/kotlin/de/juloc/jularr/tv/TvPlayerInteraction.kt","Android:android/app-tv","ANDROID_CLIENT","SOURCE_PATH_INDEXED_NOT_PROVEN_DB_USAGE","PHASE_E_OWNER_MAPPING_PENDING","NOT_SCANNED_YET","Use Phase A semantic references index; file path alone is not evidence of SQL reads/writes"
"clients/android/app-tv/src/main/kotlin/de/juloc/jularr/tv/TvPlayerScreen.kt","Android:android/app-tv","ANDROID_CLIENT","SOURCE_PATH_INDEXED_NOT_PROVEN_DB_USAGE","PHASE_E_OWNER_MAPPING_PENDING","NOT_SCANNED_YET","Use Phase A semantic references index; file path alone is not evidence of SQL reads/writes"
"clients/android/app-tv/src/main/kotlin/de/juloc/jularr/tv/TvProfileScreen.kt","Android:android/app-tv","ANDROID_CLIENT","SOURCE_PATH_INDEXED_NOT_PROVEN_DB_USAGE","PHASE_E_OWNER_MAPPING_PENDING","NOT_SCANNED_YET","Use Phase A semantic references index; file path alone is not evidence of SQL reads/writes"
"clients/android/app-tv/src/main/kotlin/de/juloc/jularr/tv/TvProfileSelectScreen.kt","Android:android/app-tv","ANDROID_CLIENT","SOURCE_PATH_INDEXED_NOT_PROVEN_DB_USAGE","PHASE_E_OWNER_MAPPING_PENDING","NOT_SCANNED_YET","Use Phase A semantic references index; file path alone is not evidence of SQL reads/writes"
"clients/android/app-tv/src/main/kotlin/de/juloc/jularr/tv/TvProgressPolicy.kt","Android:android/app-tv","ANDROID_CLIENT","SOURCE_PATH_INDEXED_NOT_PROVEN_DB_USAGE","PHASE_E_OWNER_MAPPING_PENDING","NOT_SCANNED_YET","Use Phase A semantic references index; file path alone is not evidence of SQL reads/writes"
"clients/android/app-tv/src/main/kotlin/de/juloc/jularr/tv/TvScreens.kt","Android:android/app-tv","ANDROID_CLIENT","SOURCE_PATH_INDEXED_NOT_PROVEN_DB_USAGE","PHASE_E_OWNER_MAPPING_PENDING","NOT_SCANNED_YET","Use Phase A semantic references index; file path alone is not evidence of SQL reads/writes"
"clients/android/app-tv/src/main/kotlin/de/juloc/jularr/tv/TvSearchFilter.kt","Android:android/app-tv","ANDROID_CLIENT","SOURCE_PATH_INDEXED_NOT_PROVEN_DB_USAGE","PHASE_E_OWNER_MAPPING_PENDING","NOT_SCANNED_YET","Use Phase A semantic references index; file path alone is not evidence of SQL reads/writes"
"clients/android/app-tv/src/main/kotlin/de/juloc/jularr/tv/TvSearchScreen.kt","Android:android/app-tv","ANDROID_CLIENT","SOURCE_PATH_INDEXED_NOT_PROVEN_DB_USAGE","PHASE_E_OWNER_MAPPING_PENDING","NOT_SCANNED_YET","Use Phase A semantic references index; file path alone is not evidence of SQL reads/writes"
"clients/android/app-tv/src/main/kotlin/de/juloc/jularr/tv/TvServerOrigin.kt","Android:android/app-tv","ANDROID_CLIENT","SOURCE_PATH_INDEXED_NOT_PROVEN_DB_USAGE","PHASE_E_OWNER_MAPPING_PENDING","NOT_SCANNED_YET","Use Phase A semantic references index; file path alone is not evidence of SQL reads/writes"
"clients/android/app-tv/src/main/kotlin/de/juloc/jularr/tv/TvServerSettings.kt","Android:android/app-tv","ANDROID_CLIENT","SOURCE_PATH_INDEXED_NOT_PROVEN_DB_USAGE","PHASE_E_OWNER_MAPPING_PENDING","NOT_SCANNED_YET","Use Phase A semantic references index; file path alone is not evidence of SQL reads/writes"
"clients/android/app-tv/src/main/kotlin/de/juloc/jularr/tv/TvSessionCookieStore.kt","Android:android/app-tv","ANDROID_CLIENT","SOURCE_PATH_INDEXED_NOT_PROVEN_DB_USAGE","PHASE_E_OWNER_MAPPING_PENDING","NOT_SCANNED_YET","Use Phase A semantic references index; file path alone is not evidence of SQL reads/writes"
"clients/android/app-tv/src/main/kotlin/de/juloc/jularr/tv/TvSessionStore.kt","Android:android/app-tv","ANDROID_CLIENT","SOURCE_PATH_INDEXED_NOT_PROVEN_DB_USAGE","PHASE_E_OWNER_MAPPING_PENDING","NOT_SCANNED_YET","Use Phase A semantic references index; file path alone is not evidence of SQL reads/writes"
"clients/android/app-tv/src/main/kotlin/de/juloc/jularr/tv/TvSharedComponents.kt","Android:android/app-tv","ANDROID_CLIENT","SOURCE_PATH_INDEXED_NOT_PROVEN_DB_USAGE","PHASE_E_OWNER_MAPPING_PENDING","NOT_SCANNED_YET","Use Phase A semantic references index; file path alone is not evidence of SQL reads/writes"
"clients/android/app-tv/src/main/kotlin/de/juloc/jularr/tv/TvSidebar.kt","Android:android/app-tv","ANDROID_CLIENT","SOURCE_PATH_INDEXED_NOT_PROVEN_DB_USAGE","PHASE_E_OWNER_MAPPING_PENDING","NOT_SCANNED_YET","Use Phase A semantic references index; file path alone is not evidence of SQL reads/writes"
"clients/android/app-tv/src/main/kotlin/de/juloc/jularr/tv/TvStorageRecoveryPolicy.kt","Android:android/app-tv","ANDROID_CLIENT","SOURCE_PATH_INDEXED_NOT_PROVEN_DB_USAGE","PHASE_E_OWNER_MAPPING_PENDING","NOT_SCANNED_YET","Use Phase A semantic references index; file path alone is not evidence of SQL reads/writes"
"clients/android/app-tv/src/main/kotlin/de/juloc/jularr/tv/TvStorageRecoveryScreen.kt","Android:android/app-tv","ANDROID_CLIENT","SOURCE_PATH_INDEXED_NOT_PROVEN_DB_USAGE","PHASE_E_OWNER_MAPPING_PENDING","NOT_SCANNED_YET","Use Phase A semantic references index; file path alone is not evidence of SQL reads/writes"
"clients/android/app-tv/src/main/kotlin/de/juloc/jularr/tv/TvUpdateScreen.kt","Android:android/app-tv","ANDROID_CLIENT","SOURCE_PATH_INDEXED_NOT_PROVEN_DB_USAGE","PHASE_E_OWNER_MAPPING_PENDING","NOT_SCANNED_YET","Use Phase A semantic references index; file path alone is not evidence of SQL reads/writes"
"clients/android/app-tv/src/main/kotlin/de/juloc/jularr/tv/TvWatchlistScreen.kt","Android:android/app-tv","ANDROID_CLIENT","SOURCE_PATH_INDEXED_NOT_PROVEN_DB_USAGE","PHASE_E_OWNER_MAPPING_PENDING","NOT_SCANNED_YET","Use Phase A semantic references index; file path alone is not evidence of SQL reads/writes"
"clients/android/app-tv/src/test/kotlin/de/juloc/jularr/tv/TvAppControllerTest.kt","Android:android/app-tv","ANDROID_CLIENT","SOURCE_PATH_INDEXED_NOT_PROVEN_DB_USAGE","PHASE_E_OWNER_MAPPING_PENDING","NOT_SCANNED_YET","Use Phase A semantic references index; file path alone is not evidence of SQL reads/writes"
"clients/android/app-tv/src/test/kotlin/de/juloc/jularr/tv/TvArtworkSourceTest.kt","Android:android/app-tv","ANDROID_CLIENT","SOURCE_PATH_INDEXED_NOT_PROVEN_DB_USAGE","PHASE_E_OWNER_MAPPING_PENDING","NOT_SCANNED_YET","Use Phase A semantic references index; file path alone is not evidence of SQL reads/writes"
"clients/android/app-tv/src/test/kotlin/de/juloc/jularr/tv/TvClientFlowTest.kt","Android:android/app-tv","ANDROID_CLIENT","SOURCE_PATH_INDEXED_NOT_PROVEN_DB_USAGE","PHASE_E_OWNER_MAPPING_PENDING","NOT_SCANNED_YET","Use Phase A semantic references index; file path alone is not evidence of SQL reads/writes"
"clients/android/app-tv/src/test/kotlin/de/juloc/jularr/tv/TvCueTimelineTest.kt","Android:android/app-tv","ANDROID_CLIENT","SOURCE_PATH_INDEXED_NOT_PROVEN_DB_USAGE","PHASE_E_OWNER_MAPPING_PENDING","NOT_SCANNED_YET","Use Phase A semantic references index; file path alone is not evidence of SQL reads/writes"
"clients/android/app-tv/src/test/kotlin/de/juloc/jularr/tv/TvDeviceCodecSupportTest.kt","Android:android/app-tv","ANDROID_CLIENT","SOURCE_PATH_INDEXED_NOT_PROVEN_DB_USAGE","PHASE_E_OWNER_MAPPING_PENDING","NOT_SCANNED_YET","Use Phase A semantic references index; file path alone is not evidence of SQL reads/writes"
"clients/android/app-tv/src/test/kotlin/de/juloc/jularr/tv/TvFocusMemoryTest.kt","Android:android/app-tv","ANDROID_CLIENT","SOURCE_PATH_INDEXED_NOT_PROVEN_DB_USAGE","PHASE_E_OWNER_MAPPING_PENDING","NOT_SCANNED_YET","Use Phase A semantic references index; file path alone is not evidence of SQL reads/writes"
"clients/android/app-tv/src/test/kotlin/de/juloc/jularr/tv/TvMediaTrackSelectorTest.kt","Android:android/app-tv","ANDROID_CLIENT","SOURCE_PATH_INDEXED_NOT_PROVEN_DB_USAGE","PHASE_E_OWNER_MAPPING_PENDING","NOT_SCANNED_YET","Use Phase A semantic references index; file path alone is not evidence of SQL reads/writes"
"clients/android/app-tv/src/test/kotlin/de/juloc/jularr/tv/TvNavigationTest.kt","Android:android/app-tv","ANDROID_CLIENT","SOURCE_PATH_INDEXED_NOT_PROVEN_DB_USAGE","PHASE_E_OWNER_MAPPING_PENDING","NOT_SCANNED_YET","Use Phase A semantic references index; file path alone is not evidence of SQL reads/writes"
"clients/android/app-tv/src/test/kotlin/de/juloc/jularr/tv/TvPlaybackPlannerTest.kt","Android:android/app-tv","ANDROID_CLIENT","SOURCE_PATH_INDEXED_NOT_PROVEN_DB_USAGE","PHASE_E_OWNER_MAPPING_PENDING","NOT_SCANNED_YET","Use Phase A semantic references index; file path alone is not evidence of SQL reads/writes"
"clients/android/app-tv/src/test/kotlin/de/juloc/jularr/tv/TvPlayerInteractionTest.kt","Android:android/app-tv","ANDROID_CLIENT","SOURCE_PATH_INDEXED_NOT_PROVEN_DB_USAGE","PHASE_E_OWNER_MAPPING_PENDING","NOT_SCANNED_YET","Use Phase A semantic references index; file path alone is not evidence of SQL reads/writes"
"clients/android/app-tv/src/test/kotlin/de/juloc/jularr/tv/TvProgressPolicyTest.kt","Android:android/app-tv","ANDROID_CLIENT","SOURCE_PATH_INDEXED_NOT_PROVEN_DB_USAGE","PHASE_E_OWNER_MAPPING_PENDING","NOT_SCANNED_YET","Use Phase A semantic references index; file path alone is not evidence of SQL reads/writes"
"clients/android/app-tv/src/test/kotlin/de/juloc/jularr/tv/TvSearchFilterTest.kt","Android:android/app-tv","ANDROID_CLIENT","SOURCE_PATH_INDEXED_NOT_PROVEN_DB_USAGE","PHASE_E_OWNER_MAPPING_PENDING","NOT_SCANNED_YET","Use Phase A semantic references index; file path alone is not evidence of SQL reads/writes"
"clients/android/app-tv/src/test/kotlin/de/juloc/jularr/tv/TvServerOriginTest.kt","Android:android/app-tv","ANDROID_CLIENT","SOURCE_PATH_INDEXED_NOT_PROVEN_DB_USAGE","PHASE_E_OWNER_MAPPING_PENDING","NOT_SCANNED_YET","Use Phase A semantic references index; file path alone is not evidence of SQL reads/writes"
"clients/android/app-tv/src/test/kotlin/de/juloc/jularr/tv/TvSessionCookieStoreTest.kt","Android:android/app-tv","ANDROID_CLIENT","SOURCE_PATH_INDEXED_NOT_PROVEN_DB_USAGE","PHASE_E_OWNER_MAPPING_PENDING","NOT_SCANNED_YET","Use Phase A semantic references index; file path alone is not evidence of SQL reads/writes"
"clients/android/app-tv/src/test/kotlin/de/juloc/jularr/tv/TvStorageRecoveryPolicyTest.kt","Android:android/app-tv","ANDROID_CLIENT","SOURCE_PATH_INDEXED_NOT_PROVEN_DB_USAGE","PHASE_E_OWNER_MAPPING_PENDING","NOT_SCANNED_YET","Use Phase A semantic references index; file path alone is not evidence of SQL reads/writes"
"clients/android/build.gradle.kts","Android:android/build.gradle.kts","ANDROID_CLIENT","SOURCE_PATH_INDEXED_NOT_PROVEN_DB_USAGE","PHASE_E_OWNER_MAPPING_PENDING","NOT_SCANNED_YET","Use Phase A semantic references index; file path alone is not evidence of SQL reads/writes"
"clients/android/core-api/build.gradle.kts","Android:android/core-api","ANDROID_CLIENT","SOURCE_PATH_INDEXED_NOT_PROVEN_DB_USAGE","PHASE_E_OWNER_MAPPING_PENDING","NOT_SCANNED_YET","Use Phase A semantic references index; file path alone is not evidence of SQL reads/writes"
"clients/android/core-api/src/main/kotlin/de/juloc/jularr/core/api/ClientApiRoutes.kt","Android:android/core-api","ANDROID_CLIENT","SOURCE_PATH_INDEXED_NOT_PROVEN_DB_USAGE","PHASE_E_OWNER_MAPPING_PENDING","NOT_SCANNED_YET","Use Phase A semantic references index; file path alone is not evidence of SQL reads/writes"
"clients/android/core-api/src/main/kotlin/de/juloc/jularr/core/api/HttpJularrClientApi.kt","Android:android/core-api","ANDROID_CLIENT","SOURCE_PATH_INDEXED_NOT_PROVEN_DB_USAGE","PHASE_E_OWNER_MAPPING_PENDING","NOT_SCANNED_YET","Use Phase A semantic references index; file path alone is not evidence of SQL reads/writes"
"clients/android/core-api/src/main/kotlin/de/juloc/jularr/core/api/JularrClientApi.kt","Android:android/core-api","ANDROID_CLIENT","SOURCE_PATH_INDEXED_NOT_PROVEN_DB_USAGE","PHASE_E_OWNER_MAPPING_PENDING","NOT_SCANNED_YET","Use Phase A semantic references index; file path alone is not evidence of SQL reads/writes"
"clients/android/core-api/src/main/kotlin/de/juloc/jularr/core/api/OfflineClientApi.kt","Android:android/core-api","ANDROID_CLIENT","SOURCE_PATH_INDEXED_NOT_PROVEN_DB_USAGE","PHASE_E_OWNER_MAPPING_PENDING","NOT_SCANNED_YET","Use Phase A semantic references index; file path alone is not evidence of SQL reads/writes"
"clients/android/core-api/src/main/kotlin/de/juloc/jularr/core/api/OfflineLibraryClientApi.kt","Android:android/core-api","ANDROID_CLIENT","SOURCE_PATH_INDEXED_NOT_PROVEN_DB_USAGE","PHASE_E_OWNER_MAPPING_PENDING","NOT_SCANNED_YET","Use Phase A semantic references index; file path alone is not evidence of SQL reads/writes"
"clients/android/core-api/src/main/kotlin/de/juloc/jularr/core/api/TvServerDiscoveryClient.kt","Android:android/core-api","ANDROID_CLIENT","SOURCE_PATH_INDEXED_NOT_PROVEN_DB_USAGE","PHASE_E_OWNER_MAPPING_PENDING","NOT_SCANNED_YET","Use Phase A semantic references index; file path alone is not evidence of SQL reads/writes"
"clients/android/core-api/src/test/kotlin/de/juloc/jularr/core/api/ClientApiCompatibilityTest.kt","Android:android/core-api","ANDROID_CLIENT","SOURCE_PATH_INDEXED_NOT_PROVEN_DB_USAGE","PHASE_E_OWNER_MAPPING_PENDING","NOT_SCANNED_YET","Use Phase A semantic references index; file path alone is not evidence of SQL reads/writes"
"clients/android/core-api/src/test/kotlin/de/juloc/jularr/core/api/HttpJularrClientApiTest.kt","Android:android/core-api","ANDROID_CLIENT","SOURCE_PATH_INDEXED_NOT_PROVEN_DB_USAGE","PHASE_E_OWNER_MAPPING_PENDING","NOT_SCANNED_YET","Use Phase A semantic references index; file path alone is not evidence of SQL reads/writes"
"clients/android/core-api/src/test/kotlin/de/juloc/jularr/core/api/OfflineDownloadJsonTest.kt","Android:android/core-api","ANDROID_CLIENT","SOURCE_PATH_INDEXED_NOT_PROVEN_DB_USAGE","PHASE_E_OWNER_MAPPING_PENDING","NOT_SCANNED_YET","Use Phase A semantic references index; file path alone is not evidence of SQL reads/writes"
"clients/android/core-api/src/test/kotlin/de/juloc/jularr/core/api/OfflineLibraryJsonTest.kt","Android:android/core-api","ANDROID_CLIENT","SOURCE_PATH_INDEXED_NOT_PROVEN_DB_USAGE","PHASE_E_OWNER_MAPPING_PENDING","NOT_SCANNED_YET","Use Phase A semantic references index; file path alone is not evidence of SQL reads/writes"
"clients/android/core-design/build.gradle.kts","Android:android/core-design","ANDROID_CLIENT","SOURCE_PATH_INDEXED_NOT_PROVEN_DB_USAGE","PHASE_E_OWNER_MAPPING_PENDING","NOT_SCANNED_YET","Use Phase A semantic references index; file path alone is not evidence of SQL reads/writes"
"clients/android/core-design/src/main/kotlin/de/juloc/jularr/core/design/PlayerDesignAssets.kt","Android:android/core-design","ANDROID_CLIENT","SOURCE_PATH_INDEXED_NOT_PROVEN_DB_USAGE","PHASE_E_OWNER_MAPPING_PENDING","NOT_SCANNED_YET","Use Phase A semantic references index; file path alone is not evidence of SQL reads/writes"
"clients/android/core-design/src/main/kotlin/de/juloc/jularr/core/design/PlayerDesignConfig.kt","Android:android/core-design","ANDROID_CLIENT","SOURCE_PATH_INDEXED_NOT_PROVEN_DB_USAGE","PHASE_E_OWNER_MAPPING_PENDING","NOT_SCANNED_YET","Use Phase A semantic references index; file path alone is not evidence of SQL reads/writes"
"clients/android/core-design/src/test/kotlin/de/juloc/jularr/core/design/PlayerSeekStepsTest.kt","Android:android/core-design","ANDROID_CLIENT","SOURCE_PATH_INDEXED_NOT_PROVEN_DB_USAGE","PHASE_E_OWNER_MAPPING_PENDING","NOT_SCANNED_YET","Use Phase A semantic references index; file path alone is not evidence of SQL reads/writes"
"clients/android/core-model/build.gradle.kts","Android:android/core-model","ANDROID_CLIENT","SOURCE_PATH_INDEXED_NOT_PROVEN_DB_USAGE","PHASE_E_OWNER_MAPPING_PENDING","NOT_SCANNED_YET","Use Phase A semantic references index; file path alone is not evidence of SQL reads/writes"
"clients/android/core-model/src/main/kotlin/de/juloc/jularr/core/model/ClientModels.kt","Android:android/core-model","ANDROID_CLIENT","SOURCE_PATH_INDEXED_NOT_PROVEN_DB_USAGE","PHASE_E_OWNER_MAPPING_PENDING","NOT_SCANNED_YET","Use Phase A semantic references index; file path alone is not evidence of SQL reads/writes"
"clients/android/core-model/src/main/kotlin/de/juloc/jularr/core/model/OfflineLibraryModels.kt","Android:android/core-model","ANDROID_CLIENT","SOURCE_PATH_INDEXED_NOT_PROVEN_DB_USAGE","PHASE_E_OWNER_MAPPING_PENDING","NOT_SCANNED_YET","Use Phase A semantic references index; file path alone is not evidence of SQL reads/writes"
"clients/android/core-model/src/main/kotlin/de/juloc/jularr/core/model/OfflineModels.kt","Android:android/core-model","ANDROID_CLIENT","SOURCE_PATH_INDEXED_NOT_PROVEN_DB_USAGE","PHASE_E_OWNER_MAPPING_PENDING","NOT_SCANNED_YET","Use Phase A semantic references index; file path alone is not evidence of SQL reads/writes"
"clients/android/core-player/build.gradle.kts","Android:android/core-player","ANDROID_CLIENT","SOURCE_PATH_INDEXED_NOT_PROVEN_DB_USAGE","PHASE_E_OWNER_MAPPING_PENDING","NOT_SCANNED_YET","Use Phase A semantic references index; file path alone is not evidence of SQL reads/writes"
"clients/android/core-player/src/main/kotlin/de/juloc/jularr/core/player/JularrMedia3Player.kt","Android:android/core-player","ANDROID_CLIENT","SOURCE_PATH_INDEXED_NOT_PROVEN_DB_USAGE","PHASE_E_OWNER_MAPPING_PENDING","NOT_SCANNED_YET","Use Phase A semantic references index; file path alone is not evidence of SQL reads/writes"
"clients/android/core-player/src/main/kotlin/de/juloc/jularr/core/player/PlaybackDecision.kt","Android:android/core-player","ANDROID_CLIENT","SOURCE_PATH_INDEXED_NOT_PROVEN_DB_USAGE","PHASE_E_OWNER_MAPPING_PENDING","NOT_SCANNED_YET","Use Phase A semantic references index; file path alone is not evidence of SQL reads/writes"
"clients/android/core-player/src/test/kotlin/de/juloc/jularr/core/player/JularrPlaybackMetadataTest.kt","Android:android/core-player","ANDROID_CLIENT","SOURCE_PATH_INDEXED_NOT_PROVEN_DB_USAGE","PHASE_E_OWNER_MAPPING_PENDING","NOT_SCANNED_YET","Use Phase A semantic references index; file path alone is not evidence of SQL reads/writes"
"clients/android/core-player/src/test/kotlin/de/juloc/jularr/core/player/PlaybackSelectorTest.kt","Android:android/core-player","ANDROID_CLIENT","SOURCE_PATH_INDEXED_NOT_PROVEN_DB_USAGE","PHASE_E_OWNER_MAPPING_PENDING","NOT_SCANNED_YET","Use Phase A semantic references index; file path alone is not evidence of SQL reads/writes"
"clients/android/core-session/build.gradle.kts","Android:android/core-session","ANDROID_CLIENT","SOURCE_PATH_INDEXED_NOT_PROVEN_DB_USAGE","PHASE_E_OWNER_MAPPING_PENDING","NOT_SCANNED_YET","Use Phase A semantic references index; file path alone is not evidence of SQL reads/writes"
"clients/android/core-session/src/main/kotlin/de/juloc/jularr/core/session/PlaybackSessionClient.kt","Android:android/core-session","ANDROID_CLIENT","SOURCE_PATH_INDEXED_NOT_PROVEN_DB_USAGE","PHASE_E_OWNER_MAPPING_PENDING","NOT_SCANNED_YET","Use Phase A semantic references index; file path alone is not evidence of SQL reads/writes"
"clients/android/core-session/src/main/kotlin/de/juloc/jularr/core/session/PlaybackSessionModels.kt","Android:android/core-session","ANDROID_CLIENT","SOURCE_PATH_INDEXED_NOT_PROVEN_DB_USAGE","PHASE_E_OWNER_MAPPING_PENDING","NOT_SCANNED_YET","Use Phase A semantic references index; file path alone is not evidence of SQL reads/writes"
"clients/android/core-tts-sherpa/build.gradle.kts","Android:android/core-tts-sherpa","ANDROID_CLIENT","SOURCE_PATH_INDEXED_NOT_PROVEN_DB_USAGE","PHASE_E_OWNER_MAPPING_PENDING","NOT_SCANNED_YET","Use Phase A semantic references index; file path alone is not evidence of SQL reads/writes"
"clients/android/core-tts-sherpa/src/main/kotlin/de/juloc/jularr/core/tts/sherpa/SherpaOnnxTtsProvider.kt","Android:android/core-tts-sherpa","ANDROID_CLIENT","SOURCE_PATH_INDEXED_NOT_PROVEN_DB_USAGE","PHASE_E_OWNER_MAPPING_PENDING","NOT_SCANNED_YET","Use Phase A semantic references index; file path alone is not evidence of SQL reads/writes"
"clients/android/core-tts/build.gradle.kts","Android:android/core-tts","ANDROID_CLIENT","SOURCE_PATH_INDEXED_NOT_PROVEN_DB_USAGE","PHASE_E_OWNER_MAPPING_PENDING","NOT_SCANNED_YET","Use Phase A semantic references index; file path alone is not evidence of SQL reads/writes"
"clients/android/core-tts/src/main/kotlin/de/juloc/jularr/core/tts/NeuralTtsProvider.kt","Android:android/core-tts","ANDROID_CLIENT","SOURCE_PATH_INDEXED_NOT_PROVEN_DB_USAGE","PHASE_E_OWNER_MAPPING_PENDING","NOT_SCANNED_YET","Use Phase A semantic references index; file path alone is not evidence of SQL reads/writes"
"clients/android/core-tts/src/main/kotlin/de/juloc/jularr/core/tts/SpeechAvailability.kt","Android:android/core-tts","ANDROID_CLIENT","SOURCE_PATH_INDEXED_NOT_PROVEN_DB_USAGE","PHASE_E_OWNER_MAPPING_PENDING","NOT_SCANNED_YET","Use Phase A semantic references index; file path alone is not evidence of SQL reads/writes"
"clients/android/core-tts/src/main/kotlin/de/juloc/jularr/core/tts/SpeechContract.kt","Android:android/core-tts","ANDROID_CLIENT","SOURCE_PATH_INDEXED_NOT_PROVEN_DB_USAGE","PHASE_E_OWNER_MAPPING_PENDING","NOT_SCANNED_YET","Use Phase A semantic references index; file path alone is not evidence of SQL reads/writes"
"clients/android/core-tts/src/main/kotlin/de/juloc/jularr/core/tts/SpeechPreferenceResolver.kt","Android:android/core-tts","ANDROID_CLIENT","SOURCE_PATH_INDEXED_NOT_PROVEN_DB_USAGE","PHASE_E_OWNER_MAPPING_PENDING","NOT_SCANNED_YET","Use Phase A semantic references index; file path alone is not evidence of SQL reads/writes"
"clients/android/core-tts/src/main/kotlin/de/juloc/jularr/core/tts/SystemTtsProvider.kt","Android:android/core-tts","ANDROID_CLIENT","SOURCE_PATH_INDEXED_NOT_PROVEN_DB_USAGE","PHASE_E_OWNER_MAPPING_PENDING","NOT_SCANNED_YET","Use Phase A semantic references index; file path alone is not evidence of SQL reads/writes"
"clients/android/core-tts/src/main/kotlin/de/juloc/jularr/core/tts/TtsProvider.kt","Android:android/core-tts","ANDROID_CLIENT","SOURCE_PATH_INDEXED_NOT_PROVEN_DB_USAGE","PHASE_E_OWNER_MAPPING_PENDING","NOT_SCANNED_YET","Use Phase A semantic references index; file path alone is not evidence of SQL reads/writes"
"clients/android/core-tts/src/main/kotlin/de/juloc/jularr/core/tts/TtsSession.kt","Android:android/core-tts","ANDROID_CLIENT","SOURCE_PATH_INDEXED_NOT_PROVEN_DB_USAGE","PHASE_E_OWNER_MAPPING_PENDING","NOT_SCANNED_YET","Use Phase A semantic references index; file path alone is not evidence of SQL reads/writes"
"clients/android/core-tts/src/main/kotlin/de/juloc/jularr/core/tts/model/SpeechModelManifest.kt","Android:android/core-tts","ANDROID_CLIENT","SOURCE_PATH_INDEXED_NOT_PROVEN_DB_USAGE","PHASE_E_OWNER_MAPPING_PENDING","NOT_SCANNED_YET","Use Phase A semantic references index; file path alone is not evidence of SQL reads/writes"
"clients/android/core-tts/src/main/kotlin/de/juloc/jularr/core/tts/model/TtsModelManager.kt","Android:android/core-tts","ANDROID_CLIENT","SOURCE_PATH_INDEXED_NOT_PROVEN_DB_USAGE","PHASE_E_OWNER_MAPPING_PENDING","NOT_SCANNED_YET","Use Phase A semantic references index; file path alone is not evidence of SQL reads/writes"
"clients/android/core-tts/src/test/kotlin/de/juloc/jularr/core/tts/SpeechAvailabilityResolverTest.kt","Android:android/core-tts","ANDROID_CLIENT","SOURCE_PATH_INDEXED_NOT_PROVEN_DB_USAGE","PHASE_E_OWNER_MAPPING_PENDING","NOT_SCANNED_YET","Use Phase A semantic references index; file path alone is not evidence of SQL reads/writes"
"clients/android/core-tts/src/test/kotlin/de/juloc/jularr/core/tts/SpeechPreferenceResolverTest.kt","Android:android/core-tts","ANDROID_CLIENT","SOURCE_PATH_INDEXED_NOT_PROVEN_DB_USAGE","PHASE_E_OWNER_MAPPING_PENDING","NOT_SCANNED_YET","Use Phase A semantic references index; file path alone is not evidence of SQL reads/writes"
"clients/android/core-tts/src/test/kotlin/de/juloc/jularr/core/tts/TtsSessionTest.kt","Android:android/core-tts","ANDROID_CLIENT","SOURCE_PATH_INDEXED_NOT_PROVEN_DB_USAGE","PHASE_E_OWNER_MAPPING_PENDING","NOT_SCANNED_YET","Use Phase A semantic references index; file path alone is not evidence of SQL reads/writes"
"clients/android/core-tts/src/test/kotlin/de/juloc/jularr/core/tts/model/SpeechModelManifestJsonTest.kt","Android:android/core-tts","ANDROID_CLIENT","SOURCE_PATH_INDEXED_NOT_PROVEN_DB_USAGE","PHASE_E_OWNER_MAPPING_PENDING","NOT_SCANNED_YET","Use Phase A semantic references index; file path alone is not evidence of SQL reads/writes"
"clients/android/core-tts/src/test/kotlin/de/juloc/jularr/core/tts/model/TtsModelManagerTest.kt","Android:android/core-tts","ANDROID_CLIENT","SOURCE_PATH_INDEXED_NOT_PROVEN_DB_USAGE","PHASE_E_OWNER_MAPPING_PENDING","NOT_SCANNED_YET","Use Phase A semantic references index; file path alone is not evidence of SQL reads/writes"
"clients/android/core-update/build.gradle.kts","Android:android/core-update","ANDROID_CLIENT","SOURCE_PATH_INDEXED_NOT_PROVEN_DB_USAGE","PHASE_E_OWNER_MAPPING_PENDING","NOT_SCANNED_YET","Use Phase A semantic references index; file path alone is not evidence of SQL reads/writes"
"clients/android/core-update/src/main/kotlin/de/juloc/jularr/core/update/AppVariant.kt","Android:android/core-update","ANDROID_CLIENT","SOURCE_PATH_INDEXED_NOT_PROVEN_DB_USAGE","PHASE_E_OWNER_MAPPING_PENDING","NOT_SCANNED_YET","Use Phase A semantic references index; file path alone is not evidence of SQL reads/writes"
"clients/android/core-update/src/main/kotlin/de/juloc/jularr/core/update/GitHubRelease.kt","Android:android/core-update","ANDROID_CLIENT","SOURCE_PATH_INDEXED_NOT_PROVEN_DB_USAGE","PHASE_E_OWNER_MAPPING_PENDING","NOT_SCANNED_YET","Use Phase A semantic references index; file path alone is not evidence of SQL reads/writes"
"clients/android/core-update/src/main/kotlin/de/juloc/jularr/core/update/GitHubReleasesApi.kt","Android:android/core-update","ANDROID_CLIENT","SOURCE_PATH_INDEXED_NOT_PROVEN_DB_USAGE","PHASE_E_OWNER_MAPPING_PENDING","NOT_SCANNED_YET","Use Phase A semantic references index; file path alone is not evidence of SQL reads/writes"
"clients/android/core-update/src/main/kotlin/de/juloc/jularr/core/update/SemVer.kt","Android:android/core-update","ANDROID_CLIENT","SOURCE_PATH_INDEXED_NOT_PROVEN_DB_USAGE","PHASE_E_OWNER_MAPPING_PENDING","NOT_SCANNED_YET","Use Phase A semantic references index; file path alone is not evidence of SQL reads/writes"
"clients/android/core-update/src/main/kotlin/de/juloc/jularr/core/update/Sha256.kt","Android:android/core-update","ANDROID_CLIENT","SOURCE_PATH_INDEXED_NOT_PROVEN_DB_USAGE","PHASE_E_OWNER_MAPPING_PENDING","NOT_SCANNED_YET","Use Phase A semantic references index; file path alone is not evidence of SQL reads/writes"
"clients/android/core-update/src/main/kotlin/de/juloc/jularr/core/update/UpdateAssetResolver.kt","Android:android/core-update","ANDROID_CLIENT","SOURCE_PATH_INDEXED_NOT_PROVEN_DB_USAGE","PHASE_E_OWNER_MAPPING_PENDING","NOT_SCANNED_YET","Use Phase A semantic references index; file path alone is not evidence of SQL reads/writes"
"clients/android/core-update/src/main/kotlin/de/juloc/jularr/core/update/UpdateCheckResult.kt","Android:android/core-update","ANDROID_CLIENT","SOURCE_PATH_INDEXED_NOT_PROVEN_DB_USAGE","PHASE_E_OWNER_MAPPING_PENDING","NOT_SCANNED_YET","Use Phase A semantic references index; file path alone is not evidence of SQL reads/writes"
"clients/android/core-update/src/main/kotlin/de/juloc/jularr/core/update/UpdateChecker.kt","Android:android/core-update","ANDROID_CLIENT","SOURCE_PATH_INDEXED_NOT_PROVEN_DB_USAGE","PHASE_E_OWNER_MAPPING_PENDING","NOT_SCANNED_YET","Use Phase A semantic references index; file path alone is not evidence of SQL reads/writes"
"clients/android/core-update/src/main/kotlin/de/juloc/jularr/core/update/UpdateDownloader.kt","Android:android/core-update","ANDROID_CLIENT","SOURCE_PATH_INDEXED_NOT_PROVEN_DB_USAGE","PHASE_E_OWNER_MAPPING_PENDING","NOT_SCANNED_YET","Use Phase A semantic references index; file path alone is not evidence of SQL reads/writes"
"clients/android/core-update/src/main/kotlin/de/juloc/jularr/core/update/UpdateInstall.kt","Android:android/core-update","ANDROID_CLIENT","SOURCE_PATH_INDEXED_NOT_PROVEN_DB_USAGE","PHASE_E_OWNER_MAPPING_PENDING","NOT_SCANNED_YET","Use Phase A semantic references index; file path alone is not evidence of SQL reads/writes"
"clients/android/core-update/src/main/kotlin/de/juloc/jularr/core/update/UpdateManager.kt","Android:android/core-update","ANDROID_CLIENT","SOURCE_PATH_INDEXED_NOT_PROVEN_DB_USAGE","PHASE_E_OWNER_MAPPING_PENDING","NOT_SCANNED_YET","Use Phase A semantic references index; file path alone is not evidence of SQL reads/writes"
"clients/android/core-update/src/main/kotlin/de/juloc/jularr/core/update/UpdatePreferences.kt","Android:android/core-update","ANDROID_CLIENT","SOURCE_PATH_INDEXED_NOT_PROVEN_DB_USAGE","PHASE_E_OWNER_MAPPING_PENDING","NOT_SCANNED_YET","Use Phase A semantic references index; file path alone is not evidence of SQL reads/writes"
"clients/android/core-update/src/test/kotlin/de/juloc/jularr/core/update/GitHubUpdateCheckerTest.kt","Android:android/core-update","ANDROID_CLIENT","SOURCE_PATH_INDEXED_NOT_PROVEN_DB_USAGE","PHASE_E_OWNER_MAPPING_PENDING","NOT_SCANNED_YET","Use Phase A semantic references index; file path alone is not evidence of SQL reads/writes"
"clients/android/core-update/src/test/kotlin/de/juloc/jularr/core/update/SemVerTest.kt","Android:android/core-update","ANDROID_CLIENT","SOURCE_PATH_INDEXED_NOT_PROVEN_DB_USAGE","PHASE_E_OWNER_MAPPING_PENDING","NOT_SCANNED_YET","Use Phase A semantic references index; file path alone is not evidence of SQL reads/writes"
"clients/android/core-update/src/test/kotlin/de/juloc/jularr/core/update/Sha256Test.kt","Android:android/core-update","ANDROID_CLIENT","SOURCE_PATH_INDEXED_NOT_PROVEN_DB_USAGE","PHASE_E_OWNER_MAPPING_PENDING","NOT_SCANNED_YET","Use Phase A semantic references index; file path alone is not evidence of SQL reads/writes"
"clients/android/core-update/src/test/kotlin/de/juloc/jularr/core/update/UpdateAssetResolverTest.kt","Android:android/core-update","ANDROID_CLIENT","SOURCE_PATH_INDEXED_NOT_PROVEN_DB_USAGE","PHASE_E_OWNER_MAPPING_PENDING","NOT_SCANNED_YET","Use Phase A semantic references index; file path alone is not evidence of SQL reads/writes"
"clients/android/core-update/src/test/kotlin/de/juloc/jularr/core/update/UpdateManagerTest.kt","Android:android/core-update","ANDROID_CLIENT","SOURCE_PATH_INDEXED_NOT_PROVEN_DB_USAGE","PHASE_E_OWNER_MAPPING_PENDING","NOT_SCANNED_YET","Use Phase A semantic references index; file path alone is not evidence of SQL reads/writes"
"clients/android/settings.gradle.kts","Android:android/settings.gradle.kts","ANDROID_CLIENT","SOURCE_PATH_INDEXED_NOT_PROVEN_DB_USAGE","PHASE_E_OWNER_MAPPING_PENDING","NOT_SCANNED_YET","Use Phase A semantic references index; file path alone is not evidence of SQL reads/writes"
"src/Jularr.Web/Data/AppDbContext.cs","Data infra","DB_ACCESS_CANDIDATE","SOURCE_PATH_INDEXED_NOT_PROVEN_DB_USAGE","PHASE_E_OWNER_MAPPING_PENDING","NOT_SCANNED_YET","Use Phase A semantic references index; file path alone is not evidence of SQL reads/writes"
"src/Jularr.Web/Data/AppDbContextDesignTimeFactory.cs","Data infra","DB_ACCESS_CANDIDATE","SOURCE_PATH_INDEXED_NOT_PROVEN_DB_USAGE","PHASE_E_OWNER_MAPPING_PENDING","NOT_SCANNED_YET","Use Phase A semantic references index; file path alone is not evidence of SQL reads/writes"
"src/Jularr.Web/Data/DatabaseMigrationBridge.cs","Data infra","DB_ACCESS_CANDIDATE","SOURCE_PATH_INDEXED_NOT_PROVEN_DB_USAGE","PHASE_E_OWNER_MAPPING_PENDING","NOT_SCANNED_YET","Use Phase A semantic references index; file path alone is not evidence of SQL reads/writes"
"src/Jularr.Web/Data/DatabaseTransactions.cs","Data infra","OTHER_SOURCE","SOURCE_PATH_INDEXED_NOT_PROVEN_DB_USAGE","PHASE_E_OWNER_MAPPING_PENDING","NOT_SCANNED_YET","Use Phase A semantic references index; file path alone is not evidence of SQL reads/writes"
"src/Jularr.Web/Data/Migrations/20260929013145_Epoch4PostgresBaseline.Designer.cs","EF migrations","EF_MIGRATION","MIGRATION_REPORT_SEPARATE","PHASE_E_OWNER_MAPPING_PENDING","NOT_SCANNED_YET","Use Phase A semantic references index; file path alone is not evidence of SQL reads/writes"
"src/Jularr.Web/Data/Migrations/20260929013145_Epoch4PostgresBaseline.cs","EF migrations","EF_MIGRATION","MIGRATION_REPORT_SEPARATE","PHASE_E_OWNER_MAPPING_PENDING","NOT_SCANNED_YET","Use Phase A semantic references index; file path alone is not evidence of SQL reads/writes"
"src/Jularr.Web/Data/Migrations/20260929041524_MediaCoreFoundation.Designer.cs","EF migrations","EF_MIGRATION","MIGRATION_REPORT_SEPARATE","PHASE_E_OWNER_MAPPING_PENDING","NOT_SCANNED_YET","Use Phase A semantic references index; file path alone is not evidence of SQL reads/writes"
"src/Jularr.Web/Data/Migrations/20260929041524_MediaCoreFoundation.cs","EF migrations","EF_MIGRATION","MIGRATION_REPORT_SEPARATE","PHASE_E_OWNER_MAPPING_PENDING","NOT_SCANNED_YET","Use Phase A semantic references index; file path alone is not evidence of SQL reads/writes"
"src/Jularr.Web/Data/Migrations/20260929092936_WorkIdentityChanges.Designer.cs","EF migrations","EF_MIGRATION","MIGRATION_REPORT_SEPARATE","PHASE_E_OWNER_MAPPING_PENDING","NOT_SCANNED_YET","Use Phase A semantic references index; file path alone is not evidence of SQL reads/writes"
"src/Jularr.Web/Data/Migrations/20260929092936_WorkIdentityChanges.cs","EF migrations","EF_MIGRATION","MIGRATION_REPORT_SEPARATE","PHASE_E_OWNER_MAPPING_PENDING","NOT_SCANNED_YET","Use Phase A semantic references index; file path alone is not evidence of SQL reads/writes"
"src/Jularr.Web/Data/Migrations/20260929115624_MovieTvFoundation.Designer.cs","EF migrations","EF_MIGRATION","MIGRATION_REPORT_SEPARATE","PHASE_E_OWNER_MAPPING_PENDING","NOT_SCANNED_YET","Use Phase A semantic references index; file path alone is not evidence of SQL reads/writes"
"src/Jularr.Web/Data/Migrations/20260929115624_MovieTvFoundation.cs","EF migrations","EF_MIGRATION","MIGRATION_REPORT_SEPARATE","PHASE_E_OWNER_MAPPING_PENDING","NOT_SCANNED_YET","Use Phase A semantic references index; file path alone is not evidence of SQL reads/writes"
"src/Jularr.Web/Data/Migrations/20260929124445_LearningV3CurriculumFoundation.Designer.cs","EF migrations","EF_MIGRATION","MIGRATION_REPORT_SEPARATE","PHASE_E_OWNER_MAPPING_PENDING","NOT_SCANNED_YET","Use Phase A semantic references index; file path alone is not evidence of SQL reads/writes"
"src/Jularr.Web/Data/Migrations/20260929124445_LearningV3CurriculumFoundation.cs","EF migrations","EF_MIGRATION","MIGRATION_REPORT_SEPARATE","PHASE_E_OWNER_MAPPING_PENDING","NOT_SCANNED_YET","Use Phase A semantic references index; file path alone is not evidence of SQL reads/writes"
"src/Jularr.Web/Data/Migrations/20260929150053_AudiobookFoundation.Designer.cs","EF migrations","EF_MIGRATION","MIGRATION_REPORT_SEPARATE","PHASE_E_OWNER_MAPPING_PENDING","NOT_SCANNED_YET","Use Phase A semantic references index; file path alone is not evidence of SQL reads/writes"
"src/Jularr.Web/Data/Migrations/20260929150053_AudiobookFoundation.cs","EF migrations","EF_MIGRATION","MIGRATION_REPORT_SEPARATE","PHASE_E_OWNER_MAPPING_PENDING","NOT_SCANNED_YET","Use Phase A semantic references index; file path alone is not evidence of SQL reads/writes"
"src/Jularr.Web/Data/Migrations/20260929171337_CollectionsFoundation.Designer.cs","EF migrations","EF_MIGRATION","MIGRATION_REPORT_SEPARATE","PHASE_E_OWNER_MAPPING_PENDING","NOT_SCANNED_YET","Use Phase A semantic references index; file path alone is not evidence of SQL reads/writes"
"src/Jularr.Web/Data/Migrations/20260929171337_CollectionsFoundation.cs","EF migrations","EF_MIGRATION","MIGRATION_REPORT_SEPARATE","PHASE_E_OWNER_MAPPING_PENDING","NOT_SCANNED_YET","Use Phase A semantic references index; file path alone is not evidence of SQL reads/writes"
"src/Jularr.Web/Data/Migrations/20260930111106_OperationActorAndHistoryIndex.Designer.cs","EF migrations","EF_MIGRATION","MIGRATION_REPORT_SEPARATE","PHASE_E_OWNER_MAPPING_PENDING","NOT_SCANNED_YET","Use Phase A semantic references index; file path alone is not evidence of SQL reads/writes"
"src/Jularr.Web/Data/Migrations/20260930111106_OperationActorAndHistoryIndex.cs","EF migrations","EF_MIGRATION","MIGRATION_REPORT_SEPARATE","PHASE_E_OWNER_MAPPING_PENDING","NOT_SCANNED_YET","Use Phase A semantic references index; file path alone is not evidence of SQL reads/writes"
"src/Jularr.Web/Data/Migrations/20260930163000_AddOperationPriority.Designer.cs","EF migrations","EF_MIGRATION","MIGRATION_REPORT_SEPARATE","PHASE_E_OWNER_MAPPING_PENDING","NOT_SCANNED_YET","Use Phase A semantic references index; file path alone is not evidence of SQL reads/writes"
"src/Jularr.Web/Data/Migrations/20260930163000_AddOperationPriority.cs","EF migrations","EF_MIGRATION","MIGRATION_REPORT_SEPARATE","PHASE_E_OWNER_MAPPING_PENDING","NOT_SCANNED_YET","Use Phase A semantic references index; file path alone is not evidence of SQL reads/writes"
"src/Jularr.Web/Data/Migrations/20261002062139_AddLibraryReconciliationPlans.Designer.cs","EF migrations","EF_MIGRATION","MIGRATION_REPORT_SEPARATE","PHASE_E_OWNER_MAPPING_PENDING","NOT_SCANNED_YET","Use Phase A semantic references index; file path alone is not evidence of SQL reads/writes"
"src/Jularr.Web/Data/Migrations/20261002062139_AddLibraryReconciliationPlans.cs","EF migrations","EF_MIGRATION","MIGRATION_REPORT_SEPARATE","PHASE_E_OWNER_MAPPING_PENDING","NOT_SCANNED_YET","Use Phase A semantic references index; file path alone is not evidence of SQL reads/writes"
"src/Jularr.Web/Data/Migrations/20261002080402_AddExplicitlyIgnoredReconciliationItems.Designer.cs","EF migrations","EF_MIGRATION","MIGRATION_REPORT_SEPARATE","PHASE_E_OWNER_MAPPING_PENDING","NOT_SCANNED_YET","Use Phase A semantic references index; file path alone is not evidence of SQL reads/writes"
"src/Jularr.Web/Data/Migrations/20261002080402_AddExplicitlyIgnoredReconciliationItems.cs","EF migrations","EF_MIGRATION","MIGRATION_REPORT_SEPARATE","PHASE_E_OWNER_MAPPING_PENDING","NOT_SCANNED_YET","Use Phase A semantic references index; file path alone is not evidence of SQL reads/writes"
"src/Jularr.Web/Data/Migrations/20261002090725_AddReconciliationEpisodeAssignments.Designer.cs","EF migrations","EF_MIGRATION","MIGRATION_REPORT_SEPARATE","PHASE_E_OWNER_MAPPING_PENDING","NOT_SCANNED_YET","Use Phase A semantic references index; file path alone is not evidence of SQL reads/writes"
"src/Jularr.Web/Data/Migrations/20261002090725_AddReconciliationEpisodeAssignments.cs","EF migrations","EF_MIGRATION","MIGRATION_REPORT_SEPARATE","PHASE_E_OWNER_MAPPING_PENDING","NOT_SCANNED_YET","Use Phase A semantic references index; file path alone is not evidence of SQL reads/writes"
"src/Jularr.Web/Data/Migrations/20261002100802_AddReconciliationVolumeAssignments.Designer.cs","EF migrations","EF_MIGRATION","MIGRATION_REPORT_SEPARATE","PHASE_E_OWNER_MAPPING_PENDING","NOT_SCANNED_YET","Use Phase A semantic references index; file path alone is not evidence of SQL reads/writes"
"src/Jularr.Web/Data/Migrations/20261002100802_AddReconciliationVolumeAssignments.cs","EF migrations","EF_MIGRATION","MIGRATION_REPORT_SEPARATE","PHASE_E_OWNER_MAPPING_PENDING","NOT_SCANNED_YET","Use Phase A semantic references index; file path alone is not evidence of SQL reads/writes"
"src/Jularr.Web/Data/Migrations/20261002110504_AddReconciliationChapterAssignments.Designer.cs","EF migrations","EF_MIGRATION","MIGRATION_REPORT_SEPARATE","PHASE_E_OWNER_MAPPING_PENDING","NOT_SCANNED_YET","Use Phase A semantic references index; file path alone is not evidence of SQL reads/writes"
"src/Jularr.Web/Data/Migrations/20261002110504_AddReconciliationChapterAssignments.cs","EF migrations","EF_MIGRATION","MIGRATION_REPORT_SEPARATE","PHASE_E_OWNER_MAPPING_PENDING","NOT_SCANNED_YET","Use Phase A semantic references index; file path alone is not evidence of SQL reads/writes"
"src/Jularr.Web/Data/Migrations/20261002110834_AddReconciliationOrganizationMode.Designer.cs","EF migrations","EF_MIGRATION","MIGRATION_REPORT_SEPARATE","PHASE_E_OWNER_MAPPING_PENDING","NOT_SCANNED_YET","Use Phase A semantic references index; file path alone is not evidence of SQL reads/writes"
"src/Jularr.Web/Data/Migrations/20261002110834_AddReconciliationOrganizationMode.cs","EF migrations","EF_MIGRATION","MIGRATION_REPORT_SEPARATE","PHASE_E_OWNER_MAPPING_PENDING","NOT_SCANNED_YET","Use Phase A semantic references index; file path alone is not evidence of SQL reads/writes"
"src/Jularr.Web/Data/Migrations/20261002112130_AddReconciliationFileLinks.Designer.cs","EF migrations","EF_MIGRATION","MIGRATION_REPORT_SEPARATE","PHASE_E_OWNER_MAPPING_PENDING","NOT_SCANNED_YET","Use Phase A semantic references index; file path alone is not evidence of SQL reads/writes"
"src/Jularr.Web/Data/Migrations/20261002112130_AddReconciliationFileLinks.cs","EF migrations","EF_MIGRATION","MIGRATION_REPORT_SEPARATE","PHASE_E_OWNER_MAPPING_PENDING","NOT_SCANNED_YET","Use Phase A semantic references index; file path alone is not evidence of SQL reads/writes"
"src/Jularr.Web/Data/Migrations/20261002113129_AddReconciliationLogicalGroups.Designer.cs","EF migrations","EF_MIGRATION","MIGRATION_REPORT_SEPARATE","PHASE_E_OWNER_MAPPING_PENDING","NOT_SCANNED_YET","Use Phase A semantic references index; file path alone is not evidence of SQL reads/writes"
"src/Jularr.Web/Data/Migrations/20261002113129_AddReconciliationLogicalGroups.cs","EF migrations","EF_MIGRATION","MIGRATION_REPORT_SEPARATE","PHASE_E_OWNER_MAPPING_PENDING","NOT_SCANNED_YET","Use Phase A semantic references index; file path alone is not evidence of SQL reads/writes"
"src/Jularr.Web/Data/Migrations/20261002113620_AddReconciliationReleaseMetadata.Designer.cs","EF migrations","EF_MIGRATION","MIGRATION_REPORT_SEPARATE","PHASE_E_OWNER_MAPPING_PENDING","NOT_SCANNED_YET","Use Phase A semantic references index; file path alone is not evidence of SQL reads/writes"
"src/Jularr.Web/Data/Migrations/20261002113620_AddReconciliationReleaseMetadata.cs","EF migrations","EF_MIGRATION","MIGRATION_REPORT_SEPARATE","PHASE_E_OWNER_MAPPING_PENDING","NOT_SCANNED_YET","Use Phase A semantic references index; file path alone is not evidence of SQL reads/writes"
"src/Jularr.Web/Data/Migrations/20261002114518_AddReconciliationObservedFileState.Designer.cs","EF migrations","EF_MIGRATION","MIGRATION_REPORT_SEPARATE","PHASE_E_OWNER_MAPPING_PENDING","NOT_SCANNED_YET","Use Phase A semantic references index; file path alone is not evidence of SQL reads/writes"
"src/Jularr.Web/Data/Migrations/20261002114518_AddReconciliationObservedFileState.cs","EF migrations","EF_MIGRATION","MIGRATION_REPORT_SEPARATE","PHASE_E_OWNER_MAPPING_PENDING","NOT_SCANNED_YET","Use Phase A semantic references index; file path alone is not evidence of SQL reads/writes"
"src/Jularr.Web/Data/Migrations/20261002153437_AddReconciliationExecutionOperation.Designer.cs","EF migrations","EF_MIGRATION","MIGRATION_REPORT_SEPARATE","PHASE_E_OWNER_MAPPING_PENDING","NOT_SCANNED_YET","Use Phase A semantic references index; file path alone is not evidence of SQL reads/writes"
"src/Jularr.Web/Data/Migrations/20261002153437_AddReconciliationExecutionOperation.cs","EF migrations","EF_MIGRATION","MIGRATION_REPORT_SEPARATE","PHASE_E_OWNER_MAPPING_PENDING","NOT_SCANNED_YET","Use Phase A semantic references index; file path alone is not evidence of SQL reads/writes"
"src/Jularr.Web/Data/Migrations/20261002153945_AddReconciliationFilenameEvidenceOption.Designer.cs","EF migrations","EF_MIGRATION","MIGRATION_REPORT_SEPARATE","PHASE_E_OWNER_MAPPING_PENDING","NOT_SCANNED_YET","Use Phase A semantic references index; file path alone is not evidence of SQL reads/writes"
"src/Jularr.Web/Data/Migrations/20261002153945_AddReconciliationFilenameEvidenceOption.cs","EF migrations","EF_MIGRATION","MIGRATION_REPORT_SEPARATE","PHASE_E_OWNER_MAPPING_PENDING","NOT_SCANNED_YET","Use Phase A semantic references index; file path alone is not evidence of SQL reads/writes"
"src/Jularr.Web/Data/Migrations/20261003041810_AddReconciliationSourceFolderCleanup.Designer.cs","EF migrations","EF_MIGRATION","MIGRATION_REPORT_SEPARATE","PHASE_E_OWNER_MAPPING_PENDING","NOT_SCANNED_YET","Use Phase A semantic references index; file path alone is not evidence of SQL reads/writes"
"src/Jularr.Web/Data/Migrations/20261003041810_AddReconciliationSourceFolderCleanup.cs","EF migrations","EF_MIGRATION","MIGRATION_REPORT_SEPARATE","PHASE_E_OWNER_MAPPING_PENDING","NOT_SCANNED_YET","Use Phase A semantic references index; file path alone is not evidence of SQL reads/writes"
"src/Jularr.Web/Data/Migrations/20261003175500_GamesFoundation.Designer.cs","EF migrations","EF_MIGRATION","MIGRATION_REPORT_SEPARATE","PHASE_E_OWNER_MAPPING_PENDING","NOT_SCANNED_YET","Use Phase A semantic references index; file path alone is not evidence of SQL reads/writes"
"src/Jularr.Web/Data/Migrations/20261003175500_GamesFoundation.cs","EF migrations","EF_MIGRATION","MIGRATION_REPORT_SEPARATE","PHASE_E_OWNER_MAPPING_PENDING","NOT_SCANNED_YET","Use Phase A semantic references index; file path alone is not evidence of SQL reads/writes"
"src/Jularr.Web/Data/Migrations/20261003190000_CanonicalVideoStorage.cs","EF migrations","EF_MIGRATION","MIGRATION_REPORT_SEPARATE","PHASE_E_OWNER_MAPPING_PENDING","NOT_SCANNED_YET","Use Phase A semantic references index; file path alone is not evidence of SQL reads/writes"
"src/Jularr.Web/Data/Migrations/20261004060000_CanonicalVideoProgress.cs","EF migrations","EF_MIGRATION","MIGRATION_REPORT_SEPARATE","PHASE_E_OWNER_MAPPING_PENDING","NOT_SCANNED_YET","Use Phase A semantic references index; file path alone is not evidence of SQL reads/writes"
"src/Jularr.Web/Data/Migrations/20261004152000_ReaderImagePreferences.cs","EF migrations","EF_MIGRATION","MIGRATION_REPORT_SEPARATE","PHASE_E_OWNER_MAPPING_PENDING","NOT_SCANNED_YET","Use Phase A semantic references index; file path alone is not evidence of SQL reads/writes"
"src/Jularr.Web/Data/Migrations/20261004153500_ReaderPreferenceScopeIdentity.cs","EF migrations","EF_MIGRATION","MIGRATION_REPORT_SEPARATE","PHASE_E_OWNER_MAPPING_PENDING","NOT_SCANNED_YET","Use Phase A semantic references index; file path alone is not evidence of SQL reads/writes"
"src/Jularr.Web/Data/Migrations/20261004154500_CanonicalMangaReaderPreferenceScopes.cs","EF migrations","EF_MIGRATION","MIGRATION_REPORT_SEPARATE","PHASE_E_OWNER_MAPPING_PENDING","NOT_SCANNED_YET","Use Phase A semantic references index; file path alone is not evidence of SQL reads/writes"
"src/Jularr.Web/Data/Migrations/20261004202500_LibraryRootContentRouting.cs","EF migrations","EF_MIGRATION","MIGRATION_REPORT_SEPARATE","PHASE_E_OWNER_MAPPING_PENDING","NOT_SCANNED_YET","Use Phase A semantic references index; file path alone is not evidence of SQL reads/writes"
"src/Jularr.Web/Data/Migrations/20261006002056_AddWorkMetadataAndArtwork.cs","EF migrations","EF_MIGRATION","MIGRATION_REPORT_SEPARATE","PHASE_E_OWNER_MAPPING_PENDING","NOT_SCANNED_YET","Use Phase A semantic references index; file path alone is not evidence of SQL reads/writes"
"src/Jularr.Web/Data/Migrations/20261007090000_ProfileAdminShortcutPreference.cs","EF migrations","EF_MIGRATION","MIGRATION_REPORT_SEPARATE","PHASE_E_OWNER_MAPPING_PENDING","NOT_SCANNED_YET","Use Phase A semantic references index; file path alone is not evidence of SQL reads/writes"
"src/Jularr.Web/Data/Migrations/20261007120000_MusicFoundation.Designer.cs","EF migrations","EF_MIGRATION","MIGRATION_REPORT_SEPARATE","PHASE_E_OWNER_MAPPING_PENDING","NOT_SCANNED_YET","Use Phase A semantic references index; file path alone is not evidence of SQL reads/writes"
"src/Jularr.Web/Data/Migrations/20261007120000_MusicFoundation.cs","EF migrations","EF_MIGRATION","MIGRATION_REPORT_SEPARATE","PHASE_E_OWNER_MAPPING_PENDING","NOT_SCANNED_YET","Use Phase A semantic references index; file path alone is not evidence of SQL reads/writes"
"src/Jularr.Web/Data/Migrations/20261007121000_MusicArtistAddedBy.Designer.cs","EF migrations","EF_MIGRATION","MIGRATION_REPORT_SEPARATE","PHASE_E_OWNER_MAPPING_PENDING","NOT_SCANNED_YET","Use Phase A semantic references index; file path alone is not evidence of SQL reads/writes"
"src/Jularr.Web/Data/Migrations/20261007121000_MusicArtistAddedBy.cs","EF migrations","EF_MIGRATION","MIGRATION_REPORT_SEPARATE","PHASE_E_OWNER_MAPPING_PENDING","NOT_SCANNED_YET","Use Phase A semantic references index; file path alone is not evidence of SQL reads/writes"
"src/Jularr.Web/Data/Migrations/20261007122000_MusicAcquisitionKind.cs","EF migrations","EF_MIGRATION","MIGRATION_REPORT_SEPARATE","PHASE_E_OWNER_MAPPING_PENDING","NOT_SCANNED_YET","Use Phase A semantic references index; file path alone is not evidence of SQL reads/writes"
"src/Jularr.Web/Data/Migrations/20261007130000_InstanceBranding.cs","EF migrations","EF_MIGRATION","MIGRATION_REPORT_SEPARATE","PHASE_E_OWNER_MAPPING_PENDING","NOT_SCANNED_YET","Use Phase A semantic references index; file path alone is not evidence of SQL reads/writes"
"src/Jularr.Web/Data/Migrations/20261007140000_InstanceBrandingLogoRecolour.cs","EF migrations","EF_MIGRATION","MIGRATION_REPORT_SEPARATE","PHASE_E_OWNER_MAPPING_PENDING","NOT_SCANNED_YET","Use Phase A semantic references index; file path alone is not evidence of SQL reads/writes"
"src/Jularr.Web/Data/Migrations/20261008090000_HomeLayoutPreferences.cs","EF migrations","EF_MIGRATION","MIGRATION_REPORT_SEPARATE","PHASE_E_OWNER_MAPPING_PENDING","NOT_SCANNED_YET","Use Phase A semantic references index; file path alone is not evidence of SQL reads/writes"
"src/Jularr.Web/Data/Migrations/20261008110000_AcquisitionRequestWorkBinding.cs","EF migrations","EF_MIGRATION","MIGRATION_REPORT_SEPARATE","PHASE_E_OWNER_MAPPING_PENDING","NOT_SCANNED_YET","Use Phase A semantic references index; file path alone is not evidence of SQL reads/writes"
"src/Jularr.Web/Data/Migrations/20261008130000_DiscoverySnapshots.cs","EF migrations","EF_MIGRATION","MIGRATION_REPORT_SEPARATE","PHASE_E_OWNER_MAPPING_PENDING","NOT_SCANNED_YET","Use Phase A semantic references index; file path alone is not evidence of SQL reads/writes"
"src/Jularr.Web/Data/Migrations/20261008140000_CanonicalMonitoring.cs","EF migrations","EF_MIGRATION","MIGRATION_REPORT_SEPARATE","PHASE_E_OWNER_MAPPING_PENDING","NOT_SCANNED_YET","Use Phase A semantic references index; file path alone is not evidence of SQL reads/writes"
"src/Jularr.Web/Data/Migrations/20261008162431_DropMusicMonitoringColumns.Designer.cs","EF migrations","EF_MIGRATION","MIGRATION_REPORT_SEPARATE","PHASE_E_OWNER_MAPPING_PENDING","NOT_SCANNED_YET","Use Phase A semantic references index; file path alone is not evidence of SQL reads/writes"
"src/Jularr.Web/Data/Migrations/20261008162431_DropMusicMonitoringColumns.cs","EF migrations","EF_MIGRATION","MIGRATION_REPORT_SEPARATE","PHASE_E_OWNER_MAPPING_PENDING","NOT_SCANNED_YET","Use Phase A semantic references index; file path alone is not evidence of SQL reads/writes"
"src/Jularr.Web/Data/Migrations/20261008182603_WantedItems.Designer.cs","EF migrations","EF_MIGRATION","MIGRATION_REPORT_SEPARATE","PHASE_E_OWNER_MAPPING_PENDING","NOT_SCANNED_YET","Use Phase A semantic references index; file path alone is not evidence of SQL reads/writes"
"src/Jularr.Web/Data/Migrations/20261008182603_WantedItems.cs","EF migrations","EF_MIGRATION","MIGRATION_REPORT_SEPARATE","PHASE_E_OWNER_MAPPING_PENDING","NOT_SCANNED_YET","Use Phase A semantic references index; file path alone is not evidence of SQL reads/writes"
"src/Jularr.Web/Data/Migrations/20261008190000_RequestTargets.cs","EF migrations","EF_MIGRATION","MIGRATION_REPORT_SEPARATE","PHASE_E_OWNER_MAPPING_PENDING","NOT_SCANNED_YET","Use Phase A semantic references index; file path alone is not evidence of SQL reads/writes"
"src/Jularr.Web/Data/Migrations/20261009100000_RequestTargetsRepair.cs","EF migrations","EF_MIGRATION","MIGRATION_REPORT_SEPARATE","PHASE_E_OWNER_MAPPING_PENDING","NOT_SCANNED_YET","Use Phase A semantic references index; file path alone is not evidence of SQL reads/writes"
"src/Jularr.Web/Data/Migrations/20261009130000_AudiobookEditionIntent.cs","EF migrations","EF_MIGRATION","MIGRATION_REPORT_SEPARATE","PHASE_E_OWNER_MAPPING_PENDING","NOT_SCANNED_YET","Use Phase A semantic references index; file path alone is not evidence of SQL reads/writes"
"src/Jularr.Web/Data/Migrations/20261009131500_ProfileSubtitleDisplayPreferences.cs","EF migrations","EF_MIGRATION","MIGRATION_REPORT_SEPARATE","PHASE_E_OWNER_MAPPING_PENDING","NOT_SCANNED_YET","Use Phase A semantic references index; file path alone is not evidence of SQL reads/writes"
"src/Jularr.Web/Data/Migrations/20261009140000_ReadingUnitIdentity.Designer.cs","EF migrations","EF_MIGRATION","MIGRATION_REPORT_SEPARATE","PHASE_E_OWNER_MAPPING_PENDING","NOT_SCANNED_YET","Use Phase A semantic references index; file path alone is not evidence of SQL reads/writes"
"src/Jularr.Web/Data/Migrations/20261009140000_ReadingUnitIdentity.cs","EF migrations","EF_MIGRATION","MIGRATION_REPORT_SEPARATE","PHASE_E_OWNER_MAPPING_PENDING","NOT_SCANNED_YET","Use Phase A semantic references index; file path alone is not evidence of SQL reads/writes"
"src/Jularr.Web/Data/Migrations/20261009150000_AccountLoginIdentities.cs","EF migrations","EF_MIGRATION","MIGRATION_REPORT_SEPARATE","PHASE_E_OWNER_MAPPING_PENDING","NOT_SCANNED_YET","Use Phase A semantic references index; file path alone is not evidence of SQL reads/writes"
"src/Jularr.Web/Data/Migrations/20261009150000_MusicRecordings.Designer.cs","EF migrations","EF_MIGRATION","MIGRATION_REPORT_SEPARATE","PHASE_E_OWNER_MAPPING_PENDING","NOT_SCANNED_YET","Use Phase A semantic references index; file path alone is not evidence of SQL reads/writes"
"src/Jularr.Web/Data/Migrations/20261009150000_MusicRecordings.cs","EF migrations","EF_MIGRATION","MIGRATION_REPORT_SEPARATE","PHASE_E_OWNER_MAPPING_PENDING","NOT_SCANNED_YET","Use Phase A semantic references index; file path alone is not evidence of SQL reads/writes"
"src/Jularr.Web/Data/Migrations/20261009160000_AudiobookEditionMetadata.Designer.cs","EF migrations","EF_MIGRATION","MIGRATION_REPORT_SEPARATE","PHASE_E_OWNER_MAPPING_PENDING","NOT_SCANNED_YET","Use Phase A semantic references index; file path alone is not evidence of SQL reads/writes"
"src/Jularr.Web/Data/Migrations/20261009160000_AudiobookEditionMetadata.cs","EF migrations","EF_MIGRATION","MIGRATION_REPORT_SEPARATE","PHASE_E_OWNER_MAPPING_PENDING","NOT_SCANNED_YET","Use Phase A semantic references index; file path alone is not evidence of SQL reads/writes"
"src/Jularr.Web/Data/Migrations/20261009170000_WorkAnimeClassification.Designer.cs","EF migrations","EF_MIGRATION","MIGRATION_REPORT_SEPARATE","PHASE_E_OWNER_MAPPING_PENDING","NOT_SCANNED_YET","Use Phase A semantic references index; file path alone is not evidence of SQL reads/writes"
"src/Jularr.Web/Data/Migrations/20261009170000_WorkAnimeClassification.cs","EF migrations","EF_MIGRATION","MIGRATION_REPORT_SEPARATE","PHASE_E_OWNER_MAPPING_PENDING","NOT_SCANNED_YET","Use Phase A semantic references index; file path alone is not evidence of SQL reads/writes"
"src/Jularr.Web/Data/Migrations/20261009194000_RequestSubmissionUsage.cs","EF migrations","EF_MIGRATION","MIGRATION_REPORT_SEPARATE","PHASE_E_OWNER_MAPPING_PENDING","NOT_SCANNED_YET","Use Phase A semantic references index; file path alone is not evidence of SQL reads/writes"
"src/Jularr.Web/Data/Migrations/20261010000000_WorkIdInt64.Designer.cs","EF migrations","EF_MIGRATION","MIGRATION_REPORT_SEPARATE","PHASE_E_OWNER_MAPPING_PENDING","NOT_SCANNED_YET","Use Phase A semantic references index; file path alone is not evidence of SQL reads/writes"
"src/Jularr.Web/Data/Migrations/20261010000000_WorkIdInt64.cs","EF migrations","EF_MIGRATION","MIGRATION_REPORT_SEPARATE","PHASE_E_OWNER_MAPPING_PENDING","NOT_SCANNED_YET","Use Phase A semantic references index; file path alone is not evidence of SQL reads/writes"
"src/Jularr.Web/Data/Migrations/20261010100000_ReadingUnitBindingsCoverMany.Designer.cs","EF migrations","EF_MIGRATION","MIGRATION_REPORT_SEPARATE","PHASE_E_OWNER_MAPPING_PENDING","NOT_SCANNED_YET","Use Phase A semantic references index; file path alone is not evidence of SQL reads/writes"
"src/Jularr.Web/Data/Migrations/20261010100000_ReadingUnitBindingsCoverMany.cs","EF migrations","EF_MIGRATION","MIGRATION_REPORT_SEPARATE","PHASE_E_OWNER_MAPPING_PENDING","NOT_SCANNED_YET","Use Phase A semantic references index; file path alone is not evidence of SQL reads/writes"
"src/Jularr.Web/Data/Migrations/20261010200000_MangaChapterVersions.Designer.cs","EF migrations","EF_MIGRATION","MIGRATION_REPORT_SEPARATE","PHASE_E_OWNER_MAPPING_PENDING","NOT_SCANNED_YET","Use Phase A semantic references index; file path alone is not evidence of SQL reads/writes"
"src/Jularr.Web/Data/Migrations/20261010200000_MangaChapterVersions.cs","EF migrations","EF_MIGRATION","MIGRATION_REPORT_SEPARATE","PHASE_E_OWNER_MAPPING_PENDING","NOT_SCANNED_YET","Use Phase A semantic references index; file path alone is not evidence of SQL reads/writes"
"src/Jularr.Web/Data/Migrations/20261010300000_NovelVolumeEditions.Designer.cs","EF migrations","EF_MIGRATION","MIGRATION_REPORT_SEPARATE","PHASE_E_OWNER_MAPPING_PENDING","NOT_SCANNED_YET","Use Phase A semantic references index; file path alone is not evidence of SQL reads/writes"
"src/Jularr.Web/Data/Migrations/20261010300000_NovelVolumeEditions.cs","EF migrations","EF_MIGRATION","MIGRATION_REPORT_SEPARATE","PHASE_E_OWNER_MAPPING_PENDING","NOT_SCANNED_YET","Use Phase A semantic references index; file path alone is not evidence of SQL reads/writes"
"src/Jularr.Web/Data/Migrations/AppDbContextModelSnapshot.cs","EF migrations","EF_MIGRATION","MIGRATION_REPORT_SEPARATE","PHASE_E_OWNER_MAPPING_PENDING","NOT_SCANNED_YET","Use Phase A semantic references index; file path alone is not evidence of SQL reads/writes"
"src/Jularr.Web/Data/Pagination.cs","Data infra","OTHER_SOURCE","SOURCE_PATH_INDEXED_NOT_PROVEN_DB_USAGE","PHASE_E_OWNER_MAPPING_PENDING","NOT_SCANNED_YET","Use Phase A semantic references index; file path alone is not evidence of SQL reads/writes"
"src/Jularr.Web/Data/SqlParams.cs","Data infra","DB_ACCESS_CANDIDATE","SOURCE_PATH_INDEXED_NOT_PROVEN_DB_USAGE","PHASE_E_OWNER_MAPPING_PENDING","NOT_SCANNED_YET","Use Phase A semantic references index; file path alone is not evidence of SQL reads/writes"
"src/Jularr.Web/Data/WorkIdMigrationFollowUp.cs","Data infra","DB_ACCESS_CANDIDATE","SOURCE_PATH_INDEXED_NOT_PROVEN_DB_USAGE","PHASE_E_OWNER_MAPPING_PENDING","NOT_SCANNED_YET","Use Phase A semantic references index; file path alone is not evidence of SQL reads/writes"
"src/Jularr.Web/Features/Acquisition/Access/AcquisitionAccessModels.cs","Acquisition","OTHER_SOURCE","SOURCE_PATH_INDEXED_NOT_PROVEN_DB_USAGE","PHASE_E_OWNER_MAPPING_PENDING","NOT_SCANNED_YET","Use Phase A semantic references index; file path alone is not evidence of SQL reads/writes"
"src/Jularr.Web/Features/Acquisition/Access/AcquisitionAccessStore.Queue.cs","Acquisition","DB_ACCESS_CANDIDATE","SOURCE_PATH_INDEXED_NOT_PROVEN_DB_USAGE","PHASE_E_OWNER_MAPPING_PENDING","NOT_SCANNED_YET","Use Phase A semantic references index; file path alone is not evidence of SQL reads/writes"
"src/Jularr.Web/Features/Acquisition/Access/AcquisitionAccessStore.cs","Acquisition","DB_ACCESS_CANDIDATE","SOURCE_PATH_INDEXED_NOT_PROVEN_DB_USAGE","PHASE_E_OWNER_MAPPING_PENDING","NOT_SCANNED_YET","Use Phase A semantic references index; file path alone is not evidence of SQL reads/writes"
"src/Jularr.Web/Features/Acquisition/Access/AcquisitionRequestOptions.cs","Acquisition","OTHER_SOURCE","SOURCE_PATH_INDEXED_NOT_PROVEN_DB_USAGE","PHASE_E_OWNER_MAPPING_PENDING","NOT_SCANNED_YET","Use Phase A semantic references index; file path alone is not evidence of SQL reads/writes"
"src/Jularr.Web/Features/Acquisition/Access/AcquisitionRequestService.Management.cs","Acquisition","OTHER_SOURCE","SOURCE_PATH_INDEXED_NOT_PROVEN_DB_USAGE","PHASE_E_OWNER_MAPPING_PENDING","NOT_SCANNED_YET","Use Phase A semantic references index; file path alone is not evidence of SQL reads/writes"
"src/Jularr.Web/Features/Acquisition/Access/AcquisitionRequestService.cs","Acquisition","OTHER_SOURCE","SOURCE_PATH_INDEXED_NOT_PROVEN_DB_USAGE","PHASE_E_OWNER_MAPPING_PENDING","NOT_SCANNED_YET","Use Phase A semantic references index; file path alone is not evidence of SQL reads/writes"
"src/Jularr.Web/Features/Acquisition/Access/AcquisitionRequestSettings.cs","Acquisition","OTHER_SOURCE","SOURCE_PATH_INDEXED_NOT_PROVEN_DB_USAGE","PHASE_E_OWNER_MAPPING_PENDING","NOT_SCANNED_YET","Use Phase A semantic references index; file path alone is not evidence of SQL reads/writes"
"src/Jularr.Web/Features/Acquisition/Access/AcquisitionRequestSettingsStore.Rules.cs","Acquisition","DB_ACCESS_CANDIDATE","SOURCE_PATH_INDEXED_NOT_PROVEN_DB_USAGE","PHASE_E_OWNER_MAPPING_PENDING","NOT_SCANNED_YET","Use Phase A semantic references index; file path alone is not evidence of SQL reads/writes"
"src/Jularr.Web/Features/Acquisition/Access/AcquisitionRequestSettingsStore.cs","Acquisition","DB_ACCESS_CANDIDATE","SOURCE_PATH_INDEXED_NOT_PROVEN_DB_USAGE","PHASE_E_OWNER_MAPPING_PENDING","NOT_SCANNED_YET","Use Phase A semantic references index; file path alone is not evidence of SQL reads/writes"
"src/Jularr.Web/Features/Acquisition/Access/AdminRequestQuery.cs","Acquisition","DB_ACCESS_CANDIDATE","SOURCE_PATH_INDEXED_NOT_PROVEN_DB_USAGE","PHASE_E_OWNER_MAPPING_PENDING","NOT_SCANNED_YET","Use Phase A semantic references index; file path alone is not evidence of SQL reads/writes"
"src/Jularr.Web/Features/Acquisition/Access/AnimeAcquisitionRequestExecutor.cs","Acquisition","OTHER_SOURCE","SOURCE_PATH_INDEXED_NOT_PROVEN_DB_USAGE","PHASE_E_OWNER_MAPPING_PENDING","NOT_SCANNED_YET","Use Phase A semantic references index; file path alone is not evidence of SQL reads/writes"
"src/Jularr.Web/Features/Acquisition/Access/AnimeRequestScopeReader.cs","Acquisition","OTHER_SOURCE","SOURCE_PATH_INDEXED_NOT_PROVEN_DB_USAGE","PHASE_E_OWNER_MAPPING_PENDING","NOT_SCANNED_YET","Use Phase A semantic references index; file path alone is not evidence of SQL reads/writes"
"src/Jularr.Web/Features/Acquisition/Access/ConsumerAcquisition.cs","Acquisition","OTHER_SOURCE","SOURCE_PATH_INDEXED_NOT_PROVEN_DB_USAGE","PHASE_E_OWNER_MAPPING_PENDING","NOT_SCANNED_YET","Use Phase A semantic references index; file path alone is not evidence of SQL reads/writes"
"src/Jularr.Web/Features/Acquisition/Access/LibraryWorkBackfill.cs","Acquisition","OTHER_SOURCE","SOURCE_PATH_INDEXED_NOT_PROVEN_DB_USAGE","PHASE_E_OWNER_MAPPING_PENDING","NOT_SCANNED_YET","Use Phase A semantic references index; file path alone is not evidence of SQL reads/writes"
"src/Jularr.Web/Features/Acquisition/Access/LibraryWorkBackfillService.cs","Acquisition","OTHER_SOURCE","SOURCE_PATH_INDEXED_NOT_PROVEN_DB_USAGE","PHASE_E_OWNER_MAPPING_PENDING","NOT_SCANNED_YET","Use Phase A semantic references index; file path alone is not evidence of SQL reads/writes"
"src/Jularr.Web/Features/Acquisition/Access/MediaAvailability.cs","Acquisition","OTHER_SOURCE","SOURCE_PATH_INDEXED_NOT_PROVEN_DB_USAGE","PHASE_E_OWNER_MAPPING_PENDING","NOT_SCANNED_YET","Use Phase A semantic references index; file path alone is not evidence of SQL reads/writes"
"src/Jularr.Web/Features/Acquisition/Access/MediaKindLabelKeys.cs","Acquisition","OTHER_SOURCE","SOURCE_PATH_INDEXED_NOT_PROVEN_DB_USAGE","PHASE_E_OWNER_MAPPING_PENDING","NOT_SCANNED_YET","Use Phase A semantic references index; file path alone is not evidence of SQL reads/writes"
"src/Jularr.Web/Features/Acquisition/Access/RequestArtwork.cs","Acquisition","OTHER_SOURCE","SOURCE_PATH_INDEXED_NOT_PROVEN_DB_USAGE","PHASE_E_OWNER_MAPPING_PENDING","NOT_SCANNED_YET","Use Phase A semantic references index; file path alone is not evidence of SQL reads/writes"
"src/Jularr.Web/Features/Acquisition/Access/RequestHistoryQuery.cs","Acquisition","DB_ACCESS_CANDIDATE","SOURCE_PATH_INDEXED_NOT_PROVEN_DB_USAGE","PHASE_E_OWNER_MAPPING_PENDING","NOT_SCANNED_YET","Use Phase A semantic references index; file path alone is not evidence of SQL reads/writes"
"src/Jularr.Web/Features/Acquisition/Access/RequestOptionsSummary.cs","Acquisition","OTHER_SOURCE","SOURCE_PATH_INDEXED_NOT_PROVEN_DB_USAGE","PHASE_E_OWNER_MAPPING_PENDING","NOT_SCANNED_YET","Use Phase A semantic references index; file path alone is not evidence of SQL reads/writes"
"src/Jularr.Web/Features/Acquisition/Access/RequestProfileAssignment.cs","Acquisition","OTHER_SOURCE","SOURCE_PATH_INDEXED_NOT_PROVEN_DB_USAGE","PHASE_E_OWNER_MAPPING_PENDING","NOT_SCANNED_YET","Use Phase A semantic references index; file path alone is not evidence of SQL reads/writes"
"src/Jularr.Web/Features/Acquisition/Access/RequestRuleEditor.cs","Acquisition","OTHER_SOURCE","SOURCE_PATH_INDEXED_NOT_PROVEN_DB_USAGE","PHASE_E_OWNER_MAPPING_PENDING","NOT_SCANNED_YET","Use Phase A semantic references index; file path alone is not evidence of SQL reads/writes"
"src/Jularr.Web/Features/Acquisition/Access/RequestRuleProfiles.cs","Acquisition","OTHER_SOURCE","SOURCE_PATH_INDEXED_NOT_PROVEN_DB_USAGE","PHASE_E_OWNER_MAPPING_PENDING","NOT_SCANNED_YET","Use Phase A semantic references index; file path alone is not evidence of SQL reads/writes"
"src/Jularr.Web/Features/Acquisition/Access/RequestStatus.cs","Acquisition","OTHER_SOURCE","SOURCE_PATH_INDEXED_NOT_PROVEN_DB_USAGE","PHASE_E_OWNER_MAPPING_PENDING","NOT_SCANNED_YET","Use Phase A semantic references index; file path alone is not evidence of SQL reads/writes"
"src/Jularr.Web/Features/Acquisition/Access/RequestStatusText.cs","Acquisition","OTHER_SOURCE","SOURCE_PATH_INDEXED_NOT_PROVEN_DB_USAGE","PHASE_E_OWNER_MAPPING_PENDING","NOT_SCANNED_YET","Use Phase A semantic references index; file path alone is not evidence of SQL reads/writes"
"src/Jularr.Web/Features/Acquisition/Access/RequestWorkBinder.cs","Acquisition","OTHER_SOURCE","SOURCE_PATH_INDEXED_NOT_PROVEN_DB_USAGE","PHASE_E_OWNER_MAPPING_PENDING","NOT_SCANNED_YET","Use Phase A semantic references index; file path alone is not evidence of SQL reads/writes"
"src/Jularr.Web/Features/Acquisition/Access/TransientAcquisitionFailure.cs","Acquisition","OTHER_SOURCE","SOURCE_PATH_INDEXED_NOT_PROVEN_DB_USAGE","PHASE_E_OWNER_MAPPING_PENDING","NOT_SCANNED_YET","Use Phase A semantic references index; file path alone is not evidence of SQL reads/writes"
"src/Jularr.Web/Features/Acquisition/Access/VideoAcquisitionEngine.Manual.cs","Acquisition","OTHER_SOURCE","SOURCE_PATH_INDEXED_NOT_PROVEN_DB_USAGE","PHASE_E_OWNER_MAPPING_PENDING","NOT_SCANNED_YET","Use Phase A semantic references index; file path alone is not evidence of SQL reads/writes"
"src/Jularr.Web/Features/Acquisition/Access/VideoAcquisitionRequestExecutor.cs","Acquisition","OTHER_SOURCE","SOURCE_PATH_INDEXED_NOT_PROVEN_DB_USAGE","PHASE_E_OWNER_MAPPING_PENDING","NOT_SCANNED_YET","Use Phase A semantic references index; file path alone is not evidence of SQL reads/writes"
"src/Jularr.Web/Features/Acquisition/Access/VideoReleaseEvaluation.cs","Acquisition","OTHER_SOURCE","SOURCE_PATH_INDEXED_NOT_PROVEN_DB_USAGE","PHASE_E_OWNER_MAPPING_PENDING","NOT_SCANNED_YET","Use Phase A semantic references index; file path alone is not evidence of SQL reads/writes"
"src/Jularr.Web/Features/Acquisition/Access/VideoReleaseJudge.cs","Acquisition","OTHER_SOURCE","SOURCE_PATH_INDEXED_NOT_PROVEN_DB_USAGE","PHASE_E_OWNER_MAPPING_PENDING","NOT_SCANNED_YET","Use Phase A semantic references index; file path alone is not evidence of SQL reads/writes"
"src/Jularr.Web/Features/Acquisition/Access/VideoRequestScopeResolver.cs","Acquisition","OTHER_SOURCE","SOURCE_PATH_INDEXED_NOT_PROVEN_DB_USAGE","PHASE_E_OWNER_MAPPING_PENDING","NOT_SCANNED_YET","Use Phase A semantic references index; file path alone is not evidence of SQL reads/writes"
"src/Jularr.Web/Features/Acquisition/Access/VideoWorkLinks.cs","Acquisition","OTHER_SOURCE","SOURCE_PATH_INDEXED_NOT_PROVEN_DB_USAGE","PHASE_E_OWNER_MAPPING_PENDING","NOT_SCANNED_YET","Use Phase A semantic references index; file path alone is not evidence of SQL reads/writes"
"src/Jularr.Web/Features/Acquisition/AcquisitionEngineAliases.cs","Acquisition","OTHER_SOURCE","SOURCE_PATH_INDEXED_NOT_PROVEN_DB_USAGE","PHASE_E_OWNER_MAPPING_PENDING","NOT_SCANNED_YET","Use Phase A semantic references index; file path alone is not evidence of SQL reads/writes"
"src/Jularr.Web/Features/Acquisition/AniListAutoMonitor/AniListAutoMonitorModels.cs","Acquisition","OTHER_SOURCE","SOURCE_PATH_INDEXED_NOT_PROVEN_DB_USAGE","PHASE_E_OWNER_MAPPING_PENDING","NOT_SCANNED_YET","Use Phase A semantic references index; file path alone is not evidence of SQL reads/writes"
"src/Jularr.Web/Features/Acquisition/AniListAutoMonitor/AniListAutoMonitorService.cs","Acquisition","OTHER_SOURCE","SOURCE_PATH_INDEXED_NOT_PROVEN_DB_USAGE","PHASE_E_OWNER_MAPPING_PENDING","NOT_SCANNED_YET","Use Phase A semantic references index; file path alone is not evidence of SQL reads/writes"
"src/Jularr.Web/Features/Acquisition/AniListAutoMonitor/AniListAutoMonitorSettingsStore.cs","Acquisition","DB_ACCESS_CANDIDATE","SOURCE_PATH_INDEXED_NOT_PROVEN_DB_USAGE","PHASE_E_OWNER_MAPPING_PENDING","NOT_SCANNED_YET","Use Phase A semantic references index; file path alone is not evidence of SQL reads/writes"
"src/Jularr.Web/Features/Acquisition/Api/AcquisitionApiContracts.cs","Acquisition","OTHER_SOURCE","SOURCE_PATH_INDEXED_NOT_PROVEN_DB_USAGE","PHASE_E_OWNER_MAPPING_PENDING","NOT_SCANNED_YET","Use Phase A semantic references index; file path alone is not evidence of SQL reads/writes"
"src/Jularr.Web/Features/Acquisition/Api/AcquisitionApiEndpoints.cs","Acquisition","HTTP_ENDPOINT","SOURCE_PATH_INDEXED_NOT_PROVEN_DB_USAGE","PHASE_E_OWNER_MAPPING_PENDING","NOT_SCANNED_YET","Use Phase A semantic references index; file path alone is not evidence of SQL reads/writes"
"src/Jularr.Web/Features/Acquisition/Api/AcquisitionApiKey.cs","Acquisition","OTHER_SOURCE","SOURCE_PATH_INDEXED_NOT_PROVEN_DB_USAGE","PHASE_E_OWNER_MAPPING_PENDING","NOT_SCANNED_YET","Use Phase A semantic references index; file path alone is not evidence of SQL reads/writes"
"src/Jularr.Web/Features/Acquisition/Api/AcquisitionApiKeyAuthenticationHandler.cs","Acquisition","OTHER_SOURCE","SOURCE_PATH_INDEXED_NOT_PROVEN_DB_USAGE","PHASE_E_OWNER_MAPPING_PENDING","NOT_SCANNED_YET","Use Phase A semantic references index; file path alone is not evidence of SQL reads/writes"
"src/Jularr.Web/Features/Acquisition/Api/AcquisitionApiKeyService.cs","Acquisition","OTHER_SOURCE","SOURCE_PATH_INDEXED_NOT_PROVEN_DB_USAGE","PHASE_E_OWNER_MAPPING_PENDING","NOT_SCANNED_YET","Use Phase A semantic references index; file path alone is not evidence of SQL reads/writes"
"src/Jularr.Web/Features/Acquisition/Api/AcquisitionApiService.cs","Acquisition","OTHER_SOURCE","SOURCE_PATH_INDEXED_NOT_PROVEN_DB_USAGE","PHASE_E_OWNER_MAPPING_PENDING","NOT_SCANNED_YET","Use Phase A semantic references index; file path alone is not evidence of SQL reads/writes"
"src/Jularr.Web/Features/Acquisition/Backup/AcquisitionBackupModels.cs","Acquisition","OTHER_SOURCE","SOURCE_PATH_INDEXED_NOT_PROVEN_DB_USAGE","PHASE_E_OWNER_MAPPING_PENDING","NOT_SCANNED_YET","Use Phase A semantic references index; file path alone is not evidence of SQL reads/writes"
"src/Jularr.Web/Features/Acquisition/Backup/AcquisitionBackupService.cs","Acquisition","OTHER_SOURCE","SOURCE_PATH_INDEXED_NOT_PROVEN_DB_USAGE","PHASE_E_OWNER_MAPPING_PENDING","NOT_SCANNED_YET","Use Phase A semantic references index; file path alone is not evidence of SQL reads/writes"
"src/Jularr.Web/Features/Acquisition/Core/AcquisitionCandidate.cs","Acquisition","OTHER_SOURCE","SOURCE_PATH_INDEXED_NOT_PROVEN_DB_USAGE","PHASE_E_OWNER_MAPPING_PENDING","NOT_SCANNED_YET","Use Phase A semantic references index; file path alone is not evidence of SQL reads/writes"
"src/Jularr.Web/Features/Acquisition/Core/AcquisitionCore.cs","Acquisition","OTHER_SOURCE","SOURCE_PATH_INDEXED_NOT_PROVEN_DB_USAGE","PHASE_E_OWNER_MAPPING_PENDING","NOT_SCANNED_YET","Use Phase A semantic references index; file path alone is not evidence of SQL reads/writes"
"src/Jularr.Web/Features/Acquisition/Core/DirectSources.cs","Acquisition","OTHER_SOURCE","SOURCE_PATH_INDEXED_NOT_PROVEN_DB_USAGE","PHASE_E_OWNER_MAPPING_PENDING","NOT_SCANNED_YET","Use Phase A semantic references index; file path alone is not evidence of SQL reads/writes"
"src/Jularr.Web/Features/Acquisition/Core/ReleaseRanker.cs","Acquisition","OTHER_SOURCE","SOURCE_PATH_INDEXED_NOT_PROVEN_DB_USAGE","PHASE_E_OWNER_MAPPING_PENDING","NOT_SCANNED_YET","Use Phase A semantic references index; file path alone is not evidence of SQL reads/writes"
"src/Jularr.Web/Features/Acquisition/DownloadClients/DownloadClientModels.cs","Acquisition","OTHER_SOURCE","SOURCE_PATH_INDEXED_NOT_PROVEN_DB_USAGE","PHASE_E_OWNER_MAPPING_PENDING","NOT_SCANNED_YET","Use Phase A semantic references index; file path alone is not evidence of SQL reads/writes"
"src/Jularr.Web/Features/Acquisition/DownloadClients/DownloadClientSelector.cs","Acquisition","OTHER_SOURCE","SOURCE_PATH_INDEXED_NOT_PROVEN_DB_USAGE","PHASE_E_OWNER_MAPPING_PENDING","NOT_SCANNED_YET","Use Phase A semantic references index; file path alone is not evidence of SQL reads/writes"
"src/Jularr.Web/Features/Acquisition/DownloadClients/DownloadClientStore.cs","Acquisition","DB_ACCESS_CANDIDATE","SOURCE_PATH_INDEXED_NOT_PROVEN_DB_USAGE","PHASE_E_OWNER_MAPPING_PENDING","NOT_SCANNED_YET","Use Phase A semantic references index; file path alone is not evidence of SQL reads/writes"
"src/Jularr.Web/Features/Acquisition/DownloadClients/DownloadClientSubmissionService.cs","Acquisition","OTHER_SOURCE","SOURCE_PATH_INDEXED_NOT_PROVEN_DB_USAGE","PHASE_E_OWNER_MAPPING_PENDING","NOT_SCANNED_YET","Use Phase A semantic references index; file path alone is not evidence of SQL reads/writes"
"src/Jularr.Web/Features/Acquisition/DownloadClients/SabnzbdDownloadClient.cs","Acquisition","OTHER_SOURCE","SOURCE_PATH_INDEXED_NOT_PROVEN_DB_USAGE","PHASE_E_OWNER_MAPPING_PENDING","NOT_SCANNED_YET","Use Phase A semantic references index; file path alone is not evidence of SQL reads/writes"
"src/Jularr.Web/Features/Acquisition/Health/AcquisitionHealthCheckService.cs","Acquisition","OTHER_SOURCE","SOURCE_PATH_INDEXED_NOT_PROVEN_DB_USAGE","PHASE_E_OWNER_MAPPING_PENDING","NOT_SCANNED_YET","Use Phase A semantic references index; file path alone is not evidence of SQL reads/writes"
"src/Jularr.Web/Features/Acquisition/Health/AcquisitionHealthModels.cs","Acquisition","OTHER_SOURCE","SOURCE_PATH_INDEXED_NOT_PROVEN_DB_USAGE","PHASE_E_OWNER_MAPPING_PENDING","NOT_SCANNED_YET","Use Phase A semantic references index; file path alone is not evidence of SQL reads/writes"
"src/Jularr.Web/Features/Acquisition/Health/AcquisitionHealthStore.cs","Acquisition","DB_ACCESS_CANDIDATE","SOURCE_PATH_INDEXED_NOT_PROVEN_DB_USAGE","PHASE_E_OWNER_MAPPING_PENDING","NOT_SCANNED_YET","Use Phase A semantic references index; file path alone is not evidence of SQL reads/writes"
"src/Jularr.Web/Features/Acquisition/History/AcquisitionHistoryEntry.cs","Acquisition","OTHER_SOURCE","SOURCE_PATH_INDEXED_NOT_PROVEN_DB_USAGE","PHASE_E_OWNER_MAPPING_PENDING","NOT_SCANNED_YET","Use Phase A semantic references index; file path alone is not evidence of SQL reads/writes"
"src/Jularr.Web/Features/Acquisition/History/AcquisitionHistoryService.cs","Acquisition","OTHER_SOURCE","SOURCE_PATH_INDEXED_NOT_PROVEN_DB_USAGE","PHASE_E_OWNER_MAPPING_PENDING","NOT_SCANNED_YET","Use Phase A semantic references index; file path alone is not evidence of SQL reads/writes"
"src/Jularr.Web/Features/Acquisition/Import/AcquisitionMediaReplacementParticipant.cs","Acquisition","OTHER_SOURCE","SOURCE_PATH_INDEXED_NOT_PROVEN_DB_USAGE","PHASE_E_OWNER_MAPPING_PENDING","NOT_SCANNED_YET","Use Phase A semantic references index; file path alone is not evidence of SQL reads/writes"
"src/Jularr.Web/Features/Acquisition/Import/AnimeImportDestination.cs","Acquisition","OTHER_SOURCE","SOURCE_PATH_INDEXED_NOT_PROVEN_DB_USAGE","PHASE_E_OWNER_MAPPING_PENDING","NOT_SCANNED_YET","Use Phase A semantic references index; file path alone is not evidence of SQL reads/writes"
"src/Jularr.Web/Features/Acquisition/Import/AnimeImportExecutor.cs","Acquisition","OTHER_SOURCE","SOURCE_PATH_INDEXED_NOT_PROVEN_DB_USAGE","PHASE_E_OWNER_MAPPING_PENDING","NOT_SCANNED_YET","Use Phase A semantic references index; file path alone is not evidence of SQL reads/writes"
"src/Jularr.Web/Features/Acquisition/Import/AnimeImportPlanModels.cs","Acquisition","OTHER_SOURCE","SOURCE_PATH_INDEXED_NOT_PROVEN_DB_USAGE","PHASE_E_OWNER_MAPPING_PENDING","NOT_SCANNED_YET","Use Phase A semantic references index; file path alone is not evidence of SQL reads/writes"
"src/Jularr.Web/Features/Acquisition/Import/AnimeImportPlanner.cs","Acquisition","OTHER_SOURCE","SOURCE_PATH_INDEXED_NOT_PROVEN_DB_USAGE","PHASE_E_OWNER_MAPPING_PENDING","NOT_SCANNED_YET","Use Phase A semantic references index; file path alone is not evidence of SQL reads/writes"
"src/Jularr.Web/Features/Acquisition/Import/AnimeImportRecovery.cs","Acquisition","OTHER_SOURCE","SOURCE_PATH_INDEXED_NOT_PROVEN_DB_USAGE","PHASE_E_OWNER_MAPPING_PENDING","NOT_SCANNED_YET","Use Phase A semantic references index; file path alone is not evidence of SQL reads/writes"
"src/Jularr.Web/Features/Acquisition/Import/AnimeImportSettingsModels.cs","Acquisition","OTHER_SOURCE","SOURCE_PATH_INDEXED_NOT_PROVEN_DB_USAGE","PHASE_E_OWNER_MAPPING_PENDING","NOT_SCANNED_YET","Use Phase A semantic references index; file path alone is not evidence of SQL reads/writes"
"src/Jularr.Web/Features/Acquisition/Import/AnimeImportSettingsStore.cs","Acquisition","DB_ACCESS_CANDIDATE","SOURCE_PATH_INDEXED_NOT_PROVEN_DB_USAGE","PHASE_E_OWNER_MAPPING_PENDING","NOT_SCANNED_YET","Use Phase A semantic references index; file path alone is not evidence of SQL reads/writes"
"src/Jularr.Web/Features/Acquisition/Import/AnimeImportStore.cs","Acquisition","DB_ACCESS_CANDIDATE","SOURCE_PATH_INDEXED_NOT_PROVEN_DB_USAGE","PHASE_E_OWNER_MAPPING_PENDING","NOT_SCANNED_YET","Use Phase A semantic references index; file path alone is not evidence of SQL reads/writes"
"src/Jularr.Web/Features/Acquisition/Import/CompletedDownloadDispatcher.cs","Acquisition","OTHER_SOURCE","SOURCE_PATH_INDEXED_NOT_PROVEN_DB_USAGE","PHASE_E_OWNER_MAPPING_PENDING","NOT_SCANNED_YET","Use Phase A semantic references index; file path alone is not evidence of SQL reads/writes"
"src/Jularr.Web/Features/Acquisition/Import/CompletedDownloadFiles.cs","Acquisition","OTHER_SOURCE","SOURCE_PATH_INDEXED_NOT_PROVEN_DB_USAGE","PHASE_E_OWNER_MAPPING_PENDING","NOT_SCANNED_YET","Use Phase A semantic references index; file path alone is not evidence of SQL reads/writes"
"src/Jularr.Web/Features/Acquisition/Import/CompletedDownloadImportService.cs","Acquisition","OTHER_SOURCE","SOURCE_PATH_INDEXED_NOT_PROVEN_DB_USAGE","PHASE_E_OWNER_MAPPING_PENDING","NOT_SCANNED_YET","Use Phase A semantic references index; file path alone is not evidence of SQL reads/writes"
"src/Jularr.Web/Features/Acquisition/Import/HardLinkHelper.cs","Acquisition","OTHER_SOURCE","SOURCE_PATH_INDEXED_NOT_PROVEN_DB_USAGE","PHASE_E_OWNER_MAPPING_PENDING","NOT_SCANNED_YET","Use Phase A semantic references index; file path alone is not evidence of SQL reads/writes"
"src/Jularr.Web/Features/Acquisition/Import/ImportFileTransfer.cs","Acquisition","OTHER_SOURCE","SOURCE_PATH_INDEXED_NOT_PROVEN_DB_USAGE","PHASE_E_OWNER_MAPPING_PENDING","NOT_SCANNED_YET","Use Phase A semantic references index; file path alone is not evidence of SQL reads/writes"
"src/Jularr.Web/Features/Acquisition/Import/LibraryFilePlacer.cs","Acquisition","OTHER_SOURCE","SOURCE_PATH_INDEXED_NOT_PROVEN_DB_USAGE","PHASE_E_OWNER_MAPPING_PENDING","NOT_SCANNED_YET","Use Phase A semantic references index; file path alone is not evidence of SQL reads/writes"
"src/Jularr.Web/Features/Acquisition/Import/MediaInboxImportService.cs","Acquisition","OTHER_SOURCE","SOURCE_PATH_INDEXED_NOT_PROVEN_DB_USAGE","PHASE_E_OWNER_MAPPING_PENDING","NOT_SCANNED_YET","Use Phase A semantic references index; file path alone is not evidence of SQL reads/writes"
"src/Jularr.Web/Features/Acquisition/Indexers/IndexerCapabilities.cs","Acquisition","OTHER_SOURCE","SOURCE_PATH_INDEXED_NOT_PROVEN_DB_USAGE","PHASE_E_OWNER_MAPPING_PENDING","NOT_SCANNED_YET","Use Phase A semantic references index; file path alone is not evidence of SQL reads/writes"
"src/Jularr.Web/Features/Acquisition/Indexers/IndexerCategoryMapper.cs","Acquisition","OTHER_SOURCE","SOURCE_PATH_INDEXED_NOT_PROVEN_DB_USAGE","PHASE_E_OWNER_MAPPING_PENDING","NOT_SCANNED_YET","Use Phase A semantic references index; file path alone is not evidence of SQL reads/writes"
"src/Jularr.Web/Features/Acquisition/Indexers/IndexerModels.cs","Acquisition","OTHER_SOURCE","SOURCE_PATH_INDEXED_NOT_PROVEN_DB_USAGE","PHASE_E_OWNER_MAPPING_PENDING","NOT_SCANNED_YET","Use Phase A semantic references index; file path alone is not evidence of SQL reads/writes"
"src/Jularr.Web/Features/Acquisition/Indexers/IndexerReadiness.cs","Acquisition","OTHER_SOURCE","SOURCE_PATH_INDEXED_NOT_PROVEN_DB_USAGE","PHASE_E_OWNER_MAPPING_PENDING","NOT_SCANNED_YET","Use Phase A semantic references index; file path alone is not evidence of SQL reads/writes"
"src/Jularr.Web/Features/Acquisition/Indexers/IndexerSearchCoordinator.cs","Acquisition","OTHER_SOURCE","SOURCE_PATH_INDEXED_NOT_PROVEN_DB_USAGE","PHASE_E_OWNER_MAPPING_PENDING","NOT_SCANNED_YET","Use Phase A semantic references index; file path alone is not evidence of SQL reads/writes"
"src/Jularr.Web/Features/Acquisition/Indexers/IndexerSetupService.cs","Acquisition","OTHER_SOURCE","SOURCE_PATH_INDEXED_NOT_PROVEN_DB_USAGE","PHASE_E_OWNER_MAPPING_PENDING","NOT_SCANNED_YET","Use Phase A semantic references index; file path alone is not evidence of SQL reads/writes"
"src/Jularr.Web/Features/Acquisition/Indexers/IndexerStore.cs","Acquisition","DB_ACCESS_CANDIDATE","SOURCE_PATH_INDEXED_NOT_PROVEN_DB_USAGE","PHASE_E_OWNER_MAPPING_PENDING","NOT_SCANNED_YET","Use Phase A semantic references index; file path alone is not evidence of SQL reads/writes"
"src/Jularr.Web/Features/Acquisition/Indexers/NewznabIndexer.cs","Acquisition","OTHER_SOURCE","SOURCE_PATH_INDEXED_NOT_PROVEN_DB_USAGE","PHASE_E_OWNER_MAPPING_PENDING","NOT_SCANNED_YET","Use Phase A semantic references index; file path alone is not evidence of SQL reads/writes"
"src/Jularr.Web/Features/Acquisition/Indexers/ProwlarrIndexer.cs","Acquisition","OTHER_SOURCE","SOURCE_PATH_INDEXED_NOT_PROVEN_DB_USAGE","PHASE_E_OWNER_MAPPING_PENDING","NOT_SCANNED_YET","Use Phase A semantic references index; file path alone is not evidence of SQL reads/writes"
"src/Jularr.Web/Features/Acquisition/ManualSearch/ManualGrabCoordinator.cs","Acquisition","OTHER_SOURCE","SOURCE_PATH_INDEXED_NOT_PROVEN_DB_USAGE","PHASE_E_OWNER_MAPPING_PENDING","NOT_SCANNED_YET","Use Phase A semantic references index; file path alone is not evidence of SQL reads/writes"
"src/Jularr.Web/Features/Acquisition/ManualSearch/ManualSearchModels.cs","Acquisition","OTHER_SOURCE","SOURCE_PATH_INDEXED_NOT_PROVEN_DB_USAGE","PHASE_E_OWNER_MAPPING_PENDING","NOT_SCANNED_YET","Use Phase A semantic references index; file path alone is not evidence of SQL reads/writes"
"src/Jularr.Web/Features/Acquisition/ManualSearch/VideoManualSearchService.cs","Acquisition","OTHER_SOURCE","SOURCE_PATH_INDEXED_NOT_PROVEN_DB_USAGE","PHASE_E_OWNER_MAPPING_PENDING","NOT_SCANNED_YET","Use Phase A semantic references index; file path alone is not evidence of SQL reads/writes"
"src/Jularr.Web/Features/Acquisition/Monitoring/AnimeMonitoring.cs","Acquisition","OTHER_SOURCE","SOURCE_PATH_INDEXED_NOT_PROVEN_DB_USAGE","PHASE_E_OWNER_MAPPING_PENDING","NOT_SCANNED_YET","Use Phase A semantic references index; file path alone is not evidence of SQL reads/writes"
"src/Jularr.Web/Features/Acquisition/Monitoring/AnimeMonitoringMigration.cs","Acquisition","DB_ACCESS_CANDIDATE","SOURCE_PATH_INDEXED_NOT_PROVEN_DB_USAGE","PHASE_E_OWNER_MAPPING_PENDING","NOT_SCANNED_YET","Use Phase A semantic references index; file path alone is not evidence of SQL reads/writes"
"src/Jularr.Web/Features/Acquisition/Monitoring/MonitoringAliases.cs","Acquisition","OTHER_SOURCE","SOURCE_PATH_INDEXED_NOT_PROVEN_DB_USAGE","PHASE_E_OWNER_MAPPING_PENDING","NOT_SCANNED_YET","Use Phase A semantic references index; file path alone is not evidence of SQL reads/writes"
"src/Jularr.Web/Features/Acquisition/Monitoring/MonitoringModels.cs","Acquisition","OTHER_SOURCE","SOURCE_PATH_INDEXED_NOT_PROVEN_DB_USAGE","PHASE_E_OWNER_MAPPING_PENDING","NOT_SCANNED_YET","Use Phase A semantic references index; file path alone is not evidence of SQL reads/writes"
"src/Jularr.Web/Features/Acquisition/Monitoring/MonitoringStore.cs","Acquisition","DB_ACCESS_CANDIDATE","SOURCE_PATH_INDEXED_NOT_PROVEN_DB_USAGE","PHASE_E_OWNER_MAPPING_PENDING","NOT_SCANNED_YET","Use Phase A semantic references index; file path alone is not evidence of SQL reads/writes"
"src/Jularr.Web/Features/Acquisition/Monitoring/VideoMonitoringService.cs","Acquisition","OTHER_SOURCE","SOURCE_PATH_INDEXED_NOT_PROVEN_DB_USAGE","PHASE_E_OWNER_MAPPING_PENDING","NOT_SCANNED_YET","Use Phase A semantic references index; file path alone is not evidence of SQL reads/writes"
"src/Jularr.Web/Features/Acquisition/Naming/AnimeNamingFormatter.cs","Acquisition","OTHER_SOURCE","SOURCE_PATH_INDEXED_NOT_PROVEN_DB_USAGE","PHASE_E_OWNER_MAPPING_PENDING","NOT_SCANNED_YET","Use Phase A semantic references index; file path alone is not evidence of SQL reads/writes"
"src/Jularr.Web/Features/Acquisition/Naming/AnimeNamingModels.cs","Acquisition","OTHER_SOURCE","SOURCE_PATH_INDEXED_NOT_PROVEN_DB_USAGE","PHASE_E_OWNER_MAPPING_PENDING","NOT_SCANNED_YET","Use Phase A semantic references index; file path alone is not evidence of SQL reads/writes"
"src/Jularr.Web/Features/Acquisition/Naming/AnimeNamingPresets.cs","Acquisition","OTHER_SOURCE","SOURCE_PATH_INDEXED_NOT_PROVEN_DB_USAGE","PHASE_E_OWNER_MAPPING_PENDING","NOT_SCANNED_YET","Use Phase A semantic references index; file path alone is not evidence of SQL reads/writes"
"src/Jularr.Web/Features/Acquisition/Naming/AnimeNamingProfileStore.cs","Acquisition","DB_ACCESS_CANDIDATE","SOURCE_PATH_INDEXED_NOT_PROVEN_DB_USAGE","PHASE_E_OWNER_MAPPING_PENDING","NOT_SCANNED_YET","Use Phase A semantic references index; file path alone is not evidence of SQL reads/writes"
"src/Jularr.Web/Features/Acquisition/Naming/AnimeNamingSamples.cs","Acquisition","OTHER_SOURCE","SOURCE_PATH_INDEXED_NOT_PROVEN_DB_USAGE","PHASE_E_OWNER_MAPPING_PENDING","NOT_SCANNED_YET","Use Phase A semantic references index; file path alone is not evidence of SQL reads/writes"
"src/Jularr.Web/Features/Acquisition/Naming/AnimeRenameFileSystem.cs","Acquisition","OTHER_SOURCE","SOURCE_PATH_INDEXED_NOT_PROVEN_DB_USAGE","PHASE_E_OWNER_MAPPING_PENDING","NOT_SCANNED_YET","Use Phase A semantic references index; file path alone is not evidence of SQL reads/writes"
"src/Jularr.Web/Features/Acquisition/Naming/AnimeRenameModels.cs","Acquisition","OTHER_SOURCE","SOURCE_PATH_INDEXED_NOT_PROVEN_DB_USAGE","PHASE_E_OWNER_MAPPING_PENDING","NOT_SCANNED_YET","Use Phase A semantic references index; file path alone is not evidence of SQL reads/writes"
"src/Jularr.Web/Features/Acquisition/Naming/AnimeRenameService.cs","Acquisition","OTHER_SOURCE","SOURCE_PATH_INDEXED_NOT_PROVEN_DB_USAGE","PHASE_E_OWNER_MAPPING_PENDING","NOT_SCANNED_YET","Use Phase A semantic references index; file path alone is not evidence of SQL reads/writes"
"src/Jularr.Web/Features/Acquisition/Ownership/AcquisitionOwnershipModels.cs","Acquisition","OTHER_SOURCE","SOURCE_PATH_INDEXED_NOT_PROVEN_DB_USAGE","PHASE_E_OWNER_MAPPING_PENDING","NOT_SCANNED_YET","Use Phase A semantic references index; file path alone is not evidence of SQL reads/writes"
"src/Jularr.Web/Features/Acquisition/Ownership/AcquisitionOwnershipStore.cs","Acquisition","DB_ACCESS_CANDIDATE","SOURCE_PATH_INDEXED_NOT_PROVEN_DB_USAGE","PHASE_E_OWNER_MAPPING_PENDING","NOT_SCANNED_YET","Use Phase A semantic references index; file path alone is not evidence of SQL reads/writes"
"src/Jularr.Web/Features/Acquisition/Ownership/SonarrMigration.cs","Acquisition","DB_ACCESS_CANDIDATE","SOURCE_PATH_INDEXED_NOT_PROVEN_DB_USAGE","PHASE_E_OWNER_MAPPING_PENDING","NOT_SCANNED_YET","Use Phase A semantic references index; file path alone is not evidence of SQL reads/writes"
"src/Jularr.Web/Features/Acquisition/Ownership/SonarrObservedState.cs","Acquisition","OTHER_SOURCE","SOURCE_PATH_INDEXED_NOT_PROVEN_DB_USAGE","PHASE_E_OWNER_MAPPING_PENDING","NOT_SCANNED_YET","Use Phase A semantic references index; file path alone is not evidence of SQL reads/writes"
"src/Jularr.Web/Features/Acquisition/Ownership/SonarrOwnershipRecognizer.cs","Acquisition","OTHER_SOURCE","SOURCE_PATH_INDEXED_NOT_PROVEN_DB_USAGE","PHASE_E_OWNER_MAPPING_PENDING","NOT_SCANNED_YET","Use Phase A semantic references index; file path alone is not evidence of SQL reads/writes"
"src/Jularr.Web/Features/Acquisition/Ownership/SonarrParallelSafety.Observation.cs","Acquisition","OTHER_SOURCE","SOURCE_PATH_INDEXED_NOT_PROVEN_DB_USAGE","PHASE_E_OWNER_MAPPING_PENDING","NOT_SCANNED_YET","Use Phase A semantic references index; file path alone is not evidence of SQL reads/writes"
"src/Jularr.Web/Features/Acquisition/Ownership/SonarrParallelSafety.cs","Acquisition","OTHER_SOURCE","SOURCE_PATH_INDEXED_NOT_PROVEN_DB_USAGE","PHASE_E_OWNER_MAPPING_PENDING","NOT_SCANNED_YET","Use Phase A semantic references index; file path alone is not evidence of SQL reads/writes"
"src/Jularr.Web/Features/Acquisition/Pipeline/AnimeAcquisitionEngine.cs","Acquisition","OTHER_SOURCE","SOURCE_PATH_INDEXED_NOT_PROVEN_DB_USAGE","PHASE_E_OWNER_MAPPING_PENDING","NOT_SCANNED_YET","Use Phase A semantic references index; file path alone is not evidence of SQL reads/writes"
"src/Jularr.Web/Features/Acquisition/Pipeline/AnimeAcquisitionInventory.cs","Acquisition","OTHER_SOURCE","SOURCE_PATH_INDEXED_NOT_PROVEN_DB_USAGE","PHASE_E_OWNER_MAPPING_PENDING","NOT_SCANNED_YET","Use Phase A semantic references index; file path alone is not evidence of SQL reads/writes"
"src/Jularr.Web/Features/Acquisition/Pipeline/AnimeAcquisitionPipeline.cs","Acquisition","OTHER_SOURCE","SOURCE_PATH_INDEXED_NOT_PROVEN_DB_USAGE","PHASE_E_OWNER_MAPPING_PENDING","NOT_SCANNED_YET","Use Phase A semantic references index; file path alone is not evidence of SQL reads/writes"
"src/Jularr.Web/Features/Acquisition/Pipeline/AnimeAcquisitionScheduler.cs","Acquisition","JOB_OR_PROVIDER_CANDIDATE","SOURCE_PATH_INDEXED_NOT_PROVEN_DB_USAGE","PHASE_E_OWNER_MAPPING_PENDING","NOT_SCANNED_YET","Use Phase A semantic references index; file path alone is not evidence of SQL reads/writes"
"src/Jularr.Web/Features/Acquisition/Pipeline/AnimeCanonicalEpisodes.cs","Acquisition","OTHER_SOURCE","SOURCE_PATH_INDEXED_NOT_PROVEN_DB_USAGE","PHASE_E_OWNER_MAPPING_PENDING","NOT_SCANNED_YET","Use Phase A semantic references index; file path alone is not evidence of SQL reads/writes"
"src/Jularr.Web/Features/Acquisition/Pipeline/AnimeEpisodeStates.cs","Acquisition","OTHER_SOURCE","SOURCE_PATH_INDEXED_NOT_PROVEN_DB_USAGE","PHASE_E_OWNER_MAPPING_PENDING","NOT_SCANNED_YET","Use Phase A semantic references index; file path alone is not evidence of SQL reads/writes"
"src/Jularr.Web/Features/Acquisition/Pipeline/AnimeLegacyAcquisitionMigration.cs","Acquisition","DB_ACCESS_CANDIDATE","SOURCE_PATH_INDEXED_NOT_PROVEN_DB_USAGE","PHASE_E_OWNER_MAPPING_PENDING","NOT_SCANNED_YET","Use Phase A semantic references index; file path alone is not evidence of SQL reads/writes"
"src/Jularr.Web/Features/Acquisition/Pipeline/AnimeManualGrabService.cs","Acquisition","OTHER_SOURCE","SOURCE_PATH_INDEXED_NOT_PROVEN_DB_USAGE","PHASE_E_OWNER_MAPPING_PENDING","NOT_SCANNED_YET","Use Phase A semantic references index; file path alone is not evidence of SQL reads/writes"
"src/Jularr.Web/Features/Acquisition/Pipeline/AnimeReleaseJudge.cs","Acquisition","OTHER_SOURCE","SOURCE_PATH_INDEXED_NOT_PROVEN_DB_USAGE","PHASE_E_OWNER_MAPPING_PENDING","NOT_SCANNED_YET","Use Phase A semantic references index; file path alone is not evidence of SQL reads/writes"
"src/Jularr.Web/Features/Acquisition/Pipeline/AnimeRequestPayload.cs","Acquisition","OTHER_SOURCE","SOURCE_PATH_INDEXED_NOT_PROVEN_DB_USAGE","PHASE_E_OWNER_MAPPING_PENDING","NOT_SCANNED_YET","Use Phase A semantic references index; file path alone is not evidence of SQL reads/writes"
"src/Jularr.Web/Features/Acquisition/Pipeline/AnimeRequestStarter.cs","Acquisition","OTHER_SOURCE","SOURCE_PATH_INDEXED_NOT_PROVEN_DB_USAGE","PHASE_E_OWNER_MAPPING_PENDING","NOT_SCANNED_YET","Use Phase A semantic references index; file path alone is not evidence of SQL reads/writes"
"src/Jularr.Web/Features/Acquisition/Pipeline/AnimeWantedSource.cs","Acquisition","OTHER_SOURCE","SOURCE_PATH_INDEXED_NOT_PROVEN_DB_USAGE","PHASE_E_OWNER_MAPPING_PENDING","NOT_SCANNED_YET","Use Phase A semantic references index; file path alone is not evidence of SQL reads/writes"
"src/Jularr.Web/Features/Acquisition/ProtectedSecrets.cs","Acquisition","OTHER_SOURCE","SOURCE_PATH_INDEXED_NOT_PROVEN_DB_USAGE","PHASE_E_OWNER_MAPPING_PENDING","NOT_SCANNED_YET","Use Phase A semantic references index; file path alone is not evidence of SQL reads/writes"
"src/Jularr.Web/Features/Acquisition/Prowlarr/ProwlarrClient.cs","Acquisition","OTHER_SOURCE","SOURCE_PATH_INDEXED_NOT_PROVEN_DB_USAGE","PHASE_E_OWNER_MAPPING_PENDING","NOT_SCANNED_YET","Use Phase A semantic references index; file path alone is not evidence of SQL reads/writes"
"src/Jularr.Web/Features/Acquisition/Prowlarr/ProwlarrModels.cs","Acquisition","OTHER_SOURCE","SOURCE_PATH_INDEXED_NOT_PROVEN_DB_USAGE","PHASE_E_OWNER_MAPPING_PENDING","NOT_SCANNED_YET","Use Phase A semantic references index; file path alone is not evidence of SQL reads/writes"
"src/Jularr.Web/Features/Acquisition/Quality/ProfileTest.cs","Acquisition","OTHER_SOURCE","SOURCE_PATH_INDEXED_NOT_PROVEN_DB_USAGE","PHASE_E_OWNER_MAPPING_PENDING","NOT_SCANNED_YET","Use Phase A semantic references index; file path alone is not evidence of SQL reads/writes"
"src/Jularr.Web/Features/Acquisition/Quality/QualityModels.cs","Acquisition","OTHER_SOURCE","SOURCE_PATH_INDEXED_NOT_PROVEN_DB_USAGE","PHASE_E_OWNER_MAPPING_PENDING","NOT_SCANNED_YET","Use Phase A semantic references index; file path alone is not evidence of SQL reads/writes"
"src/Jularr.Web/Features/Acquisition/Quality/QualityProfileEditing.cs","Acquisition","OTHER_SOURCE","SOURCE_PATH_INDEXED_NOT_PROVEN_DB_USAGE","PHASE_E_OWNER_MAPPING_PENDING","NOT_SCANNED_YET","Use Phase A semantic references index; file path alone is not evidence of SQL reads/writes"
"src/Jularr.Web/Features/Acquisition/Quality/QualityProfileStore.cs","Acquisition","DB_ACCESS_CANDIDATE","SOURCE_PATH_INDEXED_NOT_PROVEN_DB_USAGE","PHASE_E_OWNER_MAPPING_PENDING","NOT_SCANNED_YET","Use Phase A semantic references index; file path alone is not evidence of SQL reads/writes"
"src/Jularr.Web/Features/Acquisition/Quality/ReleaseScorer.cs","Acquisition","OTHER_SOURCE","SOURCE_PATH_INDEXED_NOT_PROVEN_DB_USAGE","PHASE_E_OWNER_MAPPING_PENDING","NOT_SCANNED_YET","Use Phase A semantic references index; file path alone is not evidence of SQL reads/writes"
"src/Jularr.Web/Features/Acquisition/Release/AudiobookAcquisitionRegistration.cs","Acquisition","OTHER_SOURCE","SOURCE_PATH_INDEXED_NOT_PROVEN_DB_USAGE","PHASE_E_OWNER_MAPPING_PENDING","NOT_SCANNED_YET","Use Phase A semantic references index; file path alone is not evidence of SQL reads/writes"
"src/Jularr.Web/Features/Acquisition/Release/BookAcquisitionRegistration.cs","Acquisition","OTHER_SOURCE","SOURCE_PATH_INDEXED_NOT_PROVEN_DB_USAGE","PHASE_E_OWNER_MAPPING_PENDING","NOT_SCANNED_YET","Use Phase A semantic references index; file path alone is not evidence of SQL reads/writes"
"src/Jularr.Web/Features/Acquisition/Release/MediaAcquisitionRegistry.cs","Acquisition","OTHER_SOURCE","SOURCE_PATH_INDEXED_NOT_PROVEN_DB_USAGE","PHASE_E_OWNER_MAPPING_PENDING","NOT_SCANNED_YET","Use Phase A semantic references index; file path alone is not evidence of SQL reads/writes"
"src/Jularr.Web/Features/Acquisition/Release/MusicAcquisitionRegistration.cs","Acquisition","OTHER_SOURCE","SOURCE_PATH_INDEXED_NOT_PROVEN_DB_USAGE","PHASE_E_OWNER_MAPPING_PENDING","NOT_SCANNED_YET","Use Phase A semantic references index; file path alone is not evidence of SQL reads/writes"
"src/Jularr.Web/Features/Acquisition/Release/ReleaseModels.cs","Acquisition","OTHER_SOURCE","SOURCE_PATH_INDEXED_NOT_PROVEN_DB_USAGE","PHASE_E_OWNER_MAPPING_PENDING","NOT_SCANNED_YET","Use Phase A semantic references index; file path alone is not evidence of SQL reads/writes"
"src/Jularr.Web/Features/Acquisition/Release/ReleaseParser.cs","Acquisition","OTHER_SOURCE","SOURCE_PATH_INDEXED_NOT_PROVEN_DB_USAGE","PHASE_E_OWNER_MAPPING_PENDING","NOT_SCANNED_YET","Use Phase A semantic references index; file path alone is not evidence of SQL reads/writes"
"src/Jularr.Web/Features/Acquisition/Release/VideoAcquisitionRegistrations.cs","Acquisition","OTHER_SOURCE","SOURCE_PATH_INDEXED_NOT_PROVEN_DB_USAGE","PHASE_E_OWNER_MAPPING_PENDING","NOT_SCANNED_YET","Use Phase A semantic references index; file path alone is not evidence of SQL reads/writes"
"src/Jularr.Web/Features/Acquisition/Sabnzbd/SabnzbdAcquisitionStore.cs","Acquisition","DB_ACCESS_CANDIDATE","SOURCE_PATH_INDEXED_NOT_PROVEN_DB_USAGE","PHASE_E_OWNER_MAPPING_PENDING","NOT_SCANNED_YET","Use Phase A semantic references index; file path alone is not evidence of SQL reads/writes"
"src/Jularr.Web/Features/Acquisition/Sabnzbd/SabnzbdClient.cs","Acquisition","OTHER_SOURCE","SOURCE_PATH_INDEXED_NOT_PROVEN_DB_USAGE","PHASE_E_OWNER_MAPPING_PENDING","NOT_SCANNED_YET","Use Phase A semantic references index; file path alone is not evidence of SQL reads/writes"
"src/Jularr.Web/Features/Acquisition/Sabnzbd/SabnzbdDownloadService.cs","Acquisition","OTHER_SOURCE","SOURCE_PATH_INDEXED_NOT_PROVEN_DB_USAGE","PHASE_E_OWNER_MAPPING_PENDING","NOT_SCANNED_YET","Use Phase A semantic references index; file path alone is not evidence of SQL reads/writes"
"src/Jularr.Web/Features/Acquisition/Sabnzbd/SabnzbdModels.cs","Acquisition","OTHER_SOURCE","SOURCE_PATH_INDEXED_NOT_PROVEN_DB_USAGE","PHASE_E_OWNER_MAPPING_PENDING","NOT_SCANNED_YET","Use Phase A semantic references index; file path alone is not evidence of SQL reads/writes"
"src/Jularr.Web/Features/Acquisition/Search/ReleaseDeduplicator.cs","Acquisition","OTHER_SOURCE","SOURCE_PATH_INDEXED_NOT_PROVEN_DB_USAGE","PHASE_E_OWNER_MAPPING_PENDING","NOT_SCANNED_YET","Use Phase A semantic references index; file path alone is not evidence of SQL reads/writes"
"src/Jularr.Web/Features/Acquisition/Search/SearchEvidenceCache.cs","Acquisition","OTHER_SOURCE","SOURCE_PATH_INDEXED_NOT_PROVEN_DB_USAGE","PHASE_E_OWNER_MAPPING_PENDING","NOT_SCANNED_YET","Use Phase A semantic references index; file path alone is not evidence of SQL reads/writes"
"src/Jularr.Web/Features/Acquisition/Search/SearchModels.cs","Acquisition","OTHER_SOURCE","SOURCE_PATH_INDEXED_NOT_PROVEN_DB_USAGE","PHASE_E_OWNER_MAPPING_PENDING","NOT_SCANNED_YET","Use Phase A semantic references index; file path alone is not evidence of SQL reads/writes"
"src/Jularr.Web/Features/Acquisition/Search/SearchPlanner.cs","Acquisition","OTHER_SOURCE","SOURCE_PATH_INDEXED_NOT_PROVEN_DB_USAGE","PHASE_E_OWNER_MAPPING_PENDING","NOT_SCANNED_YET","Use Phase A semantic references index; file path alone is not evidence of SQL reads/writes"
"src/Jularr.Web/Features/Acquisition/Search/TitleMatcher.cs","Acquisition","OTHER_SOURCE","SOURCE_PATH_INDEXED_NOT_PROVEN_DB_USAGE","PHASE_E_OWNER_MAPPING_PENDING","NOT_SCANNED_YET","Use Phase A semantic references index; file path alone is not evidence of SQL reads/writes"
"src/Jularr.Web/Features/Acquisition/Selection/InstalledVideoVersions.cs","Acquisition","OTHER_SOURCE","SOURCE_PATH_INDEXED_NOT_PROVEN_DB_USAGE","PHASE_E_OWNER_MAPPING_PENDING","NOT_SCANNED_YET","Use Phase A semantic references index; file path alone is not evidence of SQL reads/writes"
"src/Jularr.Web/Features/Acquisition/Selection/ReleaseReliabilityService.cs","Acquisition","OTHER_SOURCE","SOURCE_PATH_INDEXED_NOT_PROVEN_DB_USAGE","PHASE_E_OWNER_MAPPING_PENDING","NOT_SCANNED_YET","Use Phase A semantic references index; file path alone is not evidence of SQL reads/writes"
"src/Jularr.Web/Features/Acquisition/Selection/ReleaseSelection.cs","Acquisition","OTHER_SOURCE","SOURCE_PATH_INDEXED_NOT_PROVEN_DB_USAGE","PHASE_E_OWNER_MAPPING_PENDING","NOT_SCANNED_YET","Use Phase A semantic references index; file path alone is not evidence of SQL reads/writes"
"src/Jularr.Web/Features/Acquisition/Selection/UpgradePolicy.cs","Acquisition","OTHER_SOURCE","SOURCE_PATH_INDEXED_NOT_PROVEN_DB_USAGE","PHASE_E_OWNER_MAPPING_PENDING","NOT_SCANNED_YET","Use Phase A semantic references index; file path alone is not evidence of SQL reads/writes"
"src/Jularr.Web/Features/Acquisition/Wanted/AdminWantedQuery.cs","Acquisition","DB_ACCESS_CANDIDATE","SOURCE_PATH_INDEXED_NOT_PROVEN_DB_USAGE","PHASE_E_OWNER_MAPPING_PENDING","NOT_SCANNED_YET","Use Phase A semantic references index; file path alone is not evidence of SQL reads/writes"
"src/Jularr.Web/Features/Acquisition/Wanted/ReleaseRequestState.cs","Acquisition","OTHER_SOURCE","SOURCE_PATH_INDEXED_NOT_PROVEN_DB_USAGE","PHASE_E_OWNER_MAPPING_PENDING","NOT_SCANNED_YET","Use Phase A semantic references index; file path alone is not evidence of SQL reads/writes"
"src/Jularr.Web/Features/Acquisition/Wanted/RequestIntent.cs","Acquisition","OTHER_SOURCE","SOURCE_PATH_INDEXED_NOT_PROVEN_DB_USAGE","PHASE_E_OWNER_MAPPING_PENDING","NOT_SCANNED_YET","Use Phase A semantic references index; file path alone is not evidence of SQL reads/writes"
"src/Jularr.Web/Features/Acquisition/Wanted/UpgradeAssessors.cs","Acquisition","OTHER_SOURCE","SOURCE_PATH_INDEXED_NOT_PROVEN_DB_USAGE","PHASE_E_OWNER_MAPPING_PENDING","NOT_SCANNED_YET","Use Phase A semantic references index; file path alone is not evidence of SQL reads/writes"
"src/Jularr.Web/Features/Acquisition/Wanted/UpgradeWantedSource.cs","Acquisition","OTHER_SOURCE","SOURCE_PATH_INDEXED_NOT_PROVEN_DB_USAGE","PHASE_E_OWNER_MAPPING_PENDING","NOT_SCANNED_YET","Use Phase A semantic references index; file path alone is not evidence of SQL reads/writes"
"src/Jularr.Web/Features/Acquisition/Wanted/VideoWantedSource.cs","Acquisition","OTHER_SOURCE","SOURCE_PATH_INDEXED_NOT_PROVEN_DB_USAGE","PHASE_E_OWNER_MAPPING_PENDING","NOT_SCANNED_YET","Use Phase A semantic references index; file path alone is not evidence of SQL reads/writes"
"src/Jularr.Web/Features/Acquisition/Wanted/WantedAcquisitionService.cs","Acquisition","OTHER_SOURCE","SOURCE_PATH_INDEXED_NOT_PROVEN_DB_USAGE","PHASE_E_OWNER_MAPPING_PENDING","NOT_SCANNED_YET","Use Phase A semantic references index; file path alone is not evidence of SQL reads/writes"
"src/Jularr.Web/Features/Acquisition/Wanted/WantedListService.cs","Acquisition","OTHER_SOURCE","SOURCE_PATH_INDEXED_NOT_PROVEN_DB_USAGE","PHASE_E_OWNER_MAPPING_PENDING","NOT_SCANNED_YET","Use Phase A semantic references index; file path alone is not evidence of SQL reads/writes"
"src/Jularr.Web/Features/Acquisition/Wanted/WantedModels.cs","Acquisition","OTHER_SOURCE","SOURCE_PATH_INDEXED_NOT_PROVEN_DB_USAGE","PHASE_E_OWNER_MAPPING_PENDING","NOT_SCANNED_YET","Use Phase A semantic references index; file path alone is not evidence of SQL reads/writes"
"src/Jularr.Web/Features/Acquisition/Wanted/WantedReconciler.cs","Acquisition","OTHER_SOURCE","SOURCE_PATH_INDEXED_NOT_PROVEN_DB_USAGE","PHASE_E_OWNER_MAPPING_PENDING","NOT_SCANNED_YET","Use Phase A semantic references index; file path alone is not evidence of SQL reads/writes"
"src/Jularr.Web/Features/Acquisition/Wanted/WantedRequestSource.cs","Acquisition","OTHER_SOURCE","SOURCE_PATH_INDEXED_NOT_PROVEN_DB_USAGE","PHASE_E_OWNER_MAPPING_PENDING","NOT_SCANNED_YET","Use Phase A semantic references index; file path alone is not evidence of SQL reads/writes"
"src/Jularr.Web/Features/Acquisition/Wanted/WantedSql.cs","Acquisition","DB_ACCESS_CANDIDATE","SOURCE_PATH_INDEXED_NOT_PROVEN_DB_USAGE","PHASE_E_OWNER_MAPPING_PENDING","NOT_SCANNED_YET","Use Phase A semantic references index; file path alone is not evidence of SQL reads/writes"
"src/Jularr.Web/Features/Admin/AdminDashboardFormat.cs","Admin","OTHER_SOURCE","SOURCE_PATH_INDEXED_NOT_PROVEN_DB_USAGE","PHASE_E_OWNER_MAPPING_PENDING","NOT_SCANNED_YET","Use Phase A semantic references index; file path alone is not evidence of SQL reads/writes"
"src/Jularr.Web/Features/Admin/AdminDashboardService.cs","Admin","OTHER_SOURCE","SOURCE_PATH_INDEXED_NOT_PROVEN_DB_USAGE","PHASE_E_OWNER_MAPPING_PENDING","NOT_SCANNED_YET","Use Phase A semantic references index; file path alone is not evidence of SQL reads/writes"
"src/Jularr.Web/Features/Admin/AdminOverviewService.cs","Admin","OTHER_SOURCE","SOURCE_PATH_INDEXED_NOT_PROVEN_DB_USAGE","PHASE_E_OWNER_MAPPING_PENDING","NOT_SCANNED_YET","Use Phase A semantic references index; file path alone is not evidence of SQL reads/writes"
"src/Jularr.Web/Features/Admin/AdminSessionsService.cs","Admin","OTHER_SOURCE","SOURCE_PATH_INDEXED_NOT_PROVEN_DB_USAGE","PHASE_E_OWNER_MAPPING_PENDING","NOT_SCANNED_YET","Use Phase A semantic references index; file path alone is not evidence of SQL reads/writes"
"src/Jularr.Web/Features/Admin/AdminUserProgressService.cs","Admin","OTHER_SOURCE","SOURCE_PATH_INDEXED_NOT_PROVEN_DB_USAGE","PHASE_E_OWNER_MAPPING_PENDING","NOT_SCANNED_YET","Use Phase A semantic references index; file path alone is not evidence of SQL reads/writes"
"src/Jularr.Web/Features/Admin/ContainerMounts.cs","Admin","OTHER_SOURCE","SOURCE_PATH_INDEXED_NOT_PROVEN_DB_USAGE","PHASE_E_OWNER_MAPPING_PENDING","NOT_SCANNED_YET","Use Phase A semantic references index; file path alone is not evidence of SQL reads/writes"
"src/Jularr.Web/Features/Admin/StackResourceTelemetry.cs","Admin","OTHER_SOURCE","SOURCE_PATH_INDEXED_NOT_PROVEN_DB_USAGE","PHASE_E_OWNER_MAPPING_PENDING","NOT_SCANNED_YET","Use Phase A semantic references index; file path alone is not evidence of SQL reads/writes"
"src/Jularr.Web/Features/Ai/AiActivity.cs","Ai","OTHER_SOURCE","SOURCE_PATH_INDEXED_NOT_PROVEN_DB_USAGE","PHASE_E_OWNER_MAPPING_PENDING","NOT_SCANNED_YET","Use Phase A semantic references index; file path alone is not evidence of SQL reads/writes"
"src/Jularr.Web/Features/Ai/AiActivityEndpoints.cs","Ai","HTTP_ENDPOINT","SOURCE_PATH_INDEXED_NOT_PROVEN_DB_USAGE","PHASE_E_OWNER_MAPPING_PENDING","NOT_SCANNED_YET","Use Phase A semantic references index; file path alone is not evidence of SQL reads/writes"
"src/Jularr.Web/Features/Ai/AiActivityRunner.cs","Ai","OTHER_SOURCE","SOURCE_PATH_INDEXED_NOT_PROVEN_DB_USAGE","PHASE_E_OWNER_MAPPING_PENDING","NOT_SCANNED_YET","Use Phase A semantic references index; file path alone is not evidence of SQL reads/writes"
"src/Jularr.Web/Features/Ai/AiBookPreset.cs","Ai","OTHER_SOURCE","SOURCE_PATH_INDEXED_NOT_PROVEN_DB_USAGE","PHASE_E_OWNER_MAPPING_PENDING","NOT_SCANNED_YET","Use Phase A semantic references index; file path alone is not evidence of SQL reads/writes"
"src/Jularr.Web/Features/Ai/AiBudget.cs","Ai","OTHER_SOURCE","SOURCE_PATH_INDEXED_NOT_PROVEN_DB_USAGE","PHASE_E_OWNER_MAPPING_PENDING","NOT_SCANNED_YET","Use Phase A semantic references index; file path alone is not evidence of SQL reads/writes"
"src/Jularr.Web/Features/Ai/AiCapabilities.cs","Ai","OTHER_SOURCE","SOURCE_PATH_INDEXED_NOT_PROVEN_DB_USAGE","PHASE_E_OWNER_MAPPING_PENDING","NOT_SCANNED_YET","Use Phase A semantic references index; file path alone is not evidence of SQL reads/writes"
"src/Jularr.Web/Features/Ai/AiControlCenterViews.cs","Ai","OTHER_SOURCE","SOURCE_PATH_INDEXED_NOT_PROVEN_DB_USAGE","PHASE_E_OWNER_MAPPING_PENDING","NOT_SCANNED_YET","Use Phase A semantic references index; file path alone is not evidence of SQL reads/writes"
"src/Jularr.Web/Features/Ai/AiErrorSanitizer.cs","Ai","OTHER_SOURCE","SOURCE_PATH_INDEXED_NOT_PROVEN_DB_USAGE","PHASE_E_OWNER_MAPPING_PENDING","NOT_SCANNED_YET","Use Phase A semantic references index; file path alone is not evidence of SQL reads/writes"
"src/Jularr.Web/Features/Ai/AiImageGeneration.cs","Ai","OTHER_SOURCE","SOURCE_PATH_INDEXED_NOT_PROVEN_DB_USAGE","PHASE_E_OWNER_MAPPING_PENDING","NOT_SCANNED_YET","Use Phase A semantic references index; file path alone is not evidence of SQL reads/writes"
"src/Jularr.Web/Features/Ai/AiModelCatalog.cs","Ai","OTHER_SOURCE","SOURCE_PATH_INDEXED_NOT_PROVEN_DB_USAGE","PHASE_E_OWNER_MAPPING_PENDING","NOT_SCANNED_YET","Use Phase A semantic references index; file path alone is not evidence of SQL reads/writes"
"src/Jularr.Web/Features/Ai/AiModelCatalogStore.cs","Ai","DB_ACCESS_CANDIDATE","SOURCE_PATH_INDEXED_NOT_PROVEN_DB_USAGE","PHASE_E_OWNER_MAPPING_PENDING","NOT_SCANNED_YET","Use Phase A semantic references index; file path alone is not evidence of SQL reads/writes"
"src/Jularr.Web/Features/Ai/AiOptionResolver.cs","Ai","OTHER_SOURCE","SOURCE_PATH_INDEXED_NOT_PROVEN_DB_USAGE","PHASE_E_OWNER_MAPPING_PENDING","NOT_SCANNED_YET","Use Phase A semantic references index; file path alone is not evidence of SQL reads/writes"
"src/Jularr.Web/Features/Ai/AiProfileSettings.cs","Ai","OTHER_SOURCE","SOURCE_PATH_INDEXED_NOT_PROVEN_DB_USAGE","PHASE_E_OWNER_MAPPING_PENDING","NOT_SCANNED_YET","Use Phase A semantic references index; file path alone is not evidence of SQL reads/writes"
"src/Jularr.Web/Features/Ai/AiProfileSettingsStore.cs","Ai","DB_ACCESS_CANDIDATE","SOURCE_PATH_INDEXED_NOT_PROVEN_DB_USAGE","PHASE_E_OWNER_MAPPING_PENDING","NOT_SCANNED_YET","Use Phase A semantic references index; file path alone is not evidence of SQL reads/writes"
"src/Jularr.Web/Features/Ai/AiQuota.cs","Ai","OTHER_SOURCE","SOURCE_PATH_INDEXED_NOT_PROVEN_DB_USAGE","PHASE_E_OWNER_MAPPING_PENDING","NOT_SCANNED_YET","Use Phase A semantic references index; file path alone is not evidence of SQL reads/writes"
"src/Jularr.Web/Features/Ai/AiSentenceExplanation.cs","Ai","OTHER_SOURCE","SOURCE_PATH_INDEXED_NOT_PROVEN_DB_USAGE","PHASE_E_OWNER_MAPPING_PENDING","NOT_SCANNED_YET","Use Phase A semantic references index; file path alone is not evidence of SQL reads/writes"
"src/Jularr.Web/Features/Ai/AiSentenceExplanationService.cs","Ai","OTHER_SOURCE","SOURCE_PATH_INDEXED_NOT_PROVEN_DB_USAGE","PHASE_E_OWNER_MAPPING_PENDING","NOT_SCANNED_YET","Use Phase A semantic references index; file path alone is not evidence of SQL reads/writes"
"src/Jularr.Web/Features/Ai/AiUsageStore.cs","Ai","DB_ACCESS_CANDIDATE","SOURCE_PATH_INDEXED_NOT_PROVEN_DB_USAGE","PHASE_E_OWNER_MAPPING_PENDING","NOT_SCANNED_YET","Use Phase A semantic references index; file path alone is not evidence of SQL reads/writes"
"src/Jularr.Web/Features/Ai/AiUsageTracker.cs","Ai","OTHER_SOURCE","SOURCE_PATH_INDEXED_NOT_PROVEN_DB_USAGE","PHASE_E_OWNER_MAPPING_PENDING","NOT_SCANNED_YET","Use Phase A semantic references index; file path alone is not evidence of SQL reads/writes"
"src/Jularr.Web/Features/Ai/AiWorkScope.cs","Ai","OTHER_SOURCE","SOURCE_PATH_INDEXED_NOT_PROVEN_DB_USAGE","PHASE_E_OWNER_MAPPING_PENDING","NOT_SCANNED_YET","Use Phase A semantic references index; file path alone is not evidence of SQL reads/writes"
"src/Jularr.Web/Features/Ai/IAiProvider.cs","Ai","OTHER_SOURCE","SOURCE_PATH_INDEXED_NOT_PROVEN_DB_USAGE","PHASE_E_OWNER_MAPPING_PENDING","NOT_SCANNED_YET","Use Phase A semantic references index; file path alone is not evidence of SQL reads/writes"
"src/Jularr.Web/Features/Appearance/AccentPalette.cs","Appearance","OTHER_SOURCE","SOURCE_PATH_INDEXED_NOT_PROVEN_DB_USAGE","PHASE_E_OWNER_MAPPING_PENDING","NOT_SCANNED_YET","Use Phase A semantic references index; file path alone is not evidence of SQL reads/writes"
"src/Jularr.Web/Features/Appearance/AppSakura.cs","Appearance","OTHER_SOURCE","SOURCE_PATH_INDEXED_NOT_PROVEN_DB_USAGE","PHASE_E_OWNER_MAPPING_PENDING","NOT_SCANNED_YET","Use Phase A semantic references index; file path alone is not evidence of SQL reads/writes"
"src/Jularr.Web/Features/Appearance/AppTheme.cs","Appearance","OTHER_SOURCE","SOURCE_PATH_INDEXED_NOT_PROVEN_DB_USAGE","PHASE_E_OWNER_MAPPING_PENDING","NOT_SCANNED_YET","Use Phase A semantic references index; file path alone is not evidence of SQL reads/writes"
"src/Jularr.Web/Features/Appearance/ColorMath.cs","Appearance","OTHER_SOURCE","SOURCE_PATH_INDEXED_NOT_PROVEN_DB_USAGE","PHASE_E_OWNER_MAPPING_PENDING","NOT_SCANNED_YET","Use Phase A semantic references index; file path alone is not evidence of SQL reads/writes"
"src/Jularr.Web/Features/Appearance/InstanceAppearanceSettingsStore.cs","Appearance","DB_ACCESS_CANDIDATE","SOURCE_PATH_INDEXED_NOT_PROVEN_DB_USAGE","PHASE_E_OWNER_MAPPING_PENDING","NOT_SCANNED_YET","Use Phase A semantic references index; file path alone is not evidence of SQL reads/writes"
"src/Jularr.Web/Features/Appearance/ProfileAppearanceStore.cs","Appearance","DB_ACCESS_CANDIDATE","SOURCE_PATH_INDEXED_NOT_PROVEN_DB_USAGE","PHASE_E_OWNER_MAPPING_PENDING","NOT_SCANNED_YET","Use Phase A semantic references index; file path alone is not evidence of SQL reads/writes"
"src/Jularr.Web/Features/Appearance/ThemeCatalog.cs","Appearance","OTHER_SOURCE","SOURCE_PATH_INDEXED_NOT_PROVEN_DB_USAGE","PHASE_E_OWNER_MAPPING_PENDING","NOT_SCANNED_YET","Use Phase A semantic references index; file path alone is not evidence of SQL reads/writes"
"src/Jularr.Web/Features/Artwork/AnimeArtworkFiles.cs","Artwork","OTHER_SOURCE","SOURCE_PATH_INDEXED_NOT_PROVEN_DB_USAGE","PHASE_E_OWNER_MAPPING_PENDING","NOT_SCANNED_YET","Use Phase A semantic references index; file path alone is not evidence of SQL reads/writes"
"src/Jularr.Web/Features/Artwork/AnimeArtworkLibrary.cs","Artwork","OTHER_SOURCE","SOURCE_PATH_INDEXED_NOT_PROVEN_DB_USAGE","PHASE_E_OWNER_MAPPING_PENDING","NOT_SCANNED_YET","Use Phase A semantic references index; file path alone is not evidence of SQL reads/writes"
"src/Jularr.Web/Features/Artwork/AnimeArtworkSourceResolver.cs","Artwork","OTHER_SOURCE","SOURCE_PATH_INDEXED_NOT_PROVEN_DB_USAGE","PHASE_E_OWNER_MAPPING_PENDING","NOT_SCANNED_YET","Use Phase A semantic references index; file path alone is not evidence of SQL reads/writes"
"src/Jularr.Web/Features/Artwork/AnimeArtworkStore.cs","Artwork","DB_ACCESS_CANDIDATE","SOURCE_PATH_INDEXED_NOT_PROVEN_DB_USAGE","PHASE_E_OWNER_MAPPING_PENDING","NOT_SCANNED_YET","Use Phase A semantic references index; file path alone is not evidence of SQL reads/writes"
"src/Jularr.Web/Features/Artwork/AnimeMediaFolders.cs","Artwork","OTHER_SOURCE","SOURCE_PATH_INDEXED_NOT_PROVEN_DB_USAGE","PHASE_E_OWNER_MAPPING_PENDING","NOT_SCANNED_YET","Use Phase A semantic references index; file path alone is not evidence of SQL reads/writes"
"src/Jularr.Web/Features/Artwork/BesideMediaArtworkCache.cs","Artwork","OTHER_SOURCE","SOURCE_PATH_INDEXED_NOT_PROVEN_DB_USAGE","PHASE_E_OWNER_MAPPING_PENDING","NOT_SCANNED_YET","Use Phase A semantic references index; file path alone is not evidence of SQL reads/writes"
"src/Jularr.Web/Features/Artwork/BesideMediaArtworkStore.cs","Artwork","DB_ACCESS_CANDIDATE","SOURCE_PATH_INDEXED_NOT_PROVEN_DB_USAGE","PHASE_E_OWNER_MAPPING_PENDING","NOT_SCANNED_YET","Use Phase A semantic references index; file path alone is not evidence of SQL reads/writes"
"src/Jularr.Web/Features/Artwork/LibrarySeriesFolder.cs","Artwork","OTHER_SOURCE","SOURCE_PATH_INDEXED_NOT_PROVEN_DB_USAGE","PHASE_E_OWNER_MAPPING_PENDING","NOT_SCANNED_YET","Use Phase A semantic references index; file path alone is not evidence of SQL reads/writes"
"src/Jularr.Web/Features/Artwork/MediaArtworkAssetStore.cs","Artwork","DB_ACCESS_CANDIDATE","SOURCE_PATH_INDEXED_NOT_PROVEN_DB_USAGE","PHASE_E_OWNER_MAPPING_PENDING","NOT_SCANNED_YET","Use Phase A semantic references index; file path alone is not evidence of SQL reads/writes"
"src/Jularr.Web/Features/Artwork/ReadingCoverArtwork.cs","Artwork","OTHER_SOURCE","SOURCE_PATH_INDEXED_NOT_PROVEN_DB_USAGE","PHASE_E_OWNER_MAPPING_PENDING","NOT_SCANNED_YET","Use Phase A semantic references index; file path alone is not evidence of SQL reads/writes"
"src/Jularr.Web/Features/Artwork/WorkArtworkCache.cs","Artwork","OTHER_SOURCE","SOURCE_PATH_INDEXED_NOT_PROVEN_DB_USAGE","PHASE_E_OWNER_MAPPING_PENDING","NOT_SCANNED_YET","Use Phase A semantic references index; file path alone is not evidence of SQL reads/writes"
"src/Jularr.Web/Features/Audiobooks/Audiobook.cs","Audiobooks","OTHER_SOURCE","SOURCE_PATH_INDEXED_NOT_PROVEN_DB_USAGE","PHASE_E_OWNER_MAPPING_PENDING","NOT_SCANNED_YET","Use Phase A semantic references index; file path alone is not evidence of SQL reads/writes"
"src/Jularr.Web/Features/Audiobooks/AudiobookAcquisition.cs","Audiobooks","OTHER_SOURCE","SOURCE_PATH_INDEXED_NOT_PROVEN_DB_USAGE","PHASE_E_OWNER_MAPPING_PENDING","NOT_SCANNED_YET","Use Phase A semantic references index; file path alone is not evidence of SQL reads/writes"
"src/Jularr.Web/Features/Audiobooks/AudiobookCompletedDownloadImportAdapter.cs","Audiobooks","OTHER_SOURCE","SOURCE_PATH_INDEXED_NOT_PROVEN_DB_USAGE","PHASE_E_OWNER_MAPPING_PENDING","NOT_SCANNED_YET","Use Phase A semantic references index; file path alone is not evidence of SQL reads/writes"
"src/Jularr.Web/Features/Audiobooks/AudiobookFileFormats.cs","Audiobooks","OTHER_SOURCE","SOURCE_PATH_INDEXED_NOT_PROVEN_DB_USAGE","PHASE_E_OWNER_MAPPING_PENDING","NOT_SCANNED_YET","Use Phase A semantic references index; file path alone is not evidence of SQL reads/writes"
"src/Jularr.Web/Features/Audiobooks/AudiobookLibraryService.cs","Audiobooks","OTHER_SOURCE","SOURCE_PATH_INDEXED_NOT_PROVEN_DB_USAGE","PHASE_E_OWNER_MAPPING_PENDING","NOT_SCANNED_YET","Use Phase A semantic references index; file path alone is not evidence of SQL reads/writes"
"src/Jularr.Web/Features/Audiobooks/AudiobookMetadata.cs","Audiobooks","OTHER_SOURCE","SOURCE_PATH_INDEXED_NOT_PROVEN_DB_USAGE","PHASE_E_OWNER_MAPPING_PENDING","NOT_SCANNED_YET","Use Phase A semantic references index; file path alone is not evidence of SQL reads/writes"
"src/Jularr.Web/Features/Audiobooks/AudiobookNaming.cs","Audiobooks","OTHER_SOURCE","SOURCE_PATH_INDEXED_NOT_PROVEN_DB_USAGE","PHASE_E_OWNER_MAPPING_PENDING","NOT_SCANNED_YET","Use Phase A semantic references index; file path alone is not evidence of SQL reads/writes"
"src/Jularr.Web/Features/Audiobooks/AudiobookProgress.cs","Audiobooks","OTHER_SOURCE","SOURCE_PATH_INDEXED_NOT_PROVEN_DB_USAGE","PHASE_E_OWNER_MAPPING_PENDING","NOT_SCANNED_YET","Use Phase A semantic references index; file path alone is not evidence of SQL reads/writes"
"src/Jularr.Web/Features/Audiobooks/AudiobookUpgradeAssessor.cs","Audiobooks","OTHER_SOURCE","SOURCE_PATH_INDEXED_NOT_PROVEN_DB_USAGE","PHASE_E_OWNER_MAPPING_PENDING","NOT_SCANNED_YET","Use Phase A semantic references index; file path alone is not evidence of SQL reads/writes"
"src/Jularr.Web/Features/Auth/AccountLoginIdentity.cs","Auth","OTHER_SOURCE","SOURCE_PATH_INDEXED_NOT_PROVEN_DB_USAGE","PHASE_E_OWNER_MAPPING_PENDING","NOT_SCANNED_YET","Use Phase A semantic references index; file path alone is not evidence of SQL reads/writes"
"src/Jularr.Web/Features/Auth/AdminAccountService.cs","Auth","OTHER_SOURCE","SOURCE_PATH_INDEXED_NOT_PROVEN_DB_USAGE","PHASE_E_OWNER_MAPPING_PENDING","NOT_SCANNED_YET","Use Phase A semantic references index; file path alone is not evidence of SQL reads/writes"
"src/Jularr.Web/Features/Auth/CurrentAccountContext.cs","Auth","OTHER_SOURCE","SOURCE_PATH_INDEXED_NOT_PROVEN_DB_USAGE","PHASE_E_OWNER_MAPPING_PENDING","NOT_SCANNED_YET","Use Phase A semantic references index; file path alone is not evidence of SQL reads/writes"
"src/Jularr.Web/Features/Auth/JularrPolicies.cs","Auth","OTHER_SOURCE","SOURCE_PATH_INDEXED_NOT_PROVEN_DB_USAGE","PHASE_E_OWNER_MAPPING_PENDING","NOT_SCANNED_YET","Use Phase A semantic references index; file path alone is not evidence of SQL reads/writes"
"src/Jularr.Web/Features/Auth/MediaCapabilityModels.cs","Auth","OTHER_SOURCE","SOURCE_PATH_INDEXED_NOT_PROVEN_DB_USAGE","PHASE_E_OWNER_MAPPING_PENDING","NOT_SCANNED_YET","Use Phase A semantic references index; file path alone is not evidence of SQL reads/writes"
"src/Jularr.Web/Features/Auth/MediaCapabilityService.cs","Auth","OTHER_SOURCE","SOURCE_PATH_INDEXED_NOT_PROVEN_DB_USAGE","PHASE_E_OWNER_MAPPING_PENDING","NOT_SCANNED_YET","Use Phase A semantic references index; file path alone is not evidence of SQL reads/writes"
"src/Jularr.Web/Features/Auth/MediaCapabilityStore.cs","Auth","DB_ACCESS_CANDIDATE","SOURCE_PATH_INDEXED_NOT_PROVEN_DB_USAGE","PHASE_E_OWNER_MAPPING_PENDING","NOT_SCANNED_YET","Use Phase A semantic references index; file path alone is not evidence of SQL reads/writes"
"src/Jularr.Web/Features/Auth/OwnerAccount.cs","Auth","OTHER_SOURCE","SOURCE_PATH_INDEXED_NOT_PROVEN_DB_USAGE","PHASE_E_OWNER_MAPPING_PENDING","NOT_SCANNED_YET","Use Phase A semantic references index; file path alone is not evidence of SQL reads/writes"
"src/Jularr.Web/Features/Auth/OwnerAuthService.cs","Auth","OTHER_SOURCE","SOURCE_PATH_INDEXED_NOT_PROVEN_DB_USAGE","PHASE_E_OWNER_MAPPING_PENDING","NOT_SCANNED_YET","Use Phase A semantic references index; file path alone is not evidence of SQL reads/writes"
"src/Jularr.Web/Features/Auth/PlexLoginAttempt.cs","Auth","OTHER_SOURCE","SOURCE_PATH_INDEXED_NOT_PROVEN_DB_USAGE","PHASE_E_OWNER_MAPPING_PENDING","NOT_SCANNED_YET","Use Phase A semantic references index; file path alone is not evidence of SQL reads/writes"
"src/Jularr.Web/Features/Books/BookAcquisitionExecutor.cs","Books","OTHER_SOURCE","SOURCE_PATH_INDEXED_NOT_PROVEN_DB_USAGE","PHASE_E_OWNER_MAPPING_PENDING","NOT_SCANNED_YET","Use Phase A semantic references index; file path alone is not evidence of SQL reads/writes"
"src/Jularr.Web/Features/Books/BookAddStateQuery.cs","Books","DB_ACCESS_CANDIDATE","SOURCE_PATH_INDEXED_NOT_PROVEN_DB_USAGE","PHASE_E_OWNER_MAPPING_PENDING","NOT_SCANNED_YET","Use Phase A semantic references index; file path alone is not evidence of SQL reads/writes"
"src/Jularr.Web/Features/Books/BookArtworkFolders.cs","Books","OTHER_SOURCE","SOURCE_PATH_INDEXED_NOT_PROVEN_DB_USAGE","PHASE_E_OWNER_MAPPING_PENDING","NOT_SCANNED_YET","Use Phase A semantic references index; file path alone is not evidence of SQL reads/writes"
"src/Jularr.Web/Features/Books/BookCatalogDiscovery.cs","Books","OTHER_SOURCE","SOURCE_PATH_INDEXED_NOT_PROVEN_DB_USAGE","PHASE_E_OWNER_MAPPING_PENDING","NOT_SCANNED_YET","Use Phase A semantic references index; file path alone is not evidence of SQL reads/writes"
"src/Jularr.Web/Features/Books/BookCatalogHardcoverDiscovery.cs","Books","OTHER_SOURCE","SOURCE_PATH_INDEXED_NOT_PROVEN_DB_USAGE","PHASE_E_OWNER_MAPPING_PENDING","NOT_SCANNED_YET","Use Phase A semantic references index; file path alone is not evidence of SQL reads/writes"
"src/Jularr.Web/Features/Books/BookCatalogOpds.cs","Books","OTHER_SOURCE","SOURCE_PATH_INDEXED_NOT_PROVEN_DB_USAGE","PHASE_E_OWNER_MAPPING_PENDING","NOT_SCANNED_YET","Use Phase A semantic references index; file path alone is not evidence of SQL reads/writes"
"src/Jularr.Web/Features/Books/BookCatalogPdf.cs","Books","OTHER_SOURCE","SOURCE_PATH_INDEXED_NOT_PROVEN_DB_USAGE","PHASE_E_OWNER_MAPPING_PENDING","NOT_SCANNED_YET","Use Phase A semantic references index; file path alone is not evidence of SQL reads/writes"
"src/Jularr.Web/Features/Books/BookCatalogPdfAnalysis.cs","Books","OTHER_SOURCE","SOURCE_PATH_INDEXED_NOT_PROVEN_DB_USAGE","PHASE_E_OWNER_MAPPING_PENDING","NOT_SCANNED_YET","Use Phase A semantic references index; file path alone is not evidence of SQL reads/writes"
"src/Jularr.Web/Features/Books/BookCatalogService.cs","Books","OTHER_SOURCE","SOURCE_PATH_INDEXED_NOT_PROVEN_DB_USAGE","PHASE_E_OWNER_MAPPING_PENDING","NOT_SCANNED_YET","Use Phase A semantic references index; file path alone is not evidence of SQL reads/writes"
"src/Jularr.Web/Features/Books/BookCatalogWikisource.cs","Books","OTHER_SOURCE","SOURCE_PATH_INDEXED_NOT_PROVEN_DB_USAGE","PHASE_E_OWNER_MAPPING_PENDING","NOT_SCANNED_YET","Use Phase A semantic references index; file path alone is not evidence of SQL reads/writes"
"src/Jularr.Web/Features/Books/BookCompletedDownloadImport.cs","Books","OTHER_SOURCE","SOURCE_PATH_INDEXED_NOT_PROVEN_DB_USAGE","PHASE_E_OWNER_MAPPING_PENDING","NOT_SCANNED_YET","Use Phase A semantic references index; file path alone is not evidence of SQL reads/writes"
"src/Jularr.Web/Features/Books/BookDirectSources.cs","Books","OTHER_SOURCE","SOURCE_PATH_INDEXED_NOT_PROVEN_DB_USAGE","PHASE_E_OWNER_MAPPING_PENDING","NOT_SCANNED_YET","Use Phase A semantic references index; file path alone is not evidence of SQL reads/writes"
"src/Jularr.Web/Features/Books/BookDiscoverySettings.cs","Books","OTHER_SOURCE","SOURCE_PATH_INDEXED_NOT_PROVEN_DB_USAGE","PHASE_E_OWNER_MAPPING_PENDING","NOT_SCANNED_YET","Use Phase A semantic references index; file path alone is not evidence of SQL reads/writes"
"src/Jularr.Web/Features/Books/BookEditionModels.cs","Books","OTHER_SOURCE","SOURCE_PATH_INDEXED_NOT_PROVEN_DB_USAGE","PHASE_E_OWNER_MAPPING_PENDING","NOT_SCANNED_YET","Use Phase A semantic references index; file path alone is not evidence of SQL reads/writes"
"src/Jularr.Web/Features/Books/BookFileFormats.cs","Books","OTHER_SOURCE","SOURCE_PATH_INDEXED_NOT_PROVEN_DB_USAGE","PHASE_E_OWNER_MAPPING_PENDING","NOT_SCANNED_YET","Use Phase A semantic references index; file path alone is not evidence of SQL reads/writes"
"src/Jularr.Web/Features/Books/BookHardcoverAccountStore.cs","Books","DB_ACCESS_CANDIDATE","SOURCE_PATH_INDEXED_NOT_PROVEN_DB_USAGE","PHASE_E_OWNER_MAPPING_PENDING","NOT_SCANNED_YET","Use Phase A semantic references index; file path alone is not evidence of SQL reads/writes"
"src/Jularr.Web/Features/Books/BookHardcoverIntegration.cs","Books","OTHER_SOURCE","SOURCE_PATH_INDEXED_NOT_PROVEN_DB_USAGE","PHASE_E_OWNER_MAPPING_PENDING","NOT_SCANNED_YET","Use Phase A semantic references index; file path alone is not evidence of SQL reads/writes"
"src/Jularr.Web/Features/Books/BookIntegrationSettings.cs","Books","OTHER_SOURCE","SOURCE_PATH_INDEXED_NOT_PROVEN_DB_USAGE","PHASE_E_OWNER_MAPPING_PENDING","NOT_SCANNED_YET","Use Phase A semantic references index; file path alone is not evidence of SQL reads/writes"
"src/Jularr.Web/Features/Books/BookLanguageEditionSelectorFactory.cs","Books","OTHER_SOURCE","SOURCE_PATH_INDEXED_NOT_PROVEN_DB_USAGE","PHASE_E_OWNER_MAPPING_PENDING","NOT_SCANNED_YET","Use Phase A semantic references index; file path alone is not evidence of SQL reads/writes"
"src/Jularr.Web/Features/Books/BookManualSearchService.cs","Books","OTHER_SOURCE","SOURCE_PATH_INDEXED_NOT_PROVEN_DB_USAGE","PHASE_E_OWNER_MAPPING_PENDING","NOT_SCANNED_YET","Use Phase A semantic references index; file path alone is not evidence of SQL reads/writes"
"src/Jularr.Web/Features/Books/BookModels.cs","Books","OTHER_SOURCE","SOURCE_PATH_INDEXED_NOT_PROVEN_DB_USAGE","PHASE_E_OWNER_MAPPING_PENDING","NOT_SCANNED_YET","Use Phase A semantic references index; file path alone is not evidence of SQL reads/writes"
"src/Jularr.Web/Features/Books/BookOpdsSettings.cs","Books","OTHER_SOURCE","SOURCE_PATH_INDEXED_NOT_PROVEN_DB_USAGE","PHASE_E_OWNER_MAPPING_PENDING","NOT_SCANNED_YET","Use Phase A semantic references index; file path alone is not evidence of SQL reads/writes"
"src/Jularr.Web/Features/Books/BookReaderAnnotations.cs","Books","OTHER_SOURCE","SOURCE_PATH_INDEXED_NOT_PROVEN_DB_USAGE","PHASE_E_OWNER_MAPPING_PENDING","NOT_SCANNED_YET","Use Phase A semantic references index; file path alone is not evidence of SQL reads/writes"
"src/Jularr.Web/Features/Books/BookReaderDocumentAdapter.cs","Books","OTHER_SOURCE","SOURCE_PATH_INDEXED_NOT_PROVEN_DB_USAGE","PHASE_E_OWNER_MAPPING_PENDING","NOT_SCANNED_YET","Use Phase A semantic references index; file path alone is not evidence of SQL reads/writes"
"src/Jularr.Web/Features/Books/BookRecommendationEngine.cs","Books","OTHER_SOURCE","SOURCE_PATH_INDEXED_NOT_PROVEN_DB_USAGE","PHASE_E_OWNER_MAPPING_PENDING","NOT_SCANNED_YET","Use Phase A semantic references index; file path alone is not evidence of SQL reads/writes"
"src/Jularr.Web/Features/Books/BookRecommendationModels.cs","Books","OTHER_SOURCE","SOURCE_PATH_INDEXED_NOT_PROVEN_DB_USAGE","PHASE_E_OWNER_MAPPING_PENDING","NOT_SCANNED_YET","Use Phase A semantic references index; file path alone is not evidence of SQL reads/writes"
"src/Jularr.Web/Features/Books/BookRecommendationService.cs","Books","OTHER_SOURCE","SOURCE_PATH_INDEXED_NOT_PROVEN_DB_USAGE","PHASE_E_OWNER_MAPPING_PENDING","NOT_SCANNED_YET","Use Phase A semantic references index; file path alone is not evidence of SQL reads/writes"
"src/Jularr.Web/Features/Books/BookReleaseSelector.cs","Books","OTHER_SOURCE","SOURCE_PATH_INDEXED_NOT_PROVEN_DB_USAGE","PHASE_E_OWNER_MAPPING_PENDING","NOT_SCANNED_YET","Use Phase A semantic references index; file path alone is not evidence of SQL reads/writes"
"src/Jularr.Web/Features/Books/BookSearchCoordinator.cs","Books","OTHER_SOURCE","SOURCE_PATH_INDEXED_NOT_PROVEN_DB_USAGE","PHASE_E_OWNER_MAPPING_PENDING","NOT_SCANNED_YET","Use Phase A semantic references index; file path alone is not evidence of SQL reads/writes"
"src/Jularr.Web/Features/Books/BookTranslation.cs","Books","OTHER_SOURCE","SOURCE_PATH_INDEXED_NOT_PROVEN_DB_USAGE","PHASE_E_OWNER_MAPPING_PENDING","NOT_SCANNED_YET","Use Phase A semantic references index; file path alone is not evidence of SQL reads/writes"
"src/Jularr.Web/Features/Books/BookTranslationChunkStore.cs","Books","DB_ACCESS_CANDIDATE","SOURCE_PATH_INDEXED_NOT_PROVEN_DB_USAGE","PHASE_E_OWNER_MAPPING_PENDING","NOT_SCANNED_YET","Use Phase A semantic references index; file path alone is not evidence of SQL reads/writes"
"src/Jularr.Web/Features/Books/BookTranslationJobs.cs","Books","JOB_OR_PROVIDER_CANDIDATE","SOURCE_PATH_INDEXED_NOT_PROVEN_DB_USAGE","PHASE_E_OWNER_MAPPING_PENDING","NOT_SCANNED_YET","Use Phase A semantic references index; file path alone is not evidence of SQL reads/writes"
"src/Jularr.Web/Features/Books/BookTranslationMemory.cs","Books","OTHER_SOURCE","SOURCE_PATH_INDEXED_NOT_PROVEN_DB_USAGE","PHASE_E_OWNER_MAPPING_PENDING","NOT_SCANNED_YET","Use Phase A semantic references index; file path alone is not evidence of SQL reads/writes"
"src/Jularr.Web/Features/Books/BookUpgradeAssessor.cs","Books","OTHER_SOURCE","SOURCE_PATH_INDEXED_NOT_PROVEN_DB_USAGE","PHASE_E_OWNER_MAPPING_PENDING","NOT_SCANNED_YET","Use Phase A semantic references index; file path alone is not evidence of SQL reads/writes"
"src/Jularr.Web/Features/Books/BookWorkAdmin.cs","Books","OTHER_SOURCE","SOURCE_PATH_INDEXED_NOT_PROVEN_DB_USAGE","PHASE_E_OWNER_MAPPING_PENDING","NOT_SCANNED_YET","Use Phase A semantic references index; file path alone is not evidence of SQL reads/writes"
"src/Jularr.Web/Features/Books/BookWorkSearch.cs","Books","OTHER_SOURCE","SOURCE_PATH_INDEXED_NOT_PROVEN_DB_USAGE","PHASE_E_OWNER_MAPPING_PENDING","NOT_SCANNED_YET","Use Phase A semantic references index; file path alone is not evidence of SQL reads/writes"
"src/Jularr.Web/Features/Books/EpubBookParser.cs","Books","OTHER_SOURCE","SOURCE_PATH_INDEXED_NOT_PROVEN_DB_USAGE","PHASE_E_OWNER_MAPPING_PENDING","NOT_SCANNED_YET","Use Phase A semantic references index; file path alone is not evidence of SQL reads/writes"
"src/Jularr.Web/Features/Books/PdfBookIdentity.cs","Books","OTHER_SOURCE","SOURCE_PATH_INDEXED_NOT_PROVEN_DB_USAGE","PHASE_E_OWNER_MAPPING_PENDING","NOT_SCANNED_YET","Use Phase A semantic references index; file path alone is not evidence of SQL reads/writes"
"src/Jularr.Web/Features/Books/PdfDerivedDocument.cs","Books","OTHER_SOURCE","SOURCE_PATH_INDEXED_NOT_PROVEN_DB_USAGE","PHASE_E_OWNER_MAPPING_PENDING","NOT_SCANNED_YET","Use Phase A semantic references index; file path alone is not evidence of SQL reads/writes"
"src/Jularr.Web/Features/Books/PdfDerivedDocumentStore.cs","Books","DB_ACCESS_CANDIDATE","SOURCE_PATH_INDEXED_NOT_PROVEN_DB_USAGE","PHASE_E_OWNER_MAPPING_PENDING","NOT_SCANNED_YET","Use Phase A semantic references index; file path alone is not evidence of SQL reads/writes"
"src/Jularr.Web/Features/Books/PdfDocumentAnalyzer.cs","Books","OTHER_SOURCE","SOURCE_PATH_INDEXED_NOT_PROVEN_DB_USAGE","PHASE_E_OWNER_MAPPING_PENDING","NOT_SCANNED_YET","Use Phase A semantic references index; file path alone is not evidence of SQL reads/writes"
"src/Jularr.Web/Features/Books/PdfDocumentReader.cs","Books","OTHER_SOURCE","SOURCE_PATH_INDEXED_NOT_PROVEN_DB_USAGE","PHASE_E_OWNER_MAPPING_PENDING","NOT_SCANNED_YET","Use Phase A semantic references index; file path alone is not evidence of SQL reads/writes"
"src/Jularr.Web/Features/Branding/BrandingEndpoints.cs","Branding","HTTP_ENDPOINT","SOURCE_PATH_INDEXED_NOT_PROVEN_DB_USAGE","PHASE_E_OWNER_MAPPING_PENDING","NOT_SCANNED_YET","Use Phase A semantic references index; file path alone is not evidence of SQL reads/writes"
"src/Jularr.Web/Features/Branding/InstanceBranding.cs","Branding","OTHER_SOURCE","SOURCE_PATH_INDEXED_NOT_PROVEN_DB_USAGE","PHASE_E_OWNER_MAPPING_PENDING","NOT_SCANNED_YET","Use Phase A semantic references index; file path alone is not evidence of SQL reads/writes"
"src/Jularr.Web/Features/Branding/InstanceBrandingStore.cs","Branding","DB_ACCESS_CANDIDATE","SOURCE_PATH_INDEXED_NOT_PROVEN_DB_USAGE","PHASE_E_OWNER_MAPPING_PENDING","NOT_SCANNED_YET","Use Phase A semantic references index; file path alone is not evidence of SQL reads/writes"
"src/Jularr.Web/Features/Calendar/AniListReleaseEventSource.cs","Calendar","OTHER_SOURCE","SOURCE_PATH_INDEXED_NOT_PROVEN_DB_USAGE","PHASE_E_OWNER_MAPPING_PENDING","NOT_SCANNED_YET","Use Phase A semantic references index; file path alone is not evidence of SQL reads/writes"
"src/Jularr.Web/Features/Calendar/AniListReleaseSchedule.cs","Calendar","OTHER_SOURCE","SOURCE_PATH_INDEXED_NOT_PROVEN_DB_USAGE","PHASE_E_OWNER_MAPPING_PENDING","NOT_SCANNED_YET","Use Phase A semantic references index; file path alone is not evidence of SQL reads/writes"
"src/Jularr.Web/Features/Calendar/AniListRequestLimiter.cs","Calendar","OTHER_SOURCE","SOURCE_PATH_INDEXED_NOT_PROVEN_DB_USAGE","PHASE_E_OWNER_MAPPING_PENDING","NOT_SCANNED_YET","Use Phase A semantic references index; file path alone is not evidence of SQL reads/writes"
"src/Jularr.Web/Features/Calendar/AnimeReleaseState.cs","Calendar","OTHER_SOURCE","SOURCE_PATH_INDEXED_NOT_PROVEN_DB_USAGE","PHASE_E_OWNER_MAPPING_PENDING","NOT_SCANNED_YET","Use Phase A semantic references index; file path alone is not evidence of SQL reads/writes"
"src/Jularr.Web/Features/Calendar/LibraryReleaseEventSources.cs","Calendar","OTHER_SOURCE","SOURCE_PATH_INDEXED_NOT_PROVEN_DB_USAGE","PHASE_E_OWNER_MAPPING_PENDING","NOT_SCANNED_YET","Use Phase A semantic references index; file path alone is not evidence of SQL reads/writes"
"src/Jularr.Web/Features/Calendar/ReleaseCalendarCacheStore.cs","Calendar","DB_ACCESS_CANDIDATE","SOURCE_PATH_INDEXED_NOT_PROVEN_DB_USAGE","PHASE_E_OWNER_MAPPING_PENDING","NOT_SCANNED_YET","Use Phase A semantic references index; file path alone is not evidence of SQL reads/writes"
"src/Jularr.Web/Features/Calendar/ReleaseCalendarPresenter.cs","Calendar","OTHER_SOURCE","SOURCE_PATH_INDEXED_NOT_PROVEN_DB_USAGE","PHASE_E_OWNER_MAPPING_PENDING","NOT_SCANNED_YET","Use Phase A semantic references index; file path alone is not evidence of SQL reads/writes"
"src/Jularr.Web/Features/Calendar/ReleaseCalendarRefresh.cs","Calendar","JOB_OR_PROVIDER_CANDIDATE","SOURCE_PATH_INDEXED_NOT_PROVEN_DB_USAGE","PHASE_E_OWNER_MAPPING_PENDING","NOT_SCANNED_YET","Use Phase A semantic references index; file path alone is not evidence of SQL reads/writes"
"src/Jularr.Web/Features/Calendar/ReleaseCalendarRegistration.cs","Calendar","OTHER_SOURCE","SOURCE_PATH_INDEXED_NOT_PROVEN_DB_USAGE","PHASE_E_OWNER_MAPPING_PENDING","NOT_SCANNED_YET","Use Phase A semantic references index; file path alone is not evidence of SQL reads/writes"
"src/Jularr.Web/Features/Calendar/ReleaseCalendarService.cs","Calendar","OTHER_SOURCE","SOURCE_PATH_INDEXED_NOT_PROVEN_DB_USAGE","PHASE_E_OWNER_MAPPING_PENDING","NOT_SCANNED_YET","Use Phase A semantic references index; file path alone is not evidence of SQL reads/writes"
"src/Jularr.Web/Features/Calendar/ReleaseDate.cs","Calendar","OTHER_SOURCE","SOURCE_PATH_INDEXED_NOT_PROVEN_DB_USAGE","PHASE_E_OWNER_MAPPING_PENDING","NOT_SCANNED_YET","Use Phase A semantic references index; file path alone is not evidence of SQL reads/writes"
"src/Jularr.Web/Features/Calendar/ReleaseEventModels.cs","Calendar","OTHER_SOURCE","SOURCE_PATH_INDEXED_NOT_PROVEN_DB_USAGE","PHASE_E_OWNER_MAPPING_PENDING","NOT_SCANNED_YET","Use Phase A semantic references index; file path alone is not evidence of SQL reads/writes"
"src/Jularr.Web/Features/Calendar/UpcomingReleasesViewComponent.cs","Calendar","OTHER_SOURCE","SOURCE_PATH_INDEXED_NOT_PROVEN_DB_USAGE","PHASE_E_OWNER_MAPPING_PENDING","NOT_SCANNED_YET","Use Phase A semantic references index; file path alone is not evidence of SQL reads/writes"
"src/Jularr.Web/Features/Calendar/WatchlistReleaseEventSource.cs","Calendar","OTHER_SOURCE","SOURCE_PATH_INDEXED_NOT_PROVEN_DB_USAGE","PHASE_E_OWNER_MAPPING_PENDING","NOT_SCANNED_YET","Use Phase A semantic references index; file path alone is not evidence of SQL reads/writes"
"src/Jularr.Web/Features/ChapterArtwork/ChapterArtworkAutoGenerator.cs","ChapterArtwork","OTHER_SOURCE","SOURCE_PATH_INDEXED_NOT_PROVEN_DB_USAGE","PHASE_E_OWNER_MAPPING_PENDING","NOT_SCANNED_YET","Use Phase A semantic references index; file path alone is not evidence of SQL reads/writes"
"src/Jularr.Web/Features/ChapterArtwork/ChapterArtworkModels.cs","ChapterArtwork","OTHER_SOURCE","SOURCE_PATH_INDEXED_NOT_PROVEN_DB_USAGE","PHASE_E_OWNER_MAPPING_PENDING","NOT_SCANNED_YET","Use Phase A semantic references index; file path alone is not evidence of SQL reads/writes"
"src/Jularr.Web/Features/ChapterArtwork/ChapterArtworkPrompt.cs","ChapterArtwork","OTHER_SOURCE","SOURCE_PATH_INDEXED_NOT_PROVEN_DB_USAGE","PHASE_E_OWNER_MAPPING_PENDING","NOT_SCANNED_YET","Use Phase A semantic references index; file path alone is not evidence of SQL reads/writes"
"src/Jularr.Web/Features/ChapterArtwork/ChapterArtworkService.cs","ChapterArtwork","OTHER_SOURCE","SOURCE_PATH_INDEXED_NOT_PROVEN_DB_USAGE","PHASE_E_OWNER_MAPPING_PENDING","NOT_SCANNED_YET","Use Phase A semantic references index; file path alone is not evidence of SQL reads/writes"
"src/Jularr.Web/Features/ChapterArtwork/ChapterArtworkStorage.cs","ChapterArtwork","OTHER_SOURCE","SOURCE_PATH_INDEXED_NOT_PROVEN_DB_USAGE","PHASE_E_OWNER_MAPPING_PENDING","NOT_SCANNED_YET","Use Phase A semantic references index; file path alone is not evidence of SQL reads/writes"
"src/Jularr.Web/Features/ChapterArtwork/ChapterArtworkStore.cs","ChapterArtwork","DB_ACCESS_CANDIDATE","SOURCE_PATH_INDEXED_NOT_PROVEN_DB_USAGE","PHASE_E_OWNER_MAPPING_PENDING","NOT_SCANNED_YET","Use Phase A semantic references index; file path alone is not evidence of SQL reads/writes"
"src/Jularr.Web/Features/ClientApi/ClientApiContracts.cs","ClientApi","OTHER_SOURCE","SOURCE_PATH_INDEXED_NOT_PROVEN_DB_USAGE","PHASE_E_OWNER_MAPPING_PENDING","NOT_SCANNED_YET","Use Phase A semantic references index; file path alone is not evidence of SQL reads/writes"
"src/Jularr.Web/Features/ClientApi/ClientApiEndpoints.cs","ClientApi","HTTP_ENDPOINT","SOURCE_PATH_INDEXED_NOT_PROVEN_DB_USAGE","PHASE_E_OWNER_MAPPING_PENDING","NOT_SCANNED_YET","Use Phase A semantic references index; file path alone is not evidence of SQL reads/writes"
"src/Jularr.Web/Features/ClientApi/ClientApiOfflineContracts.cs","ClientApi","OTHER_SOURCE","SOURCE_PATH_INDEXED_NOT_PROVEN_DB_USAGE","PHASE_E_OWNER_MAPPING_PENDING","NOT_SCANNED_YET","Use Phase A semantic references index; file path alone is not evidence of SQL reads/writes"
"src/Jularr.Web/Features/ClientApi/ClientApiOfflineEndpoints.cs","ClientApi","HTTP_ENDPOINT","SOURCE_PATH_INDEXED_NOT_PROVEN_DB_USAGE","PHASE_E_OWNER_MAPPING_PENDING","NOT_SCANNED_YET","Use Phase A semantic references index; file path alone is not evidence of SQL reads/writes"
"src/Jularr.Web/Features/ClientApi/ClientApiOfflineLibraryContracts.cs","ClientApi","OTHER_SOURCE","SOURCE_PATH_INDEXED_NOT_PROVEN_DB_USAGE","PHASE_E_OWNER_MAPPING_PENDING","NOT_SCANNED_YET","Use Phase A semantic references index; file path alone is not evidence of SQL reads/writes"
"src/Jularr.Web/Features/ClientApi/ClientApiOfflineLibraryEndpoints.cs","ClientApi","HTTP_ENDPOINT","SOURCE_PATH_INDEXED_NOT_PROVEN_DB_USAGE","PHASE_E_OWNER_MAPPING_PENDING","NOT_SCANNED_YET","Use Phase A semantic references index; file path alone is not evidence of SQL reads/writes"
"src/Jularr.Web/Features/ClientApi/ClientApiOfflineLibraryService.cs","ClientApi","OTHER_SOURCE","SOURCE_PATH_INDEXED_NOT_PROVEN_DB_USAGE","PHASE_E_OWNER_MAPPING_PENDING","NOT_SCANNED_YET","Use Phase A semantic references index; file path alone is not evidence of SQL reads/writes"
"src/Jularr.Web/Features/ClientApi/ClientApiOfflineMediaPackageEndpoints.cs","ClientApi","HTTP_ENDPOINT","SOURCE_PATH_INDEXED_NOT_PROVEN_DB_USAGE","PHASE_E_OWNER_MAPPING_PENDING","NOT_SCANNED_YET","Use Phase A semantic references index; file path alone is not evidence of SQL reads/writes"
"src/Jularr.Web/Features/ClientApi/ClientApiOfflineMediaPackageService.cs","ClientApi","OTHER_SOURCE","SOURCE_PATH_INDEXED_NOT_PROVEN_DB_USAGE","PHASE_E_OWNER_MAPPING_PENDING","NOT_SCANNED_YET","Use Phase A semantic references index; file path alone is not evidence of SQL reads/writes"
"src/Jularr.Web/Features/ClientApi/ClientApiOfflinePackageContracts.cs","ClientApi","OTHER_SOURCE","SOURCE_PATH_INDEXED_NOT_PROVEN_DB_USAGE","PHASE_E_OWNER_MAPPING_PENDING","NOT_SCANNED_YET","Use Phase A semantic references index; file path alone is not evidence of SQL reads/writes"
"src/Jularr.Web/Features/ClientApi/ClientApiOfflinePackageEndpoints.cs","ClientApi","HTTP_ENDPOINT","SOURCE_PATH_INDEXED_NOT_PROVEN_DB_USAGE","PHASE_E_OWNER_MAPPING_PENDING","NOT_SCANNED_YET","Use Phase A semantic references index; file path alone is not evidence of SQL reads/writes"
"src/Jularr.Web/Features/ClientApi/ClientApiOfflinePackageOptionsService.cs","ClientApi","OTHER_SOURCE","SOURCE_PATH_INDEXED_NOT_PROVEN_DB_USAGE","PHASE_E_OWNER_MAPPING_PENDING","NOT_SCANNED_YET","Use Phase A semantic references index; file path alone is not evidence of SQL reads/writes"
"src/Jularr.Web/Features/ClientApi/ClientApiOfflinePrefetch.cs","ClientApi","OTHER_SOURCE","SOURCE_PATH_INDEXED_NOT_PROVEN_DB_USAGE","PHASE_E_OWNER_MAPPING_PENDING","NOT_SCANNED_YET","Use Phase A semantic references index; file path alone is not evidence of SQL reads/writes"
"src/Jularr.Web/Features/ClientApi/ClientApiOfflineService.cs","ClientApi","OTHER_SOURCE","SOURCE_PATH_INDEXED_NOT_PROVEN_DB_USAGE","PHASE_E_OWNER_MAPPING_PENDING","NOT_SCANNED_YET","Use Phase A semantic references index; file path alone is not evidence of SQL reads/writes"
"src/Jularr.Web/Features/ClientApi/ClientApiPlaybackIntentEndpoints.cs","ClientApi","HTTP_ENDPOINT","SOURCE_PATH_INDEXED_NOT_PROVEN_DB_USAGE","PHASE_E_OWNER_MAPPING_PENDING","NOT_SCANNED_YET","Use Phase A semantic references index; file path alone is not evidence of SQL reads/writes"
"src/Jularr.Web/Features/ClientApi/ClientApiPlaybackIntentRoutes.cs","ClientApi","OTHER_SOURCE","SOURCE_PATH_INDEXED_NOT_PROVEN_DB_USAGE","PHASE_E_OWNER_MAPPING_PENDING","NOT_SCANNED_YET","Use Phase A semantic references index; file path alone is not evidence of SQL reads/writes"
"src/Jularr.Web/Features/ClientApi/ClientApiPlaybackPlanEndpoints.cs","ClientApi","HTTP_ENDPOINT","SOURCE_PATH_INDEXED_NOT_PROVEN_DB_USAGE","PHASE_E_OWNER_MAPPING_PENDING","NOT_SCANNED_YET","Use Phase A semantic references index; file path alone is not evidence of SQL reads/writes"
"src/Jularr.Web/Features/ClientApi/ClientApiService.cs","ClientApi","OTHER_SOURCE","SOURCE_PATH_INDEXED_NOT_PROVEN_DB_USAGE","PHASE_E_OWNER_MAPPING_PENDING","NOT_SCANNED_YET","Use Phase A semantic references index; file path alone is not evidence of SQL reads/writes"
"src/Jularr.Web/Features/ClientApi/ClientVideoAccessFilter.cs","ClientApi","OTHER_SOURCE","SOURCE_PATH_INDEXED_NOT_PROVEN_DB_USAGE","PHASE_E_OWNER_MAPPING_PENDING","NOT_SCANNED_YET","Use Phase A semantic references index; file path alone is not evidence of SQL reads/writes"
"src/Jularr.Web/Features/ClientApi/OfflinePortableRenditionService.cs","ClientApi","OTHER_SOURCE","SOURCE_PATH_INDEXED_NOT_PROVEN_DB_USAGE","PHASE_E_OWNER_MAPPING_PENDING","NOT_SCANNED_YET","Use Phase A semantic references index; file path alone is not evidence of SQL reads/writes"
"src/Jularr.Web/Features/Collections/CollectionEntities.cs","Collections","OTHER_SOURCE","SOURCE_PATH_INDEXED_NOT_PROVEN_DB_USAGE","PHASE_E_OWNER_MAPPING_PENDING","NOT_SCANNED_YET","Use Phase A semantic references index; file path alone is not evidence of SQL reads/writes"
"src/Jularr.Web/Features/Collections/CollectionFactsProvider.cs","Collections","OTHER_SOURCE","SOURCE_PATH_INDEXED_NOT_PROVEN_DB_USAGE","PHASE_E_OWNER_MAPPING_PENDING","NOT_SCANNED_YET","Use Phase A semantic references index; file path alone is not evidence of SQL reads/writes"
"src/Jularr.Web/Features/Collections/CollectionRegistration.cs","Collections","OTHER_SOURCE","SOURCE_PATH_INDEXED_NOT_PROVEN_DB_USAGE","PHASE_E_OWNER_MAPPING_PENDING","NOT_SCANNED_YET","Use Phase A semantic references index; file path alone is not evidence of SQL reads/writes"
"src/Jularr.Web/Features/Collections/CollectionRuleDescriber.cs","Collections","OTHER_SOURCE","SOURCE_PATH_INDEXED_NOT_PROVEN_DB_USAGE","PHASE_E_OWNER_MAPPING_PENDING","NOT_SCANNED_YET","Use Phase A semantic references index; file path alone is not evidence of SQL reads/writes"
"src/Jularr.Web/Features/Collections/CollectionRuleEvaluator.cs","Collections","OTHER_SOURCE","SOURCE_PATH_INDEXED_NOT_PROVEN_DB_USAGE","PHASE_E_OWNER_MAPPING_PENDING","NOT_SCANNED_YET","Use Phase A semantic references index; file path alone is not evidence of SQL reads/writes"
"src/Jularr.Web/Features/Collections/CollectionRules.cs","Collections","OTHER_SOURCE","SOURCE_PATH_INDEXED_NOT_PROVEN_DB_USAGE","PHASE_E_OWNER_MAPPING_PENDING","NOT_SCANNED_YET","Use Phase A semantic references index; file path alone is not evidence of SQL reads/writes"
"src/Jularr.Web/Features/Collections/CollectionService.cs","Collections","OTHER_SOURCE","SOURCE_PATH_INDEXED_NOT_PROVEN_DB_USAGE","PHASE_E_OWNER_MAPPING_PENDING","NOT_SCANNED_YET","Use Phase A semantic references index; file path alone is not evidence of SQL reads/writes"
"src/Jularr.Web/Features/Collections/CollectionStore.cs","Collections","DB_ACCESS_CANDIDATE","SOURCE_PATH_INDEXED_NOT_PROVEN_DB_USAGE","PHASE_E_OWNER_MAPPING_PENDING","NOT_SCANNED_YET","Use Phase A semantic references index; file path alone is not evidence of SQL reads/writes"
"src/Jularr.Web/Features/Collections/CollectionWorkLinks.cs","Collections","OTHER_SOURCE","SOURCE_PATH_INDEXED_NOT_PROVEN_DB_USAGE","PHASE_E_OWNER_MAPPING_PENDING","NOT_SCANNED_YET","Use Phase A semantic references index; file path alone is not evidence of SQL reads/writes"
"src/Jularr.Web/Features/Collections/SmartCollectionMaterializer.cs","Collections","OTHER_SOURCE","SOURCE_PATH_INDEXED_NOT_PROVEN_DB_USAGE","PHASE_E_OWNER_MAPPING_PENDING","NOT_SCANNED_YET","Use Phase A semantic references index; file path alone is not evidence of SQL reads/writes"
"src/Jularr.Web/Features/Collections/WorkFactSnapshot.cs","Collections","OTHER_SOURCE","SOURCE_PATH_INDEXED_NOT_PROVEN_DB_USAGE","PHASE_E_OWNER_MAPPING_PENDING","NOT_SCANNED_YET","Use Phase A semantic references index; file path alone is not evidence of SQL reads/writes"
"src/Jularr.Web/Features/Devices/KnownDeviceRegistry.cs","Devices","OTHER_SOURCE","SOURCE_PATH_INDEXED_NOT_PROVEN_DB_USAGE","PHASE_E_OWNER_MAPPING_PENDING","NOT_SCANNED_YET","Use Phase A semantic references index; file path alone is not evidence of SQL reads/writes"
"src/Jularr.Web/Features/Devices/SecurityEventLog.cs","Devices","OTHER_SOURCE","SOURCE_PATH_INDEXED_NOT_PROVEN_DB_USAGE","PHASE_E_OWNER_MAPPING_PENDING","NOT_SCANNED_YET","Use Phase A semantic references index; file path alone is not evidence of SQL reads/writes"
"src/Jularr.Web/Features/Discovery/DiscoverBody.cs","Discovery","OTHER_SOURCE","SOURCE_PATH_INDEXED_NOT_PROVEN_DB_USAGE","PHASE_E_OWNER_MAPPING_PENDING","NOT_SCANNED_YET","Use Phase A semantic references index; file path alone is not evidence of SQL reads/writes"
"src/Jularr.Web/Features/Discovery/DiscoverBrowse.cs","Discovery","OTHER_SOURCE","SOURCE_PATH_INDEXED_NOT_PROVEN_DB_USAGE","PHASE_E_OWNER_MAPPING_PENDING","NOT_SCANNED_YET","Use Phase A semantic references index; file path alone is not evidence of SQL reads/writes"
"src/Jularr.Web/Features/Discovery/DiscoverCards.cs","Discovery","OTHER_SOURCE","SOURCE_PATH_INDEXED_NOT_PROVEN_DB_USAGE","PHASE_E_OWNER_MAPPING_PENDING","NOT_SCANNED_YET","Use Phase A semantic references index; file path alone is not evidence of SQL reads/writes"
"src/Jularr.Web/Features/Discovery/DiscoverFilterView.cs","Discovery","OTHER_SOURCE","SOURCE_PATH_INDEXED_NOT_PROVEN_DB_USAGE","PHASE_E_OWNER_MAPPING_PENDING","NOT_SCANNED_YET","Use Phase A semantic references index; file path alone is not evidence of SQL reads/writes"
"src/Jularr.Web/Features/Discovery/DiscoverRequestModels.cs","Discovery","OTHER_SOURCE","SOURCE_PATH_INDEXED_NOT_PROVEN_DB_USAGE","PHASE_E_OWNER_MAPPING_PENDING","NOT_SCANNED_YET","Use Phase A semantic references index; file path alone is not evidence of SQL reads/writes"
"src/Jularr.Web/Features/Discovery/DiscoverSectionComposer.cs","Discovery","OTHER_SOURCE","SOURCE_PATH_INDEXED_NOT_PROVEN_DB_USAGE","PHASE_E_OWNER_MAPPING_PENDING","NOT_SCANNED_YET","Use Phase A semantic references index; file path alone is not evidence of SQL reads/writes"
"src/Jularr.Web/Features/Discovery/DiscoveryCoordinator.cs","Discovery","OTHER_SOURCE","SOURCE_PATH_INDEXED_NOT_PROVEN_DB_USAGE","PHASE_E_OWNER_MAPPING_PENDING","NOT_SCANNED_YET","Use Phase A semantic references index; file path alone is not evidence of SQL reads/writes"
"src/Jularr.Web/Features/Discovery/DiscoveryModels.cs","Discovery","OTHER_SOURCE","SOURCE_PATH_INDEXED_NOT_PROVEN_DB_USAGE","PHASE_E_OWNER_MAPPING_PENDING","NOT_SCANNED_YET","Use Phase A semantic references index; file path alone is not evidence of SQL reads/writes"
"src/Jularr.Web/Features/Discovery/DiscoveryPaging.cs","Discovery","OTHER_SOURCE","SOURCE_PATH_INDEXED_NOT_PROVEN_DB_USAGE","PHASE_E_OWNER_MAPPING_PENDING","NOT_SCANNED_YET","Use Phase A semantic references index; file path alone is not evidence of SQL reads/writes"
"src/Jularr.Web/Features/Discovery/DiscoveryRegistration.cs","Discovery","OTHER_SOURCE","SOURCE_PATH_INDEXED_NOT_PROVEN_DB_USAGE","PHASE_E_OWNER_MAPPING_PENDING","NOT_SCANNED_YET","Use Phase A semantic references index; file path alone is not evidence of SQL reads/writes"
"src/Jularr.Web/Features/Discovery/DiscoveryShelfModels.cs","Discovery","OTHER_SOURCE","SOURCE_PATH_INDEXED_NOT_PROVEN_DB_USAGE","PHASE_E_OWNER_MAPPING_PENDING","NOT_SCANNED_YET","Use Phase A semantic references index; file path alone is not evidence of SQL reads/writes"
"src/Jularr.Web/Features/Discovery/DiscoveryShelfService.cs","Discovery","OTHER_SOURCE","SOURCE_PATH_INDEXED_NOT_PROVEN_DB_USAGE","PHASE_E_OWNER_MAPPING_PENDING","NOT_SCANNED_YET","Use Phase A semantic references index; file path alone is not evidence of SQL reads/writes"
"src/Jularr.Web/Features/Discovery/DiscoverySnapshotStore.cs","Discovery","DB_ACCESS_CANDIDATE","SOURCE_PATH_INDEXED_NOT_PROVEN_DB_USAGE","PHASE_E_OWNER_MAPPING_PENDING","NOT_SCANNED_YET","Use Phase A semantic references index; file path alone is not evidence of SQL reads/writes"
"src/Jularr.Web/Features/Discovery/DiscoverySourceFlights.cs","Discovery","OTHER_SOURCE","SOURCE_PATH_INDEXED_NOT_PROVEN_DB_USAGE","PHASE_E_OWNER_MAPPING_PENDING","NOT_SCANNED_YET","Use Phase A semantic references index; file path alone is not evidence of SQL reads/writes"
"src/Jularr.Web/Features/Discovery/DiscoverySources.cs","Discovery","OTHER_SOURCE","SOURCE_PATH_INDEXED_NOT_PROVEN_DB_USAGE","PHASE_E_OWNER_MAPPING_PENDING","NOT_SCANNED_YET","Use Phase A semantic references index; file path alone is not evidence of SQL reads/writes"
"src/Jularr.Web/Features/Discovery/TmdbCredentialStore.cs","Discovery","DB_ACCESS_CANDIDATE","SOURCE_PATH_INDEXED_NOT_PROVEN_DB_USAGE","PHASE_E_OWNER_MAPPING_PENDING","NOT_SCANNED_YET","Use Phase A semantic references index; file path alone is not evidence of SQL reads/writes"
"src/Jularr.Web/Features/Discovery/TmdbDiscoveryProvider.cs","Discovery","OTHER_SOURCE","SOURCE_PATH_INDEXED_NOT_PROVEN_DB_USAGE","PHASE_E_OWNER_MAPPING_PENDING","NOT_SCANNED_YET","Use Phase A semantic references index; file path alone is not evidence of SQL reads/writes"
"src/Jularr.Web/Features/Discovery/TmdbSettingsService.cs","Discovery","OTHER_SOURCE","SOURCE_PATH_INDEXED_NOT_PROVEN_DB_USAGE","PHASE_E_OWNER_MAPPING_PENDING","NOT_SCANNED_YET","Use Phase A semantic references index; file path alone is not evidence of SQL reads/writes"
"src/Jularr.Web/Features/Events/EventLogStore.cs","Events","DB_ACCESS_CANDIDATE","SOURCE_PATH_INDEXED_NOT_PROVEN_DB_USAGE","PHASE_E_OWNER_MAPPING_PENDING","NOT_SCANNED_YET","Use Phase A semantic references index; file path alone is not evidence of SQL reads/writes"
"src/Jularr.Web/Features/Events/JularrEventModels.cs","Events","OTHER_SOURCE","SOURCE_PATH_INDEXED_NOT_PROVEN_DB_USAGE","PHASE_E_OWNER_MAPPING_PENDING","NOT_SCANNED_YET","Use Phase A semantic references index; file path alone is not evidence of SQL reads/writes"
"src/Jularr.Web/Features/Events/JularrEventPublisher.cs","Events","OTHER_SOURCE","SOURCE_PATH_INDEXED_NOT_PROVEN_DB_USAGE","PHASE_E_OWNER_MAPPING_PENDING","NOT_SCANNED_YET","Use Phase A semantic references index; file path alone is not evidence of SQL reads/writes"
"src/Jularr.Web/Features/Franchises/FranchiseLabels.cs","Franchises","OTHER_SOURCE","SOURCE_PATH_INDEXED_NOT_PROVEN_DB_USAGE","PHASE_E_OWNER_MAPPING_PENDING","NOT_SCANNED_YET","Use Phase A semantic references index; file path alone is not evidence of SQL reads/writes"
"src/Jularr.Web/Features/Franchises/FranchiseModels.cs","Franchises","OTHER_SOURCE","SOURCE_PATH_INDEXED_NOT_PROVEN_DB_USAGE","PHASE_E_OWNER_MAPPING_PENDING","NOT_SCANNED_YET","Use Phase A semantic references index; file path alone is not evidence of SQL reads/writes"
"src/Jularr.Web/Features/Franchises/FranchiseRefreshService.cs","Franchises","JOB_OR_PROVIDER_CANDIDATE","SOURCE_PATH_INDEXED_NOT_PROVEN_DB_USAGE","PHASE_E_OWNER_MAPPING_PENDING","NOT_SCANNED_YET","Use Phase A semantic references index; file path alone is not evidence of SQL reads/writes"
"src/Jularr.Web/Features/Franchises/FranchiseService.cs","Franchises","OTHER_SOURCE","SOURCE_PATH_INDEXED_NOT_PROVEN_DB_USAGE","PHASE_E_OWNER_MAPPING_PENDING","NOT_SCANNED_YET","Use Phase A semantic references index; file path alone is not evidence of SQL reads/writes"
"src/Jularr.Web/Features/Franchises/FranchiseStore.cs","Franchises","DB_ACCESS_CANDIDATE","SOURCE_PATH_INDEXED_NOT_PROVEN_DB_USAGE","PHASE_E_OWNER_MAPPING_PENDING","NOT_SCANNED_YET","Use Phase A semantic references index; file path alone is not evidence of SQL reads/writes"
"src/Jularr.Web/Features/Franchises/MediaRelationStore.cs","Franchises","DB_ACCESS_CANDIDATE","SOURCE_PATH_INDEXED_NOT_PROVEN_DB_USAGE","PHASE_E_OWNER_MAPPING_PENDING","NOT_SCANNED_YET","Use Phase A semantic references index; file path alone is not evidence of SQL reads/writes"
"src/Jularr.Web/Features/Games/GameModels.cs","Games","OTHER_SOURCE","SOURCE_PATH_INDEXED_NOT_PROVEN_DB_USAGE","PHASE_E_OWNER_MAPPING_PENDING","NOT_SCANNED_YET","Use Phase A semantic references index; file path alone is not evidence of SQL reads/writes"
"src/Jularr.Web/Features/Games/GamesModelConfiguration.cs","Games","OTHER_SOURCE","SOURCE_PATH_INDEXED_NOT_PROVEN_DB_USAGE","PHASE_E_OWNER_MAPPING_PENDING","NOT_SCANNED_YET","Use Phase A semantic references index; file path alone is not evidence of SQL reads/writes"
"src/Jularr.Web/Features/Health/GitHubReleaseCheckService.cs","Health","OTHER_SOURCE","SOURCE_PATH_INDEXED_NOT_PROVEN_DB_USAGE","PHASE_E_OWNER_MAPPING_PENDING","NOT_SCANNED_YET","Use Phase A semantic references index; file path alone is not evidence of SQL reads/writes"
"src/Jularr.Web/Features/Health/SystemHealthModels.cs","Health","OTHER_SOURCE","SOURCE_PATH_INDEXED_NOT_PROVEN_DB_USAGE","PHASE_E_OWNER_MAPPING_PENDING","NOT_SCANNED_YET","Use Phase A semantic references index; file path alone is not evidence of SQL reads/writes"
"src/Jularr.Web/Features/Health/SystemHealthService.cs","Health","OTHER_SOURCE","SOURCE_PATH_INDEXED_NOT_PROVEN_DB_USAGE","PHASE_E_OWNER_MAPPING_PENDING","NOT_SCANNED_YET","Use Phase A semantic references index; file path alone is not evidence of SQL reads/writes"
"src/Jularr.Web/Features/Home/HomeEditor.cs","Home","OTHER_SOURCE","SOURCE_PATH_INDEXED_NOT_PROVEN_DB_USAGE","PHASE_E_OWNER_MAPPING_PENDING","NOT_SCANNED_YET","Use Phase A semantic references index; file path alone is not evidence of SQL reads/writes"
"src/Jularr.Web/Features/Home/HomeLayout.cs","Home","OTHER_SOURCE","SOURCE_PATH_INDEXED_NOT_PROVEN_DB_USAGE","PHASE_E_OWNER_MAPPING_PENDING","NOT_SCANNED_YET","Use Phase A semantic references index; file path alone is not evidence of SQL reads/writes"
"src/Jularr.Web/Features/Home/HomeLayoutStore.cs","Home","DB_ACCESS_CANDIDATE","SOURCE_PATH_INDEXED_NOT_PROVEN_DB_USAGE","PHASE_E_OWNER_MAPPING_PENDING","NOT_SCANNED_YET","Use Phase A semantic references index; file path alone is not evidence of SQL reads/writes"
"src/Jularr.Web/Features/Instance/InstanceModulePresets.cs","Instance","OTHER_SOURCE","SOURCE_PATH_INDEXED_NOT_PROVEN_DB_USAGE","PHASE_E_OWNER_MAPPING_PENDING","NOT_SCANNED_YET","Use Phase A semantic references index; file path alone is not evidence of SQL reads/writes"
"src/Jularr.Web/Features/Instance/InstanceModules.cs","Instance","OTHER_SOURCE","SOURCE_PATH_INDEXED_NOT_PROVEN_DB_USAGE","PHASE_E_OWNER_MAPPING_PENDING","NOT_SCANNED_YET","Use Phase A semantic references index; file path alone is not evidence of SQL reads/writes"
"src/Jularr.Web/Features/InstantPlay/InstantPlayPolicyService.cs","InstantPlay","OTHER_SOURCE","SOURCE_PATH_INDEXED_NOT_PROVEN_DB_USAGE","PHASE_E_OWNER_MAPPING_PENDING","NOT_SCANNED_YET","Use Phase A semantic references index; file path alone is not evidence of SQL reads/writes"
"src/Jularr.Web/Features/InstantPlay/InstantPlayRegistration.cs","InstantPlay","OTHER_SOURCE","SOURCE_PATH_INDEXED_NOT_PROVEN_DB_USAGE","PHASE_E_OWNER_MAPPING_PENDING","NOT_SCANNED_YET","Use Phase A semantic references index; file path alone is not evidence of SQL reads/writes"
"src/Jularr.Web/Features/InstantPlay/NextRequiredEpisode.cs","InstantPlay","OTHER_SOURCE","SOURCE_PATH_INDEXED_NOT_PROVEN_DB_USAGE","PHASE_E_OWNER_MAPPING_PENDING","NOT_SCANNED_YET","Use Phase A semantic references index; file path alone is not evidence of SQL reads/writes"
"src/Jularr.Web/Features/InstantPlay/PlaybackIntentService.cs","InstantPlay","OTHER_SOURCE","SOURCE_PATH_INDEXED_NOT_PROVEN_DB_USAGE","PHASE_E_OWNER_MAPPING_PENDING","NOT_SCANNED_YET","Use Phase A semantic references index; file path alone is not evidence of SQL reads/writes"
"src/Jularr.Web/Features/InstantPlay/PrimaryActionResolver.cs","InstantPlay","OTHER_SOURCE","SOURCE_PATH_INDEXED_NOT_PROVEN_DB_USAGE","PHASE_E_OWNER_MAPPING_PENDING","NOT_SCANNED_YET","Use Phase A semantic references index; file path alone is not evidence of SQL reads/writes"
"src/Jularr.Web/Features/InstantPlay/VideoPlaybackFactsQuery.cs","InstantPlay","DB_ACCESS_CANDIDATE","SOURCE_PATH_INDEXED_NOT_PROVEN_DB_USAGE","PHASE_E_OWNER_MAPPING_PENDING","NOT_SCANNED_YET","Use Phase A semantic references index; file path alone is not evidence of SQL reads/writes"
"src/Jularr.Web/Features/Kana/KanaCatalog.cs","Kana","OTHER_SOURCE","SOURCE_PATH_INDEXED_NOT_PROVEN_DB_USAGE","PHASE_E_OWNER_MAPPING_PENDING","NOT_SCANNED_YET","Use Phase A semantic references index; file path alone is not evidence of SQL reads/writes"
"src/Jularr.Web/Features/Kana/KanaLearningService.cs","Kana","OTHER_SOURCE","SOURCE_PATH_INDEXED_NOT_PROVEN_DB_USAGE","PHASE_E_OWNER_MAPPING_PENDING","NOT_SCANNED_YET","Use Phase A semantic references index; file path alone is not evidence of SQL reads/writes"
"src/Jularr.Web/Features/Kana/KanaPractice.cs","Kana","OTHER_SOURCE","SOURCE_PATH_INDEXED_NOT_PROVEN_DB_USAGE","PHASE_E_OWNER_MAPPING_PENDING","NOT_SCANNED_YET","Use Phase A semantic references index; file path alone is not evidence of SQL reads/writes"
"src/Jularr.Web/Features/Learning/Courses/LearningCardTransitions.cs","Learning","OTHER_SOURCE","SOURCE_PATH_INDEXED_NOT_PROVEN_DB_USAGE","PHASE_E_OWNER_MAPPING_PENDING","NOT_SCANNED_YET","Use Phase A semantic references index; file path alone is not evidence of SQL reads/writes"
"src/Jularr.Web/Features/Learning/Courses/LearningContentLanguageResolver.cs","Learning","OTHER_SOURCE","SOURCE_PATH_INDEXED_NOT_PROVEN_DB_USAGE","PHASE_E_OWNER_MAPPING_PENDING","NOT_SCANNED_YET","Use Phase A semantic references index; file path alone is not evidence of SQL reads/writes"
"src/Jularr.Web/Features/Learning/Courses/LearningCourseEntities.cs","Learning","OTHER_SOURCE","SOURCE_PATH_INDEXED_NOT_PROVEN_DB_USAGE","PHASE_E_OWNER_MAPPING_PENDING","NOT_SCANNED_YET","Use Phase A semantic references index; file path alone is not evidence of SQL reads/writes"
"src/Jularr.Web/Features/Learning/Courses/LearningCourseModelConfiguration.cs","Learning","OTHER_SOURCE","SOURCE_PATH_INDEXED_NOT_PROVEN_DB_USAGE","PHASE_E_OWNER_MAPPING_PENDING","NOT_SCANNED_YET","Use Phase A semantic references index; file path alone is not evidence of SQL reads/writes"
"src/Jularr.Web/Features/Learning/Courses/LearningCourseModels.cs","Learning","OTHER_SOURCE","SOURCE_PATH_INDEXED_NOT_PROVEN_DB_USAGE","PHASE_E_OWNER_MAPPING_PENDING","NOT_SCANNED_YET","Use Phase A semantic references index; file path alone is not evidence of SQL reads/writes"
"src/Jularr.Web/Features/Learning/Courses/LearningCourseStore.cs","Learning","DB_ACCESS_CANDIDATE","SOURCE_PATH_INDEXED_NOT_PROVEN_DB_USAGE","PHASE_E_OWNER_MAPPING_PENDING","NOT_SCANNED_YET","Use Phase A semantic references index; file path alone is not evidence of SQL reads/writes"
"src/Jularr.Web/Features/Learning/Courses/LearningLanguageToolkits.cs","Learning","OTHER_SOURCE","SOURCE_PATH_INDEXED_NOT_PROVEN_DB_USAGE","PHASE_E_OWNER_MAPPING_PENDING","NOT_SCANNED_YET","Use Phase A semantic references index; file path alone is not evidence of SQL reads/writes"
"src/Jularr.Web/Features/Learning/Curriculum/CurriculumBlueprintEntities.cs","Learning","OTHER_SOURCE","SOURCE_PATH_INDEXED_NOT_PROVEN_DB_USAGE","PHASE_E_OWNER_MAPPING_PENDING","NOT_SCANNED_YET","Use Phase A semantic references index; file path alone is not evidence of SQL reads/writes"
"src/Jularr.Web/Features/Learning/Curriculum/CurriculumBlueprintService.cs","Learning","OTHER_SOURCE","SOURCE_PATH_INDEXED_NOT_PROVEN_DB_USAGE","PHASE_E_OWNER_MAPPING_PENDING","NOT_SCANNED_YET","Use Phase A semantic references index; file path alone is not evidence of SQL reads/writes"
"src/Jularr.Web/Features/Learning/Curriculum/CurriculumEnums.cs","Learning","OTHER_SOURCE","SOURCE_PATH_INDEXED_NOT_PROVEN_DB_USAGE","PHASE_E_OWNER_MAPPING_PENDING","NOT_SCANNED_YET","Use Phase A semantic references index; file path alone is not evidence of SQL reads/writes"
"src/Jularr.Web/Features/Learning/Curriculum/CurriculumModelConfiguration.cs","Learning","OTHER_SOURCE","SOURCE_PATH_INDEXED_NOT_PROVEN_DB_USAGE","PHASE_E_OWNER_MAPPING_PENDING","NOT_SCANNED_YET","Use Phase A semantic references index; file path alone is not evidence of SQL reads/writes"
"src/Jularr.Web/Features/Learning/Curriculum/CurriculumModels.cs","Learning","OTHER_SOURCE","SOURCE_PATH_INDEXED_NOT_PROVEN_DB_USAGE","PHASE_E_OWNER_MAPPING_PENDING","NOT_SCANNED_YET","Use Phase A semantic references index; file path alone is not evidence of SQL reads/writes"
"src/Jularr.Web/Features/Learning/Curriculum/CurriculumRegistration.cs","Learning","OTHER_SOURCE","SOURCE_PATH_INDEXED_NOT_PROVEN_DB_USAGE","PHASE_E_OWNER_MAPPING_PENDING","NOT_SCANNED_YET","Use Phase A semantic references index; file path alone is not evidence of SQL reads/writes"
"src/Jularr.Web/Features/Learning/Curriculum/SharedCourseEntities.cs","Learning","OTHER_SOURCE","SOURCE_PATH_INDEXED_NOT_PROVEN_DB_USAGE","PHASE_E_OWNER_MAPPING_PENDING","NOT_SCANNED_YET","Use Phase A semantic references index; file path alone is not evidence of SQL reads/writes"
"src/Jularr.Web/Features/Learning/Curriculum/SharedCourseService.cs","Learning","OTHER_SOURCE","SOURCE_PATH_INDEXED_NOT_PROVEN_DB_USAGE","PHASE_E_OWNER_MAPPING_PENDING","NOT_SCANNED_YET","Use Phase A semantic references index; file path alone is not evidence of SQL reads/writes"
"src/Jularr.Web/Features/Learning/LanguageAssistance/LanguageAssistanceModels.cs","Learning","OTHER_SOURCE","SOURCE_PATH_INDEXED_NOT_PROVEN_DB_USAGE","PHASE_E_OWNER_MAPPING_PENDING","NOT_SCANNED_YET","Use Phase A semantic references index; file path alone is not evidence of SQL reads/writes"
"src/Jularr.Web/Features/Learning/LanguageAssistance/LanguageInspectorEndpoints.cs","Learning","HTTP_ENDPOINT","SOURCE_PATH_INDEXED_NOT_PROVEN_DB_USAGE","PHASE_E_OWNER_MAPPING_PENDING","NOT_SCANNED_YET","Use Phase A semantic references index; file path alone is not evidence of SQL reads/writes"
"src/Jularr.Web/Features/Learning/LanguageAssistance/LanguageInspectorService.cs","Learning","OTHER_SOURCE","SOURCE_PATH_INDEXED_NOT_PROVEN_DB_USAGE","PHASE_E_OWNER_MAPPING_PENDING","NOT_SCANNED_YET","Use Phase A semantic references index; file path alone is not evidence of SQL reads/writes"
"src/Jularr.Web/Features/Learning/LanguageAssistance/LanguageTextAnalyzer.cs","Learning","OTHER_SOURCE","SOURCE_PATH_INDEXED_NOT_PROVEN_DB_USAGE","PHASE_E_OWNER_MAPPING_PENDING","NOT_SCANNED_YET","Use Phase A semantic references index; file path alone is not evidence of SQL reads/writes"
"src/Jularr.Web/Features/Learning/LearningConfiguration.cs","Learning","OTHER_SOURCE","SOURCE_PATH_INDEXED_NOT_PROVEN_DB_USAGE","PHASE_E_OWNER_MAPPING_PENDING","NOT_SCANNED_YET","Use Phase A semantic references index; file path alone is not evidence of SQL reads/writes"
"src/Jularr.Web/Features/Learning/LearningModels.cs","Learning","OTHER_SOURCE","SOURCE_PATH_INDEXED_NOT_PROVEN_DB_USAGE","PHASE_E_OWNER_MAPPING_PENDING","NOT_SCANNED_YET","Use Phase A semantic references index; file path alone is not evidence of SQL reads/writes"
"src/Jularr.Web/Features/Learning/LearningModules.cs","Learning","OTHER_SOURCE","SOURCE_PATH_INDEXED_NOT_PROVEN_DB_USAGE","PHASE_E_OWNER_MAPPING_PENDING","NOT_SCANNED_YET","Use Phase A semantic references index; file path alone is not evidence of SQL reads/writes"
"src/Jularr.Web/Features/Learning/LearningQueries.cs","Learning","OTHER_SOURCE","SOURCE_PATH_INDEXED_NOT_PROVEN_DB_USAGE","PHASE_E_OWNER_MAPPING_PENDING","NOT_SCANNED_YET","Use Phase A semantic references index; file path alone is not evidence of SQL reads/writes"
"src/Jularr.Web/Features/Learning/LearningService.cs","Learning","OTHER_SOURCE","SOURCE_PATH_INDEXED_NOT_PROVEN_DB_USAGE","PHASE_E_OWNER_MAPPING_PENDING","NOT_SCANNED_YET","Use Phase A semantic references index; file path alone is not evidence of SQL reads/writes"
"src/Jularr.Web/Features/Learning/Sentences/SentencePracticeService.cs","Learning","OTHER_SOURCE","SOURCE_PATH_INDEXED_NOT_PROVEN_DB_USAGE","PHASE_E_OWNER_MAPPING_PENDING","NOT_SCANNED_YET","Use Phase A semantic references index; file path alone is not evidence of SQL reads/writes"
"src/Jularr.Web/Features/Learning/Toolkits/GenericTermExtractor.cs","Learning","OTHER_SOURCE","SOURCE_PATH_INDEXED_NOT_PROVEN_DB_USAGE","PHASE_E_OWNER_MAPPING_PENDING","NOT_SCANNED_YET","Use Phase A semantic references index; file path alone is not evidence of SQL reads/writes"
"src/Jularr.Web/Features/Learning/Toolkits/IDictionaryLookup.cs","Learning","OTHER_SOURCE","SOURCE_PATH_INDEXED_NOT_PROVEN_DB_USAGE","PHASE_E_OWNER_MAPPING_PENDING","NOT_SCANNED_YET","Use Phase A semantic references index; file path alone is not evidence of SQL reads/writes"
"src/Jularr.Web/Features/Learning/Toolkits/ITermExtractor.cs","Learning","OTHER_SOURCE","SOURCE_PATH_INDEXED_NOT_PROVEN_DB_USAGE","PHASE_E_OWNER_MAPPING_PENDING","NOT_SCANNED_YET","Use Phase A semantic references index; file path alone is not evidence of SQL reads/writes"
"src/Jularr.Web/Features/Library/AdminMediaDetail.cs","Library","OTHER_SOURCE","SOURCE_PATH_INDEXED_NOT_PROVEN_DB_USAGE","PHASE_E_OWNER_MAPPING_PENDING","NOT_SCANNED_YET","Use Phase A semantic references index; file path alone is not evidence of SQL reads/writes"
"src/Jularr.Web/Features/Library/AdminMediaDetailService.cs","Library","OTHER_SOURCE","SOURCE_PATH_INDEXED_NOT_PROVEN_DB_USAGE","PHASE_E_OWNER_MAPPING_PENDING","NOT_SCANNED_YET","Use Phase A semantic references index; file path alone is not evidence of SQL reads/writes"
"src/Jularr.Web/Features/Library/AdminVideoMediaDetail.cs","Library","OTHER_SOURCE","SOURCE_PATH_INDEXED_NOT_PROVEN_DB_USAGE","PHASE_E_OWNER_MAPPING_PENDING","NOT_SCANNED_YET","Use Phase A semantic references index; file path alone is not evidence of SQL reads/writes"
"src/Jularr.Web/Features/Library/AnimeDetailView.cs","Library","OTHER_SOURCE","SOURCE_PATH_INDEXED_NOT_PROVEN_DB_USAGE","PHASE_E_OWNER_MAPPING_PENDING","NOT_SCANNED_YET","Use Phase A semantic references index; file path alone is not evidence of SQL reads/writes"
"src/Jularr.Web/Features/Library/AnimeEpisodeMediaQuery.cs","Library","DB_ACCESS_CANDIDATE","SOURCE_PATH_INDEXED_NOT_PROVEN_DB_USAGE","PHASE_E_OWNER_MAPPING_PENDING","NOT_SCANNED_YET","Use Phase A semantic references index; file path alone is not evidence of SQL reads/writes"
"src/Jularr.Web/Features/Library/AnimeRepairService.cs","Library","OTHER_SOURCE","SOURCE_PATH_INDEXED_NOT_PROVEN_DB_USAGE","PHASE_E_OWNER_MAPPING_PENDING","NOT_SCANNED_YET","Use Phase A semantic references index; file path alone is not evidence of SQL reads/writes"
"src/Jularr.Web/Features/Library/CanonicalMediaStorage.cs","Library","OTHER_SOURCE","SOURCE_PATH_INDEXED_NOT_PROVEN_DB_USAGE","PHASE_E_OWNER_MAPPING_PENDING","NOT_SCANNED_YET","Use Phase A semantic references index; file path alone is not evidence of SQL reads/writes"
"src/Jularr.Web/Features/Library/HomeVideoQuery.cs","Library","DB_ACCESS_CANDIDATE","SOURCE_PATH_INDEXED_NOT_PROVEN_DB_USAGE","PHASE_E_OWNER_MAPPING_PENDING","NOT_SCANNED_YET","Use Phase A semantic references index; file path alone is not evidence of SQL reads/writes"
"src/Jularr.Web/Features/Library/LibraryBrowse.cs","Library","OTHER_SOURCE","SOURCE_PATH_INDEXED_NOT_PROVEN_DB_USAGE","PHASE_E_OWNER_MAPPING_PENDING","NOT_SCANNED_YET","Use Phase A semantic references index; file path alone is not evidence of SQL reads/writes"
"src/Jularr.Web/Features/Library/LibraryChangeTracker.cs","Library","OTHER_SOURCE","SOURCE_PATH_INDEXED_NOT_PROVEN_DB_USAGE","PHASE_E_OWNER_MAPPING_PENDING","NOT_SCANNED_YET","Use Phase A semantic references index; file path alone is not evidence of SQL reads/writes"
"src/Jularr.Web/Features/Library/LibraryMediaCardQuery.cs","Library","DB_ACCESS_CANDIDATE","SOURCE_PATH_INDEXED_NOT_PROVEN_DB_USAGE","PHASE_E_OWNER_MAPPING_PENDING","NOT_SCANNED_YET","Use Phase A semantic references index; file path alone is not evidence of SQL reads/writes"
"src/Jularr.Web/Features/Library/LibraryModels.cs","Library","OTHER_SOURCE","SOURCE_PATH_INDEXED_NOT_PROVEN_DB_USAGE","PHASE_E_OWNER_MAPPING_PENDING","NOT_SCANNED_YET","Use Phase A semantic references index; file path alone is not evidence of SQL reads/writes"
"src/Jularr.Web/Features/Library/LibraryRootQueries.cs","Library","OTHER_SOURCE","SOURCE_PATH_INDEXED_NOT_PROVEN_DB_USAGE","PHASE_E_OWNER_MAPPING_PENDING","NOT_SCANNED_YET","Use Phase A semantic references index; file path alone is not evidence of SQL reads/writes"
"src/Jularr.Web/Features/Library/LibraryScanCoordinator.cs","Library","JOB_OR_PROVIDER_CANDIDATE","SOURCE_PATH_INDEXED_NOT_PROVEN_DB_USAGE","PHASE_E_OWNER_MAPPING_PENDING","NOT_SCANNED_YET","Use Phase A semantic references index; file path alone is not evidence of SQL reads/writes"
"src/Jularr.Web/Features/Library/LibraryScanner.cs","Library","JOB_OR_PROVIDER_CANDIDATE","SOURCE_PATH_INDEXED_NOT_PROVEN_DB_USAGE","PHASE_E_OWNER_MAPPING_PENDING","NOT_SCANNED_YET","Use Phase A semantic references index; file path alone is not evidence of SQL reads/writes"
"src/Jularr.Web/Features/Library/LibraryStartupScanService.cs","Library","JOB_OR_PROVIDER_CANDIDATE","SOURCE_PATH_INDEXED_NOT_PROVEN_DB_USAGE","PHASE_E_OWNER_MAPPING_PENDING","NOT_SCANNED_YET","Use Phase A semantic references index; file path alone is not evidence of SQL reads/writes"
"src/Jularr.Web/Features/Library/LibraryWatchService.cs","Library","OTHER_SOURCE","SOURCE_PATH_INDEXED_NOT_PROVEN_DB_USAGE","PHASE_E_OWNER_MAPPING_PENDING","NOT_SCANNED_YET","Use Phase A semantic references index; file path alone is not evidence of SQL reads/writes"
"src/Jularr.Web/Features/Library/MediaFileReanalysisService.cs","Library","OTHER_SOURCE","SOURCE_PATH_INDEXED_NOT_PROVEN_DB_USAGE","PHASE_E_OWNER_MAPPING_PENDING","NOT_SCANNED_YET","Use Phase A semantic references index; file path alone is not evidence of SQL reads/writes"
"src/Jularr.Web/Features/Library/MediaInventoryModels.cs","Library","OTHER_SOURCE","SOURCE_PATH_INDEXED_NOT_PROVEN_DB_USAGE","PHASE_E_OWNER_MAPPING_PENDING","NOT_SCANNED_YET","Use Phase A semantic references index; file path alone is not evidence of SQL reads/writes"
"src/Jularr.Web/Features/Library/MediaInventoryService.cs","Library","OTHER_SOURCE","SOURCE_PATH_INDEXED_NOT_PROVEN_DB_USAGE","PHASE_E_OWNER_MAPPING_PENDING","NOT_SCANNED_YET","Use Phase A semantic references index; file path alone is not evidence of SQL reads/writes"
"src/Jularr.Web/Features/Library/MediaPathParser.cs","Library","OTHER_SOURCE","SOURCE_PATH_INDEXED_NOT_PROVEN_DB_USAGE","PHASE_E_OWNER_MAPPING_PENDING","NOT_SCANNED_YET","Use Phase A semantic references index; file path alone is not evidence of SQL reads/writes"
"src/Jularr.Web/Features/Library/MediaProbeDetail.cs","Library","OTHER_SOURCE","SOURCE_PATH_INDEXED_NOT_PROVEN_DB_USAGE","PHASE_E_OWNER_MAPPING_PENDING","NOT_SCANNED_YET","Use Phase A semantic references index; file path alone is not evidence of SQL reads/writes"
"src/Jularr.Web/Features/Library/MediaProbeParser.cs","Library","OTHER_SOURCE","SOURCE_PATH_INDEXED_NOT_PROVEN_DB_USAGE","PHASE_E_OWNER_MAPPING_PENDING","NOT_SCANNED_YET","Use Phase A semantic references index; file path alone is not evidence of SQL reads/writes"
"src/Jularr.Web/Features/Library/MediaProbeRunner.cs","Library","OTHER_SOURCE","SOURCE_PATH_INDEXED_NOT_PROVEN_DB_USAGE","PHASE_E_OWNER_MAPPING_PENDING","NOT_SCANNED_YET","Use Phase A semantic references index; file path alone is not evidence of SQL reads/writes"
"src/Jularr.Web/Features/Library/MediaStorageAliases.cs","Library","OTHER_SOURCE","SOURCE_PATH_INDEXED_NOT_PROVEN_DB_USAGE","PHASE_E_OWNER_MAPPING_PENDING","NOT_SCANNED_YET","Use Phase A semantic references index; file path alone is not evidence of SQL reads/writes"
"src/Jularr.Web/Features/Library/NfoAnimeLocalMetadata.cs","Library","OTHER_SOURCE","SOURCE_PATH_INDEXED_NOT_PROVEN_DB_USAGE","PHASE_E_OWNER_MAPPING_PENDING","NOT_SCANNED_YET","Use Phase A semantic references index; file path alone is not evidence of SQL reads/writes"
"src/Jularr.Web/Features/Library/NfoFileIndex.cs","Library","OTHER_SOURCE","SOURCE_PATH_INDEXED_NOT_PROVEN_DB_USAGE","PHASE_E_OWNER_MAPPING_PENDING","NOT_SCANNED_YET","Use Phase A semantic references index; file path alone is not evidence of SQL reads/writes"
"src/Jularr.Web/Features/Library/NfoReader.cs","Library","OTHER_SOURCE","SOURCE_PATH_INDEXED_NOT_PROVEN_DB_USAGE","PHASE_E_OWNER_MAPPING_PENDING","NOT_SCANNED_YET","Use Phase A semantic references index; file path alone is not evidence of SQL reads/writes"
"src/Jularr.Web/Features/Library/SubtitleSidecarDirectoryCache.cs","Library","OTHER_SOURCE","SOURCE_PATH_INDEXED_NOT_PROVEN_DB_USAGE","PHASE_E_OWNER_MAPPING_PENDING","NOT_SCANNED_YET","Use Phase A semantic references index; file path alone is not evidence of SQL reads/writes"
"src/Jularr.Web/Features/Library/SubtitleSidecarLocator.cs","Library","OTHER_SOURCE","SOURCE_PATH_INDEXED_NOT_PROVEN_DB_USAGE","PHASE_E_OWNER_MAPPING_PENDING","NOT_SCANNED_YET","Use Phase A semantic references index; file path alone is not evidence of SQL reads/writes"
"src/Jularr.Web/Features/Library/VideoDetail.cs","Library","OTHER_SOURCE","SOURCE_PATH_INDEXED_NOT_PROVEN_DB_USAGE","PHASE_E_OWNER_MAPPING_PENDING","NOT_SCANNED_YET","Use Phase A semantic references index; file path alone is not evidence of SQL reads/writes"
"src/Jularr.Web/Features/Library/VideoDetailView.cs","Library","OTHER_SOURCE","SOURCE_PATH_INDEXED_NOT_PROVEN_DB_USAGE","PHASE_E_OWNER_MAPPING_PENDING","NOT_SCANNED_YET","Use Phase A semantic references index; file path alone is not evidence of SQL reads/writes"
"src/Jularr.Web/Features/Localization/UiLocalizationModels.cs","Localization","OTHER_SOURCE","SOURCE_PATH_INDEXED_NOT_PROVEN_DB_USAGE","PHASE_E_OWNER_MAPPING_PENDING","NOT_SCANNED_YET","Use Phase A semantic references index; file path alone is not evidence of SQL reads/writes"
"src/Jularr.Web/Features/Localization/UiRequestLocalization.cs","Localization","OTHER_SOURCE","SOURCE_PATH_INDEXED_NOT_PROVEN_DB_USAGE","PHASE_E_OWNER_MAPPING_PENDING","NOT_SCANNED_YET","Use Phase A semantic references index; file path alone is not evidence of SQL reads/writes"
"src/Jularr.Web/Features/Localization/UiShellNavigation.cs","Localization","OTHER_SOURCE","SOURCE_PATH_INDEXED_NOT_PROVEN_DB_USAGE","PHASE_E_OWNER_MAPPING_PENDING","NOT_SCANNED_YET","Use Phase A semantic references index; file path alone is not evidence of SQL reads/writes"
"src/Jularr.Web/Features/Localization/UiTranslationCatalogStore.cs","Localization","DB_ACCESS_CANDIDATE","SOURCE_PATH_INDEXED_NOT_PROVEN_DB_USAGE","PHASE_E_OWNER_MAPPING_PENDING","NOT_SCANNED_YET","Use Phase A semantic references index; file path alone is not evidence of SQL reads/writes"
"src/Jularr.Web/Features/Localization/UiTranslationResources.cs","Localization","OTHER_SOURCE","SOURCE_PATH_INDEXED_NOT_PROVEN_DB_USAGE","PHASE_E_OWNER_MAPPING_PENDING","NOT_SCANNED_YET","Use Phase A semantic references index; file path alone is not evidence of SQL reads/writes"
"src/Jularr.Web/Features/Manga/MangaAniListService.cs","Manga","OTHER_SOURCE","SOURCE_PATH_INDEXED_NOT_PROVEN_DB_USAGE","PHASE_E_OWNER_MAPPING_PENDING","NOT_SCANNED_YET","Use Phase A semantic references index; file path alone is not evidence of SQL reads/writes"
"src/Jularr.Web/Features/Manga/MangaArtworkFolders.cs","Manga","OTHER_SOURCE","SOURCE_PATH_INDEXED_NOT_PROVEN_DB_USAGE","PHASE_E_OWNER_MAPPING_PENDING","NOT_SCANNED_YET","Use Phase A semantic references index; file path alone is not evidence of SQL reads/writes"
"src/Jularr.Web/Features/Manga/MangaImportService.cs","Manga","OTHER_SOURCE","SOURCE_PATH_INDEXED_NOT_PROVEN_DB_USAGE","PHASE_E_OWNER_MAPPING_PENDING","NOT_SCANNED_YET","Use Phase A semantic references index; file path alone is not evidence of SQL reads/writes"
"src/Jularr.Web/Features/Manga/MangaModels.cs","Manga","OTHER_SOURCE","SOURCE_PATH_INDEXED_NOT_PROVEN_DB_USAGE","PHASE_E_OWNER_MAPPING_PENDING","NOT_SCANNED_YET","Use Phase A semantic references index; file path alone is not evidence of SQL reads/writes"
"src/Jularr.Web/Features/Manga/MangaReaderDocumentAdapter.cs","Manga","OTHER_SOURCE","SOURCE_PATH_INDEXED_NOT_PROVEN_DB_USAGE","PHASE_E_OWNER_MAPPING_PENDING","NOT_SCANNED_YET","Use Phase A semantic references index; file path alone is not evidence of SQL reads/writes"
"src/Jularr.Web/Features/Manga/MangaReaderPreferences.cs","Manga","OTHER_SOURCE","SOURCE_PATH_INDEXED_NOT_PROVEN_DB_USAGE","PHASE_E_OWNER_MAPPING_PENDING","NOT_SCANNED_YET","Use Phase A semantic references index; file path alone is not evidence of SQL reads/writes"
"src/Jularr.Web/Features/Manga/MangaRepository.cs","Manga","DB_ACCESS_CANDIDATE","SOURCE_PATH_INDEXED_NOT_PROVEN_DB_USAGE","PHASE_E_OWNER_MAPPING_PENDING","NOT_SCANNED_YET","Use Phase A semantic references index; file path alone is not evidence of SQL reads/writes"
"src/Jularr.Web/Features/Manga/MangaUploadRequestLimitsAttribute.cs","Manga","OTHER_SOURCE","SOURCE_PATH_INDEXED_NOT_PROVEN_DB_USAGE","PHASE_E_OWNER_MAPPING_PENDING","NOT_SCANNED_YET","Use Phase A semantic references index; file path alone is not evidence of SQL reads/writes"
"src/Jularr.Web/Features/Manga/MangaUploadService.cs","Manga","OTHER_SOURCE","SOURCE_PATH_INDEXED_NOT_PROVEN_DB_USAGE","PHASE_E_OWNER_MAPPING_PENDING","NOT_SCANNED_YET","Use Phase A semantic references index; file path alone is not evidence of SQL reads/writes"
"src/Jularr.Web/Features/Mapping/AnimeMappingApplyService.cs","Mapping","OTHER_SOURCE","SOURCE_PATH_INDEXED_NOT_PROVEN_DB_USAGE","PHASE_E_OWNER_MAPPING_PENDING","NOT_SCANNED_YET","Use Phase A semantic references index; file path alone is not evidence of SQL reads/writes"
"src/Jularr.Web/Features/Mapping/AnimeMappingPlan.cs","Mapping","OTHER_SOURCE","SOURCE_PATH_INDEXED_NOT_PROVEN_DB_USAGE","PHASE_E_OWNER_MAPPING_PENDING","NOT_SCANNED_YET","Use Phase A semantic references index; file path alone is not evidence of SQL reads/writes"
"src/Jularr.Web/Features/Mapping/MappingAuditStore.cs","Mapping","DB_ACCESS_CANDIDATE","SOURCE_PATH_INDEXED_NOT_PROVEN_DB_USAGE","PHASE_E_OWNER_MAPPING_PENDING","NOT_SCANNED_YET","Use Phase A semantic references index; file path alone is not evidence of SQL reads/writes"
"src/Jularr.Web/Features/Mapping/MappingProviderRoles.cs","Mapping","OTHER_SOURCE","SOURCE_PATH_INDEXED_NOT_PROVEN_DB_USAGE","PHASE_E_OWNER_MAPPING_PENDING","NOT_SCANNED_YET","Use Phase A semantic references index; file path alone is not evidence of SQL reads/writes"
"src/Jularr.Web/Features/Mapping/ProviderRoleAssignmentStore.cs","Mapping","DB_ACCESS_CANDIDATE","SOURCE_PATH_INDEXED_NOT_PROVEN_DB_USAGE","PHASE_E_OWNER_MAPPING_PENDING","NOT_SCANNED_YET","Use Phase A semantic references index; file path alone is not evidence of SQL reads/writes"
"src/Jularr.Web/Features/Media/Compatibility/MediaPlaybackCompatibility.cs","Media","OTHER_SOURCE","SOURCE_PATH_INDEXED_NOT_PROVEN_DB_USAGE","PHASE_E_OWNER_MAPPING_PENDING","NOT_SCANNED_YET","Use Phase A semantic references index; file path alone is not evidence of SQL reads/writes"
"src/Jularr.Web/Features/Media/Optimization/MediaContainerOptimizer.cs","Media","OTHER_SOURCE","SOURCE_PATH_INDEXED_NOT_PROVEN_DB_USAGE","PHASE_E_OWNER_MAPPING_PENDING","NOT_SCANNED_YET","Use Phase A semantic references index; file path alone is not evidence of SQL reads/writes"
"src/Jularr.Web/Features/Media/Optimization/MediaContainerRemuxer.cs","Media","OTHER_SOURCE","SOURCE_PATH_INDEXED_NOT_PROVEN_DB_USAGE","PHASE_E_OWNER_MAPPING_PENDING","NOT_SCANNED_YET","Use Phase A semantic references index; file path alone is not evidence of SQL reads/writes"
"src/Jularr.Web/Features/Media/Optimization/MediaFileReplacement.cs","Media","OTHER_SOURCE","SOURCE_PATH_INDEXED_NOT_PROVEN_DB_USAGE","PHASE_E_OWNER_MAPPING_PENDING","NOT_SCANNED_YET","Use Phase A semantic references index; file path alone is not evidence of SQL reads/writes"
"src/Jularr.Web/Features/Media/Optimization/MediaOptimizationJournal.cs","Media","OTHER_SOURCE","SOURCE_PATH_INDEXED_NOT_PROVEN_DB_USAGE","PHASE_E_OWNER_MAPPING_PENDING","NOT_SCANNED_YET","Use Phase A semantic references index; file path alone is not evidence of SQL reads/writes"
"src/Jularr.Web/Features/Media/Optimization/MediaOptimizationPlanner.cs","Media","OTHER_SOURCE","SOURCE_PATH_INDEXED_NOT_PROVEN_DB_USAGE","PHASE_E_OWNER_MAPPING_PENDING","NOT_SCANNED_YET","Use Phase A semantic references index; file path alone is not evidence of SQL reads/writes"
"src/Jularr.Web/Features/Media/Optimization/MediaOptimizationQueue.cs","Media","OTHER_SOURCE","SOURCE_PATH_INDEXED_NOT_PROVEN_DB_USAGE","PHASE_E_OWNER_MAPPING_PENDING","NOT_SCANNED_YET","Use Phase A semantic references index; file path alone is not evidence of SQL reads/writes"
"src/Jularr.Web/Features/Media/Optimization/MediaRemuxVerifier.cs","Media","OTHER_SOURCE","SOURCE_PATH_INDEXED_NOT_PROVEN_DB_USAGE","PHASE_E_OWNER_MAPPING_PENDING","NOT_SCANNED_YET","Use Phase A semantic references index; file path alone is not evidence of SQL reads/writes"
"src/Jularr.Web/Features/MediaCore/AudiobookEditions.cs","MediaCore","OTHER_SOURCE","SOURCE_PATH_INDEXED_NOT_PROVEN_DB_USAGE","PHASE_E_OWNER_MAPPING_PENDING","NOT_SCANNED_YET","Use Phase A semantic references index; file path alone is not evidence of SQL reads/writes"
"src/Jularr.Web/Features/MediaCore/LegacyWorkBridge.cs","MediaCore","OTHER_SOURCE","SOURCE_PATH_INDEXED_NOT_PROVEN_DB_USAGE","PHASE_E_OWNER_MAPPING_PENDING","NOT_SCANNED_YET","Use Phase A semantic references index; file path alone is not evidence of SQL reads/writes"
"src/Jularr.Web/Features/MediaCore/MediaCoreEntities.cs","MediaCore","OTHER_SOURCE","SOURCE_PATH_INDEXED_NOT_PROVEN_DB_USAGE","PHASE_E_OWNER_MAPPING_PENDING","NOT_SCANNED_YET","Use Phase A semantic references index; file path alone is not evidence of SQL reads/writes"
"src/Jularr.Web/Features/MediaCore/MediaCoreEnums.cs","MediaCore","OTHER_SOURCE","SOURCE_PATH_INDEXED_NOT_PROVEN_DB_USAGE","PHASE_E_OWNER_MAPPING_PENDING","NOT_SCANNED_YET","Use Phase A semantic references index; file path alone is not evidence of SQL reads/writes"
"src/Jularr.Web/Features/MediaCore/MediaCoreRegistration.cs","MediaCore","OTHER_SOURCE","SOURCE_PATH_INDEXED_NOT_PROVEN_DB_USAGE","PHASE_E_OWNER_MAPPING_PENDING","NOT_SCANNED_YET","Use Phase A semantic references index; file path alone is not evidence of SQL reads/writes"
"src/Jularr.Web/Features/MediaCore/MetadataFieldSources.cs","MediaCore","OTHER_SOURCE","SOURCE_PATH_INDEXED_NOT_PROVEN_DB_USAGE","PHASE_E_OWNER_MAPPING_PENDING","NOT_SCANNED_YET","Use Phase A semantic references index; file path alone is not evidence of SQL reads/writes"
"src/Jularr.Web/Features/MediaCore/ReadingUnits.cs","MediaCore","OTHER_SOURCE","SOURCE_PATH_INDEXED_NOT_PROVEN_DB_USAGE","PHASE_E_OWNER_MAPPING_PENDING","NOT_SCANNED_YET","Use Phase A semantic references index; file path alone is not evidence of SQL reads/writes"
"src/Jularr.Web/Features/MediaCore/WorkDuplicateDetection.cs","MediaCore","OTHER_SOURCE","SOURCE_PATH_INDEXED_NOT_PROVEN_DB_USAGE","PHASE_E_OWNER_MAPPING_PENDING","NOT_SCANNED_YET","Use Phase A semantic references index; file path alone is not evidence of SQL reads/writes"
"src/Jularr.Web/Features/MediaCore/WorkIdentityChange.cs","MediaCore","OTHER_SOURCE","SOURCE_PATH_INDEXED_NOT_PROVEN_DB_USAGE","PHASE_E_OWNER_MAPPING_PENDING","NOT_SCANNED_YET","Use Phase A semantic references index; file path alone is not evidence of SQL reads/writes"
"src/Jularr.Web/Features/MediaCore/WorkMetadataEntities.cs","MediaCore","OTHER_SOURCE","SOURCE_PATH_INDEXED_NOT_PROVEN_DB_USAGE","PHASE_E_OWNER_MAPPING_PENDING","NOT_SCANNED_YET","Use Phase A semantic references index; file path alone is not evidence of SQL reads/writes"
"src/Jularr.Web/Features/MediaCore/WorkMetadataLocales.cs","MediaCore","OTHER_SOURCE","SOURCE_PATH_INDEXED_NOT_PROVEN_DB_USAGE","PHASE_E_OWNER_MAPPING_PENDING","NOT_SCANNED_YET","Use Phase A semantic references index; file path alone is not evidence of SQL reads/writes"
"src/Jularr.Web/Features/MediaCore/WorkMetadataPresentation.cs","MediaCore","OTHER_SOURCE","SOURCE_PATH_INDEXED_NOT_PROVEN_DB_USAGE","PHASE_E_OWNER_MAPPING_PENDING","NOT_SCANNED_YET","Use Phase A semantic references index; file path alone is not evidence of SQL reads/writes"
"src/Jularr.Web/Features/MediaCore/WorkMetadataSnapshot.cs","MediaCore","OTHER_SOURCE","SOURCE_PATH_INDEXED_NOT_PROVEN_DB_USAGE","PHASE_E_OWNER_MAPPING_PENDING","NOT_SCANNED_YET","Use Phase A semantic references index; file path alone is not evidence of SQL reads/writes"
"src/Jularr.Web/Features/MediaCore/WorkMetadataStore.cs","MediaCore","DB_ACCESS_CANDIDATE","SOURCE_PATH_INDEXED_NOT_PROVEN_DB_USAGE","PHASE_E_OWNER_MAPPING_PENDING","NOT_SCANNED_YET","Use Phase A semantic references index; file path alone is not evidence of SQL reads/writes"
"src/Jularr.Web/Features/MediaCore/WorkQueryService.cs","MediaCore","DB_ACCESS_CANDIDATE","SOURCE_PATH_INDEXED_NOT_PROVEN_DB_USAGE","PHASE_E_OWNER_MAPPING_PENDING","NOT_SCANNED_YET","Use Phase A semantic references index; file path alone is not evidence of SQL reads/writes"
"src/Jularr.Web/Features/MediaCore/WorkService.cs","MediaCore","OTHER_SOURCE","SOURCE_PATH_INDEXED_NOT_PROVEN_DB_USAGE","PHASE_E_OWNER_MAPPING_PENDING","NOT_SCANNED_YET","Use Phase A semantic references index; file path alone is not evidence of SQL reads/writes"
"src/Jularr.Web/Features/MediaCore/WorkSourceLinkConflictException.cs","MediaCore","OTHER_SOURCE","SOURCE_PATH_INDEXED_NOT_PROVEN_DB_USAGE","PHASE_E_OWNER_MAPPING_PENDING","NOT_SCANNED_YET","Use Phase A semantic references index; file path alone is not evidence of SQL reads/writes"
"src/Jularr.Web/Features/MediaCore/WorkStructureService.cs","MediaCore","OTHER_SOURCE","SOURCE_PATH_INDEXED_NOT_PROVEN_DB_USAGE","PHASE_E_OWNER_MAPPING_PENDING","NOT_SCANNED_YET","Use Phase A semantic references index; file path alone is not evidence of SQL reads/writes"
"src/Jularr.Web/Features/MediaFacts/MediaFactsModels.cs","MediaFacts","OTHER_SOURCE","SOURCE_PATH_INDEXED_NOT_PROVEN_DB_USAGE","PHASE_E_OWNER_MAPPING_PENDING","NOT_SCANNED_YET","Use Phase A semantic references index; file path alone is not evidence of SQL reads/writes"
"src/Jularr.Web/Features/MediaFacts/MediaFactsService.cs","MediaFacts","OTHER_SOURCE","SOURCE_PATH_INDEXED_NOT_PROVEN_DB_USAGE","PHASE_E_OWNER_MAPPING_PENDING","NOT_SCANNED_YET","Use Phase A semantic references index; file path alone is not evidence of SQL reads/writes"
"src/Jularr.Web/Features/MediaFacts/MediaFactsStripModel.cs","MediaFacts","OTHER_SOURCE","SOURCE_PATH_INDEXED_NOT_PROVEN_DB_USAGE","PHASE_E_OWNER_MAPPING_PENDING","NOT_SCANNED_YET","Use Phase A semantic references index; file path alone is not evidence of SQL reads/writes"
"src/Jularr.Web/Features/MediaMapping/AnimeSequenceMapping.cs","MediaMapping","OTHER_SOURCE","SOURCE_PATH_INDEXED_NOT_PROVEN_DB_USAGE","PHASE_E_OWNER_MAPPING_PENDING","NOT_SCANNED_YET","Use Phase A semantic references index; file path alone is not evidence of SQL reads/writes"
"src/Jularr.Web/Features/MediaMapping/AnimeSpecialMapping.cs","MediaMapping","OTHER_SOURCE","SOURCE_PATH_INDEXED_NOT_PROVEN_DB_USAGE","PHASE_E_OWNER_MAPPING_PENDING","NOT_SCANNED_YET","Use Phase A semantic references index; file path alone is not evidence of SQL reads/writes"
"src/Jularr.Web/Features/MediaMapping/AutomaticMediaMapping.cs","MediaMapping","OTHER_SOURCE","SOURCE_PATH_INDEXED_NOT_PROVEN_DB_USAGE","PHASE_E_OWNER_MAPPING_PENDING","NOT_SCANNED_YET","Use Phase A semantic references index; file path alone is not evidence of SQL reads/writes"
"src/Jularr.Web/Features/MediaMapping/AutomaticReadingSegmentPlanner.cs","MediaMapping","OTHER_SOURCE","SOURCE_PATH_INDEXED_NOT_PROVEN_DB_USAGE","PHASE_E_OWNER_MAPPING_PENDING","NOT_SCANNED_YET","Use Phase A semantic references index; file path alone is not evidence of SQL reads/writes"
"src/Jularr.Web/Features/MediaMapping/MediaMappingReviewStore.cs","MediaMapping","DB_ACCESS_CANDIDATE","SOURCE_PATH_INDEXED_NOT_PROVEN_DB_USAGE","PHASE_E_OWNER_MAPPING_PENDING","NOT_SCANNED_YET","Use Phase A semantic references index; file path alone is not evidence of SQL reads/writes"
"src/Jularr.Web/Features/MediaMapping/ReadingSegmentMappingStore.cs","MediaMapping","DB_ACCESS_CANDIDATE","SOURCE_PATH_INDEXED_NOT_PROVEN_DB_USAGE","PHASE_E_OWNER_MAPPING_PENDING","NOT_SCANNED_YET","Use Phase A semantic references index; file path alone is not evidence of SQL reads/writes"
"src/Jularr.Web/Features/MediaSegments/AudioFingerprint.cs","MediaSegments","OTHER_SOURCE","SOURCE_PATH_INDEXED_NOT_PROVEN_DB_USAGE","PHASE_E_OWNER_MAPPING_PENDING","NOT_SCANNED_YET","Use Phase A semantic references index; file path alone is not evidence of SQL reads/writes"
"src/Jularr.Web/Features/MediaSegments/AudioFingerprintMediaSegmentDetector.cs","MediaSegments","OTHER_SOURCE","SOURCE_PATH_INDEXED_NOT_PROVEN_DB_USAGE","PHASE_E_OWNER_MAPPING_PENDING","NOT_SCANNED_YET","Use Phase A semantic references index; file path alone is not evidence of SQL reads/writes"
"src/Jularr.Web/Features/MediaSegments/AudioFingerprintPolicy.cs","MediaSegments","OTHER_SOURCE","SOURCE_PATH_INDEXED_NOT_PROVEN_DB_USAGE","PHASE_E_OWNER_MAPPING_PENDING","NOT_SCANNED_YET","Use Phase A semantic references index; file path alone is not evidence of SQL reads/writes"
"src/Jularr.Web/Features/MediaSegments/AudioWindowDecoder.cs","MediaSegments","OTHER_SOURCE","SOURCE_PATH_INDEXED_NOT_PROVEN_DB_USAGE","PHASE_E_OWNER_MAPPING_PENDING","NOT_SCANNED_YET","Use Phase A semantic references index; file path alone is not evidence of SQL reads/writes"
"src/Jularr.Web/Features/MediaSegments/MediaSegmentDetector.cs","MediaSegments","OTHER_SOURCE","SOURCE_PATH_INDEXED_NOT_PROVEN_DB_USAGE","PHASE_E_OWNER_MAPPING_PENDING","NOT_SCANNED_YET","Use Phase A semantic references index; file path alone is not evidence of SQL reads/writes"
"src/Jularr.Web/Features/MediaSegments/MediaSegmentModels.cs","MediaSegments","OTHER_SOURCE","SOURCE_PATH_INDEXED_NOT_PROVEN_DB_USAGE","PHASE_E_OWNER_MAPPING_PENDING","NOT_SCANNED_YET","Use Phase A semantic references index; file path alone is not evidence of SQL reads/writes"
"src/Jularr.Web/Features/MediaSegments/MediaSegmentService.cs","MediaSegments","OTHER_SOURCE","SOURCE_PATH_INDEXED_NOT_PROVEN_DB_USAGE","PHASE_E_OWNER_MAPPING_PENDING","NOT_SCANNED_YET","Use Phase A semantic references index; file path alone is not evidence of SQL reads/writes"
"src/Jularr.Web/Features/MediaSegments/MediaSegmentSidecar.cs","MediaSegments","OTHER_SOURCE","SOURCE_PATH_INDEXED_NOT_PROVEN_DB_USAGE","PHASE_E_OWNER_MAPPING_PENDING","NOT_SCANNED_YET","Use Phase A semantic references index; file path alone is not evidence of SQL reads/writes"
"src/Jularr.Web/Features/MediaSegments/SeasonSegmentDetectionQueue.cs","MediaSegments","OTHER_SOURCE","SOURCE_PATH_INDEXED_NOT_PROVEN_DB_USAGE","PHASE_E_OWNER_MAPPING_PENDING","NOT_SCANNED_YET","Use Phase A semantic references index; file path alone is not evidence of SQL reads/writes"
"src/Jularr.Web/Features/MediaSegments/Trickplay.cs","MediaSegments","OTHER_SOURCE","SOURCE_PATH_INDEXED_NOT_PROVEN_DB_USAGE","PHASE_E_OWNER_MAPPING_PENDING","NOT_SCANNED_YET","Use Phase A semantic references index; file path alone is not evidence of SQL reads/writes"
"src/Jularr.Web/Features/Metadata/AniListMetadataProvider.cs","Metadata","OTHER_SOURCE","SOURCE_PATH_INDEXED_NOT_PROVEN_DB_USAGE","PHASE_E_OWNER_MAPPING_PENDING","NOT_SCANNED_YET","Use Phase A semantic references index; file path alone is not evidence of SQL reads/writes"
"src/Jularr.Web/Features/Metadata/AnimeMetadataService.cs","Metadata","OTHER_SOURCE","SOURCE_PATH_INDEXED_NOT_PROVEN_DB_USAGE","PHASE_E_OWNER_MAPPING_PENDING","NOT_SCANNED_YET","Use Phase A semantic references index; file path alone is not evidence of SQL reads/writes"
"src/Jularr.Web/Features/Metadata/MetadataModels.cs","Metadata","OTHER_SOURCE","SOURCE_PATH_INDEXED_NOT_PROVEN_DB_USAGE","PHASE_E_OWNER_MAPPING_PENDING","NOT_SCANNED_YET","Use Phase A semantic references index; file path alone is not evidence of SQL reads/writes"
"src/Jularr.Web/Features/Metadata/WorkMetadataRefreshService.cs","Metadata","JOB_OR_PROVIDER_CANDIDATE","SOURCE_PATH_INDEXED_NOT_PROVEN_DB_USAGE","PHASE_E_OWNER_MAPPING_PENDING","NOT_SCANNED_YET","Use Phase A semantic references index; file path alone is not evidence of SQL reads/writes"
"src/Jularr.Web/Features/Metadata/WorkMetadataRefresher.cs","Metadata","JOB_OR_PROVIDER_CANDIDATE","SOURCE_PATH_INDEXED_NOT_PROVEN_DB_USAGE","PHASE_E_OWNER_MAPPING_PENDING","NOT_SCANNED_YET","Use Phase A semantic references index; file path alone is not evidence of SQL reads/writes"
"src/Jularr.Web/Features/Monitoring/MonitoringCommands.cs","Monitoring","OTHER_SOURCE","SOURCE_PATH_INDEXED_NOT_PROVEN_DB_USAGE","PHASE_E_OWNER_MAPPING_PENDING","NOT_SCANNED_YET","Use Phase A semantic references index; file path alone is not evidence of SQL reads/writes"
"src/Jularr.Web/Features/Monitoring/MonitoringEndpoints.cs","Monitoring","HTTP_ENDPOINT","SOURCE_PATH_INDEXED_NOT_PROVEN_DB_USAGE","PHASE_E_OWNER_MAPPING_PENDING","NOT_SCANNED_YET","Use Phase A semantic references index; file path alone is not evidence of SQL reads/writes"
"src/Jularr.Web/Features/Monitoring/MonitoringModels.cs","Monitoring","OTHER_SOURCE","SOURCE_PATH_INDEXED_NOT_PROVEN_DB_USAGE","PHASE_E_OWNER_MAPPING_PENDING","NOT_SCANNED_YET","Use Phase A semantic references index; file path alone is not evidence of SQL reads/writes"
"src/Jularr.Web/Features/Monitoring/MonitoringResolver.cs","Monitoring","OTHER_SOURCE","SOURCE_PATH_INDEXED_NOT_PROVEN_DB_USAGE","PHASE_E_OWNER_MAPPING_PENDING","NOT_SCANNED_YET","Use Phase A semantic references index; file path alone is not evidence of SQL reads/writes"
"src/Jularr.Web/Features/Movies/Movie.cs","Movies","OTHER_SOURCE","SOURCE_PATH_INDEXED_NOT_PROVEN_DB_USAGE","PHASE_E_OWNER_MAPPING_PENDING","NOT_SCANNED_YET","Use Phase A semantic references index; file path alone is not evidence of SQL reads/writes"
"src/Jularr.Web/Features/Movies/MovieCompletedDownloadImportAdapter.cs","Movies","OTHER_SOURCE","SOURCE_PATH_INDEXED_NOT_PROVEN_DB_USAGE","PHASE_E_OWNER_MAPPING_PENDING","NOT_SCANNED_YET","Use Phase A semantic references index; file path alone is not evidence of SQL reads/writes"
"src/Jularr.Web/Features/Movies/MovieLibraryService.cs","Movies","OTHER_SOURCE","SOURCE_PATH_INDEXED_NOT_PROVEN_DB_USAGE","PHASE_E_OWNER_MAPPING_PENDING","NOT_SCANNED_YET","Use Phase A semantic references index; file path alone is not evidence of SQL reads/writes"
"src/Jularr.Web/Features/Movies/MovieNaming.cs","Movies","OTHER_SOURCE","SOURCE_PATH_INDEXED_NOT_PROVEN_DB_USAGE","PHASE_E_OWNER_MAPPING_PENDING","NOT_SCANNED_YET","Use Phase A semantic references index; file path alone is not evidence of SQL reads/writes"
"src/Jularr.Web/Features/Music/MusicAcquisition.cs","Music","OTHER_SOURCE","SOURCE_PATH_INDEXED_NOT_PROVEN_DB_USAGE","PHASE_E_OWNER_MAPPING_PENDING","NOT_SCANNED_YET","Use Phase A semantic references index; file path alone is not evidence of SQL reads/writes"
"src/Jularr.Web/Features/Music/MusicBrainzProvider.cs","Music","OTHER_SOURCE","SOURCE_PATH_INDEXED_NOT_PROVEN_DB_USAGE","PHASE_E_OWNER_MAPPING_PENDING","NOT_SCANNED_YET","Use Phase A semantic references index; file path alone is not evidence of SQL reads/writes"
"src/Jularr.Web/Features/Music/MusicCompletedDownloadImportAdapter.cs","Music","OTHER_SOURCE","SOURCE_PATH_INDEXED_NOT_PROVEN_DB_USAGE","PHASE_E_OWNER_MAPPING_PENDING","NOT_SCANNED_YET","Use Phase A semantic references index; file path alone is not evidence of SQL reads/writes"
"src/Jularr.Web/Features/Music/MusicLibraryService.cs","Music","OTHER_SOURCE","SOURCE_PATH_INDEXED_NOT_PROVEN_DB_USAGE","PHASE_E_OWNER_MAPPING_PENDING","NOT_SCANNED_YET","Use Phase A semantic references index; file path alone is not evidence of SQL reads/writes"
"src/Jularr.Web/Features/Music/MusicManualSearchService.cs","Music","OTHER_SOURCE","SOURCE_PATH_INDEXED_NOT_PROVEN_DB_USAGE","PHASE_E_OWNER_MAPPING_PENDING","NOT_SCANNED_YET","Use Phase A semantic references index; file path alone is not evidence of SQL reads/writes"
"src/Jularr.Web/Features/Music/MusicMetadata.cs","Music","OTHER_SOURCE","SOURCE_PATH_INDEXED_NOT_PROVEN_DB_USAGE","PHASE_E_OWNER_MAPPING_PENDING","NOT_SCANNED_YET","Use Phase A semantic references index; file path alone is not evidence of SQL reads/writes"
"src/Jularr.Web/Features/Music/MusicModels.cs","Music","OTHER_SOURCE","SOURCE_PATH_INDEXED_NOT_PROVEN_DB_USAGE","PHASE_E_OWNER_MAPPING_PENDING","NOT_SCANNED_YET","Use Phase A semantic references index; file path alone is not evidence of SQL reads/writes"
"src/Jularr.Web/Features/Music/MusicQuery.cs","Music","DB_ACCESS_CANDIDATE","SOURCE_PATH_INDEXED_NOT_PROVEN_DB_USAGE","PHASE_E_OWNER_MAPPING_PENDING","NOT_SCANNED_YET","Use Phase A semantic references index; file path alone is not evidence of SQL reads/writes"
"src/Jularr.Web/Features/Music/MusicRequestDrafter.cs","Music","OTHER_SOURCE","SOURCE_PATH_INDEXED_NOT_PROVEN_DB_USAGE","PHASE_E_OWNER_MAPPING_PENDING","NOT_SCANNED_YET","Use Phase A semantic references index; file path alone is not evidence of SQL reads/writes"
"src/Jularr.Web/Features/Music/MusicTrackMatcher.cs","Music","OTHER_SOURCE","SOURCE_PATH_INDEXED_NOT_PROVEN_DB_USAGE","PHASE_E_OWNER_MAPPING_PENDING","NOT_SCANNED_YET","Use Phase A semantic references index; file path alone is not evidence of SQL reads/writes"
"src/Jularr.Web/Features/Music/MusicWantedSource.cs","Music","OTHER_SOURCE","SOURCE_PATH_INDEXED_NOT_PROVEN_DB_USAGE","PHASE_E_OWNER_MAPPING_PENDING","NOT_SCANNED_YET","Use Phase A semantic references index; file path alone is not evidence of SQL reads/writes"
"src/Jularr.Web/Features/Naming/NamingTemplateEngine.cs","Naming","OTHER_SOURCE","SOURCE_PATH_INDEXED_NOT_PROVEN_DB_USAGE","PHASE_E_OWNER_MAPPING_PENDING","NOT_SCANNED_YET","Use Phase A semantic references index; file path alone is not evidence of SQL reads/writes"
"src/Jularr.Web/Features/Naming/ReadingNamingFormatter.cs","Naming","OTHER_SOURCE","SOURCE_PATH_INDEXED_NOT_PROVEN_DB_USAGE","PHASE_E_OWNER_MAPPING_PENDING","NOT_SCANNED_YET","Use Phase A semantic references index; file path alone is not evidence of SQL reads/writes"
"src/Jularr.Web/Features/Naming/ReadingNamingModels.cs","Naming","OTHER_SOURCE","SOURCE_PATH_INDEXED_NOT_PROVEN_DB_USAGE","PHASE_E_OWNER_MAPPING_PENDING","NOT_SCANNED_YET","Use Phase A semantic references index; file path alone is not evidence of SQL reads/writes"
"src/Jularr.Web/Features/Naming/ReadingNamingPresets.cs","Naming","OTHER_SOURCE","SOURCE_PATH_INDEXED_NOT_PROVEN_DB_USAGE","PHASE_E_OWNER_MAPPING_PENDING","NOT_SCANNED_YET","Use Phase A semantic references index; file path alone is not evidence of SQL reads/writes"
"src/Jularr.Web/Features/Naming/ReadingNamingProfileStore.cs","Naming","DB_ACCESS_CANDIDATE","SOURCE_PATH_INDEXED_NOT_PROVEN_DB_USAGE","PHASE_E_OWNER_MAPPING_PENDING","NOT_SCANNED_YET","Use Phase A semantic references index; file path alone is not evidence of SQL reads/writes"
"src/Jularr.Web/Features/Naming/ReadingNamingSamples.cs","Naming","OTHER_SOURCE","SOURCE_PATH_INDEXED_NOT_PROVEN_DB_USAGE","PHASE_E_OWNER_MAPPING_PENDING","NOT_SCANNED_YET","Use Phase A semantic references index; file path alone is not evidence of SQL reads/writes"
"src/Jularr.Web/Features/Notifications/INotificationSink.cs","Notifications","OTHER_SOURCE","SOURCE_PATH_INDEXED_NOT_PROVEN_DB_USAGE","PHASE_E_OWNER_MAPPING_PENDING","NOT_SCANNED_YET","Use Phase A semantic references index; file path alone is not evidence of SQL reads/writes"
"src/Jularr.Web/Features/Notifications/NotificationDispatcher.cs","Notifications","OTHER_SOURCE","SOURCE_PATH_INDEXED_NOT_PROVEN_DB_USAGE","PHASE_E_OWNER_MAPPING_PENDING","NOT_SCANNED_YET","Use Phase A semantic references index; file path alone is not evidence of SQL reads/writes"
"src/Jularr.Web/Features/Notifications/NotificationLinks.cs","Notifications","OTHER_SOURCE","SOURCE_PATH_INDEXED_NOT_PROVEN_DB_USAGE","PHASE_E_OWNER_MAPPING_PENDING","NOT_SCANNED_YET","Use Phase A semantic references index; file path alone is not evidence of SQL reads/writes"
"src/Jularr.Web/Features/Notifications/NotificationModels.cs","Notifications","OTHER_SOURCE","SOURCE_PATH_INDEXED_NOT_PROVEN_DB_USAGE","PHASE_E_OWNER_MAPPING_PENDING","NOT_SCANNED_YET","Use Phase A semantic references index; file path alone is not evidence of SQL reads/writes"
"src/Jularr.Web/Features/Notifications/NotificationStore.cs","Notifications","DB_ACCESS_CANDIDATE","SOURCE_PATH_INDEXED_NOT_PROVEN_DB_USAGE","PHASE_E_OWNER_MAPPING_PENDING","NOT_SCANNED_YET","Use Phase A semantic references index; file path alone is not evidence of SQL reads/writes"
"src/Jularr.Web/Features/Notifications/NotificationSubscriptionStore.cs","Notifications","DB_ACCESS_CANDIDATE","SOURCE_PATH_INDEXED_NOT_PROVEN_DB_USAGE","PHASE_E_OWNER_MAPPING_PENDING","NOT_SCANNED_YET","Use Phase A semantic references index; file path alone is not evidence of SQL reads/writes"
"src/Jularr.Web/Features/Novels/NcodeNovelSourceProvider.cs","Novels","OTHER_SOURCE","SOURCE_PATH_INDEXED_NOT_PROVEN_DB_USAGE","PHASE_E_OWNER_MAPPING_PENDING","NOT_SCANNED_YET","Use Phase A semantic references index; file path alone is not evidence of SQL reads/writes"
"src/Jularr.Web/Features/Novels/NovelAiServices.cs","Novels","OTHER_SOURCE","SOURCE_PATH_INDEXED_NOT_PROVEN_DB_USAGE","PHASE_E_OWNER_MAPPING_PENDING","NOT_SCANNED_YET","Use Phase A semantic references index; file path alone is not evidence of SQL reads/writes"
"src/Jularr.Web/Features/Novels/NovelAniListProvider.cs","Novels","OTHER_SOURCE","SOURCE_PATH_INDEXED_NOT_PROVEN_DB_USAGE","PHASE_E_OWNER_MAPPING_PENDING","NOT_SCANNED_YET","Use Phase A semantic references index; file path alone is not evidence of SQL reads/writes"
"src/Jularr.Web/Features/Novels/NovelAnnotationService.cs","Novels","OTHER_SOURCE","SOURCE_PATH_INDEXED_NOT_PROVEN_DB_USAGE","PHASE_E_OWNER_MAPPING_PENDING","NOT_SCANNED_YET","Use Phase A semantic references index; file path alone is not evidence of SQL reads/writes"
"src/Jularr.Web/Features/Novels/NovelArtworkFolders.cs","Novels","OTHER_SOURCE","SOURCE_PATH_INDEXED_NOT_PROVEN_DB_USAGE","PHASE_E_OWNER_MAPPING_PENDING","NOT_SCANNED_YET","Use Phase A semantic references index; file path alone is not evidence of SQL reads/writes"
"src/Jularr.Web/Features/Novels/NovelCatalogQueries.cs","Novels","OTHER_SOURCE","SOURCE_PATH_INDEXED_NOT_PROVEN_DB_USAGE","PHASE_E_OWNER_MAPPING_PENDING","NOT_SCANNED_YET","Use Phase A semantic references index; file path alone is not evidence of SQL reads/writes"
"src/Jularr.Web/Features/Novels/NovelChapterDocument.cs","Novels","OTHER_SOURCE","SOURCE_PATH_INDEXED_NOT_PROVEN_DB_USAGE","PHASE_E_OWNER_MAPPING_PENDING","NOT_SCANNED_YET","Use Phase A semantic references index; file path alone is not evidence of SQL reads/writes"
"src/Jularr.Web/Features/Novels/NovelChapterText.cs","Novels","OTHER_SOURCE","SOURCE_PATH_INDEXED_NOT_PROVEN_DB_USAGE","PHASE_E_OWNER_MAPPING_PENDING","NOT_SCANNED_YET","Use Phase A semantic references index; file path alone is not evidence of SQL reads/writes"
"src/Jularr.Web/Features/Novels/NovelEpubImportService.cs","Novels","OTHER_SOURCE","SOURCE_PATH_INDEXED_NOT_PROVEN_DB_USAGE","PHASE_E_OWNER_MAPPING_PENDING","NOT_SCANNED_YET","Use Phase A semantic references index; file path alone is not evidence of SQL reads/writes"
"src/Jularr.Web/Features/Novels/NovelEpubUploadRequestLimitsAttribute.cs","Novels","OTHER_SOURCE","SOURCE_PATH_INDEXED_NOT_PROVEN_DB_USAGE","PHASE_E_OWNER_MAPPING_PENDING","NOT_SCANNED_YET","Use Phase A semantic references index; file path alone is not evidence of SQL reads/writes"
"src/Jularr.Web/Features/Novels/NovelImportService.cs","Novels","OTHER_SOURCE","SOURCE_PATH_INDEXED_NOT_PROVEN_DB_USAGE","PHASE_E_OWNER_MAPPING_PENDING","NOT_SCANNED_YET","Use Phase A semantic references index; file path alone is not evidence of SQL reads/writes"
"src/Jularr.Web/Features/Novels/NovelJobs.cs","Novels","JOB_OR_PROVIDER_CANDIDATE","SOURCE_PATH_INDEXED_NOT_PROVEN_DB_USAGE","PHASE_E_OWNER_MAPPING_PENDING","NOT_SCANNED_YET","Use Phase A semantic references index; file path alone is not evidence of SQL reads/writes"
"src/Jularr.Web/Features/Novels/NovelMetadataService.cs","Novels","OTHER_SOURCE","SOURCE_PATH_INDEXED_NOT_PROVEN_DB_USAGE","PHASE_E_OWNER_MAPPING_PENDING","NOT_SCANNED_YET","Use Phase A semantic references index; file path alone is not evidence of SQL reads/writes"
"src/Jularr.Web/Features/Novels/NovelModels.cs","Novels","OTHER_SOURCE","SOURCE_PATH_INDEXED_NOT_PROVEN_DB_USAGE","PHASE_E_OWNER_MAPPING_PENDING","NOT_SCANNED_YET","Use Phase A semantic references index; file path alone is not evidence of SQL reads/writes"
"src/Jularr.Web/Features/Novels/NovelProgressService.cs","Novels","OTHER_SOURCE","SOURCE_PATH_INDEXED_NOT_PROVEN_DB_USAGE","PHASE_E_OWNER_MAPPING_PENDING","NOT_SCANNED_YET","Use Phase A semantic references index; file path alone is not evidence of SQL reads/writes"
"src/Jularr.Web/Features/Novels/NovelReaderDocumentAdapter.cs","Novels","OTHER_SOURCE","SOURCE_PATH_INDEXED_NOT_PROVEN_DB_USAGE","PHASE_E_OWNER_MAPPING_PENDING","NOT_SCANNED_YET","Use Phase A semantic references index; file path alone is not evidence of SQL reads/writes"
"src/Jularr.Web/Features/Novels/NovelTextLayout.cs","Novels","OTHER_SOURCE","SOURCE_PATH_INDEXED_NOT_PROVEN_DB_USAGE","PHASE_E_OWNER_MAPPING_PENDING","NOT_SCANNED_YET","Use Phase A semantic references index; file path alone is not evidence of SQL reads/writes"
"src/Jularr.Web/Features/Novels/NovelVolumeAssetStore.cs","Novels","DB_ACCESS_CANDIDATE","SOURCE_PATH_INDEXED_NOT_PROVEN_DB_USAGE","PHASE_E_OWNER_MAPPING_PENDING","NOT_SCANNED_YET","Use Phase A semantic references index; file path alone is not evidence of SQL reads/writes"
"src/Jularr.Web/Features/Novels/NovelVolumeContent.cs","Novels","OTHER_SOURCE","SOURCE_PATH_INDEXED_NOT_PROVEN_DB_USAGE","PHASE_E_OWNER_MAPPING_PENDING","NOT_SCANNED_YET","Use Phase A semantic references index; file path alone is not evidence of SQL reads/writes"
"src/Jularr.Web/Features/Novels/TranslateGemmaTranslator.cs","Novels","OTHER_SOURCE","SOURCE_PATH_INDEXED_NOT_PROVEN_DB_USAGE","PHASE_E_OWNER_MAPPING_PENDING","NOT_SCANNED_YET","Use Phase A semantic references index; file path alone is not evidence of SQL reads/writes"
"src/Jularr.Web/Features/OfflineLibrary/OfflineLibraryContract.cs","OfflineLibrary","OTHER_SOURCE","SOURCE_PATH_INDEXED_NOT_PROVEN_DB_USAGE","PHASE_E_OWNER_MAPPING_PENDING","NOT_SCANNED_YET","Use Phase A semantic references index; file path alone is not evidence of SQL reads/writes"
"src/Jularr.Web/Features/OfflineLibrary/OfflineLibraryModels.cs","OfflineLibrary","OTHER_SOURCE","SOURCE_PATH_INDEXED_NOT_PROVEN_DB_USAGE","PHASE_E_OWNER_MAPPING_PENDING","NOT_SCANNED_YET","Use Phase A semantic references index; file path alone is not evidence of SQL reads/writes"
"src/Jularr.Web/Features/OfflineLibrary/OfflineLibraryQueries.cs","OfflineLibrary","OTHER_SOURCE","SOURCE_PATH_INDEXED_NOT_PROVEN_DB_USAGE","PHASE_E_OWNER_MAPPING_PENDING","NOT_SCANNED_YET","Use Phase A semantic references index; file path alone is not evidence of SQL reads/writes"
"src/Jularr.Web/Features/OfflineLibrary/OfflineLibrarySync.cs","OfflineLibrary","OTHER_SOURCE","SOURCE_PATH_INDEXED_NOT_PROVEN_DB_USAGE","PHASE_E_OWNER_MAPPING_PENDING","NOT_SCANNED_YET","Use Phase A semantic references index; file path alone is not evidence of SQL reads/writes"
"src/Jularr.Web/Features/OfflineLibrary/OfflinePrefetchCandidateSource.cs","OfflineLibrary","OTHER_SOURCE","SOURCE_PATH_INDEXED_NOT_PROVEN_DB_USAGE","PHASE_E_OWNER_MAPPING_PENDING","NOT_SCANNED_YET","Use Phase A semantic references index; file path alone is not evidence of SQL reads/writes"
"src/Jularr.Web/Features/OfflineLibrary/OfflinePrefetchPlanner.cs","OfflineLibrary","OTHER_SOURCE","SOURCE_PATH_INDEXED_NOT_PROVEN_DB_USAGE","PHASE_E_OWNER_MAPPING_PENDING","NOT_SCANNED_YET","Use Phase A semantic references index; file path alone is not evidence of SQL reads/writes"
"src/Jularr.Web/Features/OfflineLibrary/OfflinePrefetchPolicy.cs","OfflineLibrary","OTHER_SOURCE","SOURCE_PATH_INDEXED_NOT_PROVEN_DB_USAGE","PHASE_E_OWNER_MAPPING_PENDING","NOT_SCANNED_YET","Use Phase A semantic references index; file path alone is not evidence of SQL reads/writes"
"src/Jularr.Web/Features/OfflineLibrary/OfflinePrefetchService.cs","OfflineLibrary","OTHER_SOURCE","SOURCE_PATH_INDEXED_NOT_PROVEN_DB_USAGE","PHASE_E_OWNER_MAPPING_PENDING","NOT_SCANNED_YET","Use Phase A semantic references index; file path alone is not evidence of SQL reads/writes"
"src/Jularr.Web/Features/Operations/AdminActivityQuery.cs","Operations","DB_ACCESS_CANDIDATE","SOURCE_PATH_INDEXED_NOT_PROVEN_DB_USAGE","PHASE_E_OWNER_MAPPING_PENDING","NOT_SCANNED_YET","Use Phase A semantic references index; file path alone is not evidence of SQL reads/writes"
"src/Jularr.Web/Features/Operations/AdminHistoryQuery.cs","Operations","DB_ACCESS_CANDIDATE","SOURCE_PATH_INDEXED_NOT_PROVEN_DB_USAGE","PHASE_E_OWNER_MAPPING_PENDING","NOT_SCANNED_YET","Use Phase A semantic references index; file path alone is not evidence of SQL reads/writes"
"src/Jularr.Web/Features/Operations/OperationActions.cs","Operations","OTHER_SOURCE","SOURCE_PATH_INDEXED_NOT_PROVEN_DB_USAGE","PHASE_E_OWNER_MAPPING_PENDING","NOT_SCANNED_YET","Use Phase A semantic references index; file path alone is not evidence of SQL reads/writes"
"src/Jularr.Web/Features/Operations/OperationActor.cs","Operations","OTHER_SOURCE","SOURCE_PATH_INDEXED_NOT_PROVEN_DB_USAGE","PHASE_E_OWNER_MAPPING_PENDING","NOT_SCANNED_YET","Use Phase A semantic references index; file path alone is not evidence of SQL reads/writes"
"src/Jularr.Web/Features/Operations/OperationModels.cs","Operations","OTHER_SOURCE","SOURCE_PATH_INDEXED_NOT_PROVEN_DB_USAGE","PHASE_E_OWNER_MAPPING_PENDING","NOT_SCANNED_YET","Use Phase A semantic references index; file path alone is not evidence of SQL reads/writes"
"src/Jularr.Web/Features/Operations/OperationProfileContext.cs","Operations","OTHER_SOURCE","SOURCE_PATH_INDEXED_NOT_PROVEN_DB_USAGE","PHASE_E_OWNER_MAPPING_PENDING","NOT_SCANNED_YET","Use Phase A semantic references index; file path alone is not evidence of SQL reads/writes"
"src/Jularr.Web/Features/Operations/OperationRunner.cs","Operations","OTHER_SOURCE","SOURCE_PATH_INDEXED_NOT_PROVEN_DB_USAGE","PHASE_E_OWNER_MAPPING_PENDING","NOT_SCANNED_YET","Use Phase A semantic references index; file path alone is not evidence of SQL reads/writes"
"src/Jularr.Web/Features/Operations/OperationStore.cs","Operations","DB_ACCESS_CANDIDATE","SOURCE_PATH_INDEXED_NOT_PROVEN_DB_USAGE","PHASE_E_OWNER_MAPPING_PENDING","NOT_SCANNED_YET","Use Phase A semantic references index; file path alone is not evidence of SQL reads/writes"
"src/Jularr.Web/Features/Operations/SabnzbdOperationMonitor.cs","Operations","OTHER_SOURCE","SOURCE_PATH_INDEXED_NOT_PROVEN_DB_USAGE","PHASE_E_OWNER_MAPPING_PENDING","NOT_SCANNED_YET","Use Phase A semantic references index; file path alone is not evidence of SQL reads/writes"
"src/Jularr.Web/Features/Pairing/DevicePairingEndpoints.cs","Pairing","HTTP_ENDPOINT","SOURCE_PATH_INDEXED_NOT_PROVEN_DB_USAGE","PHASE_E_OWNER_MAPPING_PENDING","NOT_SCANNED_YET","Use Phase A semantic references index; file path alone is not evidence of SQL reads/writes"
"src/Jularr.Web/Features/Pairing/DevicePairingModels.cs","Pairing","OTHER_SOURCE","SOURCE_PATH_INDEXED_NOT_PROVEN_DB_USAGE","PHASE_E_OWNER_MAPPING_PENDING","NOT_SCANNED_YET","Use Phase A semantic references index; file path alone is not evidence of SQL reads/writes"
"src/Jularr.Web/Features/Pairing/DevicePairingStore.cs","Pairing","DB_ACCESS_CANDIDATE","SOURCE_PATH_INDEXED_NOT_PROVEN_DB_USAGE","PHASE_E_OWNER_MAPPING_PENDING","NOT_SCANNED_YET","Use Phase A semantic references index; file path alone is not evidence of SQL reads/writes"
"src/Jularr.Web/Features/Pairing/DiscoveryBeaconService.cs","Pairing","OTHER_SOURCE","SOURCE_PATH_INDEXED_NOT_PROVEN_DB_USAGE","PHASE_E_OWNER_MAPPING_PENDING","NOT_SCANNED_YET","Use Phase A semantic references index; file path alone is not evidence of SQL reads/writes"
"src/Jularr.Web/Features/Pairing/DiscoveryEndpoints.cs","Pairing","HTTP_ENDPOINT","SOURCE_PATH_INDEXED_NOT_PROVEN_DB_USAGE","PHASE_E_OWNER_MAPPING_PENDING","NOT_SCANNED_YET","Use Phase A semantic references index; file path alone is not evidence of SQL reads/writes"
"src/Jularr.Web/Features/Pairing/DiscoveryProtocol.cs","Pairing","OTHER_SOURCE","SOURCE_PATH_INDEXED_NOT_PROVEN_DB_USAGE","PHASE_E_OWNER_MAPPING_PENDING","NOT_SCANNED_YET","Use Phase A semantic references index; file path alone is not evidence of SQL reads/writes"
"src/Jularr.Web/Features/Pairing/DiscoveryReplyFactory.cs","Pairing","OTHER_SOURCE","SOURCE_PATH_INDEXED_NOT_PROVEN_DB_USAGE","PHASE_E_OWNER_MAPPING_PENDING","NOT_SCANNED_YET","Use Phase A semantic references index; file path alone is not evidence of SQL reads/writes"
"src/Jularr.Web/Features/Performance/ApplicationPerformanceMiddleware.cs","Performance","OTHER_SOURCE","SOURCE_PATH_INDEXED_NOT_PROVEN_DB_USAGE","PHASE_E_OWNER_MAPPING_PENDING","NOT_SCANNED_YET","Use Phase A semantic references index; file path alone is not evidence of SQL reads/writes"
"src/Jularr.Web/Features/Performance/ApplicationPerformanceReport.cs","Performance","OTHER_SOURCE","SOURCE_PATH_INDEXED_NOT_PROVEN_DB_USAGE","PHASE_E_OWNER_MAPPING_PENDING","NOT_SCANNED_YET","Use Phase A semantic references index; file path alone is not evidence of SQL reads/writes"
"src/Jularr.Web/Features/Performance/ApplicationPerformanceTelemetry.cs","Performance","OTHER_SOURCE","SOURCE_PATH_INDEXED_NOT_PROVEN_DB_USAGE","PHASE_E_OWNER_MAPPING_PENDING","NOT_SCANNED_YET","Use Phase A semantic references index; file path alone is not evidence of SQL reads/writes"
"src/Jularr.Web/Features/Performance/BackgroundWorkGovernor.cs","Performance","JOB_OR_PROVIDER_CANDIDATE","SOURCE_PATH_INDEXED_NOT_PROVEN_DB_USAGE","PHASE_E_OWNER_MAPPING_PENDING","NOT_SCANNED_YET","Use Phase A semantic references index; file path alone is not evidence of SQL reads/writes"
"src/Jularr.Web/Features/Performance/DatabaseDiagnostics.cs","Performance","OTHER_SOURCE","SOURCE_PATH_INDEXED_NOT_PROVEN_DB_USAGE","PHASE_E_OWNER_MAPPING_PENDING","NOT_SCANNED_YET","Use Phase A semantic references index; file path alone is not evidence of SQL reads/writes"
"src/Jularr.Web/Features/Performance/ProviderTelemetryHandler.cs","Performance","OTHER_SOURCE","SOURCE_PATH_INDEXED_NOT_PROVEN_DB_USAGE","PHASE_E_OWNER_MAPPING_PENDING","NOT_SCANNED_YET","Use Phase A semantic references index; file path alone is not evidence of SQL reads/writes"
"src/Jularr.Web/Features/Performance/RuntimeHealthSample.cs","Performance","OTHER_SOURCE","SOURCE_PATH_INDEXED_NOT_PROVEN_DB_USAGE","PHASE_E_OWNER_MAPPING_PENDING","NOT_SCANNED_YET","Use Phase A semantic references index; file path alone is not evidence of SQL reads/writes"
"src/Jularr.Web/Features/Playback/Decision/CanonicalPlayerNavigationAssetService.cs","Playback","OTHER_SOURCE","SOURCE_PATH_INDEXED_NOT_PROVEN_DB_USAGE","PHASE_E_OWNER_MAPPING_PENDING","NOT_SCANNED_YET","Use Phase A semantic references index; file path alone is not evidence of SQL reads/writes"
"src/Jularr.Web/Features/Playback/Decision/CanonicalVideoPlayerService.cs","Playback","OTHER_SOURCE","SOURCE_PATH_INDEXED_NOT_PROVEN_DB_USAGE","PHASE_E_OWNER_MAPPING_PENDING","NOT_SCANNED_YET","Use Phase A semantic references index; file path alone is not evidence of SQL reads/writes"
"src/Jularr.Web/Features/Playback/Decision/PlaybackAdaptation.cs","Playback","OTHER_SOURCE","SOURCE_PATH_INDEXED_NOT_PROVEN_DB_USAGE","PHASE_E_OWNER_MAPPING_PENDING","NOT_SCANNED_YET","Use Phase A semantic references index; file path alone is not evidence of SQL reads/writes"
"src/Jularr.Web/Features/Playback/Decision/PlaybackAdmission.cs","Playback","OTHER_SOURCE","SOURCE_PATH_INDEXED_NOT_PROVEN_DB_USAGE","PHASE_E_OWNER_MAPPING_PENDING","NOT_SCANNED_YET","Use Phase A semantic references index; file path alone is not evidence of SQL reads/writes"
"src/Jularr.Web/Features/Playback/Decision/PlaybackBufferPolicy.cs","Playback","OTHER_SOURCE","SOURCE_PATH_INDEXED_NOT_PROVEN_DB_USAGE","PHASE_E_OWNER_MAPPING_PENDING","NOT_SCANNED_YET","Use Phase A semantic references index; file path alone is not evidence of SQL reads/writes"
"src/Jularr.Web/Features/Playback/Decision/PlaybackCapabilities.cs","Playback","OTHER_SOURCE","SOURCE_PATH_INDEXED_NOT_PROVEN_DB_USAGE","PHASE_E_OWNER_MAPPING_PENDING","NOT_SCANNED_YET","Use Phase A semantic references index; file path alone is not evidence of SQL reads/writes"
"src/Jularr.Web/Features/Playback/Decision/PlaybackDecisionEngine.cs","Playback","OTHER_SOURCE","SOURCE_PATH_INDEXED_NOT_PROVEN_DB_USAGE","PHASE_E_OWNER_MAPPING_PENDING","NOT_SCANNED_YET","Use Phase A semantic references index; file path alone is not evidence of SQL reads/writes"
"src/Jularr.Web/Features/Playback/Decision/PlaybackDecisionRegistration.cs","Playback","OTHER_SOURCE","SOURCE_PATH_INDEXED_NOT_PROVEN_DB_USAGE","PHASE_E_OWNER_MAPPING_PENDING","NOT_SCANNED_YET","Use Phase A semantic references index; file path alone is not evidence of SQL reads/writes"
"src/Jularr.Web/Features/Playback/Decision/PlaybackDeliveryCommand.cs","Playback","OTHER_SOURCE","SOURCE_PATH_INDEXED_NOT_PROVEN_DB_USAGE","PHASE_E_OWNER_MAPPING_PENDING","NOT_SCANNED_YET","Use Phase A semantic references index; file path alone is not evidence of SQL reads/writes"
"src/Jularr.Web/Features/Playback/Decision/PlaybackMediaProfile.cs","Playback","OTHER_SOURCE","SOURCE_PATH_INDEXED_NOT_PROVEN_DB_USAGE","PHASE_E_OWNER_MAPPING_PENDING","NOT_SCANNED_YET","Use Phase A semantic references index; file path alone is not evidence of SQL reads/writes"
"src/Jularr.Web/Features/Playback/Decision/PlaybackPlan.cs","Playback","OTHER_SOURCE","SOURCE_PATH_INDEXED_NOT_PROVEN_DB_USAGE","PHASE_E_OWNER_MAPPING_PENDING","NOT_SCANNED_YET","Use Phase A semantic references index; file path alone is not evidence of SQL reads/writes"
"src/Jularr.Web/Features/Playback/Decision/PlaybackPlanService.cs","Playback","OTHER_SOURCE","SOURCE_PATH_INDEXED_NOT_PROVEN_DB_USAGE","PHASE_E_OWNER_MAPPING_PENDING","NOT_SCANNED_YET","Use Phase A semantic references index; file path alone is not evidence of SQL reads/writes"
"src/Jularr.Web/Features/Playback/Decision/PlaybackQualityPresets.cs","Playback","OTHER_SOURCE","SOURCE_PATH_INDEXED_NOT_PROVEN_DB_USAGE","PHASE_E_OWNER_MAPPING_PENDING","NOT_SCANNED_YET","Use Phase A semantic references index; file path alone is not evidence of SQL reads/writes"
"src/Jularr.Web/Features/Playback/Decision/PlaybackServerCapabilities.cs","Playback","OTHER_SOURCE","SOURCE_PATH_INDEXED_NOT_PROVEN_DB_USAGE","PHASE_E_OWNER_MAPPING_PENDING","NOT_SCANNED_YET","Use Phase A semantic references index; file path alone is not evidence of SQL reads/writes"
"src/Jularr.Web/Features/Playback/Decision/PlaybackStreamSessions.cs","Playback","OTHER_SOURCE","SOURCE_PATH_INDEXED_NOT_PROVEN_DB_USAGE","PHASE_E_OWNER_MAPPING_PENDING","NOT_SCANNED_YET","Use Phase A semantic references index; file path alone is not evidence of SQL reads/writes"
"src/Jularr.Web/Features/Playback/Decision/PlaybackTelemetry.cs","Playback","OTHER_SOURCE","SOURCE_PATH_INDEXED_NOT_PROVEN_DB_USAGE","PHASE_E_OWNER_MAPPING_PENDING","NOT_SCANNED_YET","Use Phase A semantic references index; file path alone is not evidence of SQL reads/writes"
"src/Jularr.Web/Features/Playback/Decision/PlaybackVideoTarget.cs","Playback","OTHER_SOURCE","SOURCE_PATH_INDEXED_NOT_PROVEN_DB_USAGE","PHASE_E_OWNER_MAPPING_PENDING","NOT_SCANNED_YET","Use Phase A semantic references index; file path alone is not evidence of SQL reads/writes"
"src/Jularr.Web/Features/Playback/HlsPlayback.cs","Playback","OTHER_SOURCE","SOURCE_PATH_INDEXED_NOT_PROVEN_DB_USAGE","PHASE_E_OWNER_MAPPING_PENDING","NOT_SCANNED_YET","Use Phase A semantic references index; file path alone is not evidence of SQL reads/writes"
"src/Jularr.Web/Features/Playback/LivePlayback.cs","Playback","OTHER_SOURCE","SOURCE_PATH_INDEXED_NOT_PROVEN_DB_USAGE","PHASE_E_OWNER_MAPPING_PENDING","NOT_SCANNED_YET","Use Phase A semantic references index; file path alone is not evidence of SQL reads/writes"
"src/Jularr.Web/Features/Playback/PlaybackPreparation.cs","Playback","OTHER_SOURCE","SOURCE_PATH_INDEXED_NOT_PROVEN_DB_USAGE","PHASE_E_OWNER_MAPPING_PENDING","NOT_SCANNED_YET","Use Phase A semantic references index; file path alone is not evidence of SQL reads/writes"
"src/Jularr.Web/Features/Playback/PlaybackQuality.cs","Playback","OTHER_SOURCE","SOURCE_PATH_INDEXED_NOT_PROVEN_DB_USAGE","PHASE_E_OWNER_MAPPING_PENDING","NOT_SCANNED_YET","Use Phase A semantic references index; file path alone is not evidence of SQL reads/writes"
"src/Jularr.Web/Features/Playback/PlaybackService.cs","Playback","OTHER_SOURCE","SOURCE_PATH_INDEXED_NOT_PROVEN_DB_USAGE","PHASE_E_OWNER_MAPPING_PENDING","NOT_SCANNED_YET","Use Phase A semantic references index; file path alone is not evidence of SQL reads/writes"
"src/Jularr.Web/Features/Playback/PlayerControls.cs","Playback","OTHER_SOURCE","SOURCE_PATH_INDEXED_NOT_PROVEN_DB_USAGE","PHASE_E_OWNER_MAPPING_PENDING","NOT_SCANNED_YET","Use Phase A semantic references index; file path alone is not evidence of SQL reads/writes"
"src/Jularr.Web/Features/Playback/PlayerDesign.cs","Playback","OTHER_SOURCE","SOURCE_PATH_INDEXED_NOT_PROVEN_DB_USAGE","PHASE_E_OWNER_MAPPING_PENDING","NOT_SCANNED_YET","Use Phase A semantic references index; file path alone is not evidence of SQL reads/writes"
"src/Jularr.Web/Features/Playback/Transcoding/FfmpegStderrReader.cs","Playback","OTHER_SOURCE","SOURCE_PATH_INDEXED_NOT_PROVEN_DB_USAGE","PHASE_E_OWNER_MAPPING_PENDING","NOT_SCANNED_YET","Use Phase A semantic references index; file path alone is not evidence of SQL reads/writes"
"src/Jularr.Web/Features/Playback/Transcoding/PlaybackCacheOwnership.cs","Playback","OTHER_SOURCE","SOURCE_PATH_INDEXED_NOT_PROVEN_DB_USAGE","PHASE_E_OWNER_MAPPING_PENDING","NOT_SCANNED_YET","Use Phase A semantic references index; file path alone is not evidence of SQL reads/writes"
"src/Jularr.Web/Features/Playback/Transcoding/PlaybackHardware.cs","Playback","OTHER_SOURCE","SOURCE_PATH_INDEXED_NOT_PROVEN_DB_USAGE","PHASE_E_OWNER_MAPPING_PENDING","NOT_SCANNED_YET","Use Phase A semantic references index; file path alone is not evidence of SQL reads/writes"
"src/Jularr.Web/Features/Playback/Transcoding/PlaybackHardwareService.cs","Playback","OTHER_SOURCE","SOURCE_PATH_INDEXED_NOT_PROVEN_DB_USAGE","PHASE_E_OWNER_MAPPING_PENDING","NOT_SCANNED_YET","Use Phase A semantic references index; file path alone is not evidence of SQL reads/writes"
"src/Jularr.Web/Features/Playback/Transcoding/PlaybackServerResourceService.cs","Playback","OTHER_SOURCE","SOURCE_PATH_INDEXED_NOT_PROVEN_DB_USAGE","PHASE_E_OWNER_MAPPING_PENDING","NOT_SCANNED_YET","Use Phase A semantic references index; file path alone is not evidence of SQL reads/writes"
"src/Jularr.Web/Features/Playback/Transcoding/PlaybackTranscodeMeter.cs","Playback","OTHER_SOURCE","SOURCE_PATH_INDEXED_NOT_PROVEN_DB_USAGE","PHASE_E_OWNER_MAPPING_PENDING","NOT_SCANNED_YET","Use Phase A semantic references index; file path alone is not evidence of SQL reads/writes"
"src/Jularr.Web/Features/Playback/Transcoding/PlaybackTranscodingSettings.cs","Playback","OTHER_SOURCE","SOURCE_PATH_INDEXED_NOT_PROVEN_DB_USAGE","PHASE_E_OWNER_MAPPING_PENDING","NOT_SCANNED_YET","Use Phase A semantic references index; file path alone is not evidence of SQL reads/writes"
"src/Jularr.Web/Features/Playback/VideoPlayerStageView.cs","Playback","OTHER_SOURCE","SOURCE_PATH_INDEXED_NOT_PROVEN_DB_USAGE","PHASE_E_OWNER_MAPPING_PENDING","NOT_SCANNED_YET","Use Phase A semantic references index; file path alone is not evidence of SQL reads/writes"
"src/Jularr.Web/Features/PlaybackSessions/PlaybackSessionConnectionRegistry.cs","PlaybackSessions","OTHER_SOURCE","SOURCE_PATH_INDEXED_NOT_PROVEN_DB_USAGE","PHASE_E_OWNER_MAPPING_PENDING","NOT_SCANNED_YET","Use Phase A semantic references index; file path alone is not evidence of SQL reads/writes"
"src/Jularr.Web/Features/PlaybackSessions/PlaybackSessionCoordinator.cs","PlaybackSessions","OTHER_SOURCE","SOURCE_PATH_INDEXED_NOT_PROVEN_DB_USAGE","PHASE_E_OWNER_MAPPING_PENDING","NOT_SCANNED_YET","Use Phase A semantic references index; file path alone is not evidence of SQL reads/writes"
"src/Jularr.Web/Features/PlaybackSessions/PlaybackSessionEndpoints.cs","PlaybackSessions","HTTP_ENDPOINT","SOURCE_PATH_INDEXED_NOT_PROVEN_DB_USAGE","PHASE_E_OWNER_MAPPING_PENDING","NOT_SCANNED_YET","Use Phase A semantic references index; file path alone is not evidence of SQL reads/writes"
"src/Jularr.Web/Features/PlaybackSessions/PlaybackSessionHub.cs","PlaybackSessions","OTHER_SOURCE","SOURCE_PATH_INDEXED_NOT_PROVEN_DB_USAGE","PHASE_E_OWNER_MAPPING_PENDING","NOT_SCANNED_YET","Use Phase A semantic references index; file path alone is not evidence of SQL reads/writes"
"src/Jularr.Web/Features/PlaybackSessions/PlaybackSessionModels.cs","PlaybackSessions","OTHER_SOURCE","SOURCE_PATH_INDEXED_NOT_PROVEN_DB_USAGE","PHASE_E_OWNER_MAPPING_PENDING","NOT_SCANNED_YET","Use Phase A semantic references index; file path alone is not evidence of SQL reads/writes"
"src/Jularr.Web/Features/PlaybackSessions/PlaybackSessionStore.cs","PlaybackSessions","DB_ACCESS_CANDIDATE","SOURCE_PATH_INDEXED_NOT_PROVEN_DB_USAGE","PHASE_E_OWNER_MAPPING_PENDING","NOT_SCANNED_YET","Use Phase A semantic references index; file path alone is not evidence of SQL reads/writes"
"src/Jularr.Web/Features/Plex/PlexAuthClient.cs","Plex","OTHER_SOURCE","SOURCE_PATH_INDEXED_NOT_PROVEN_DB_USAGE","PHASE_E_OWNER_MAPPING_PENDING","NOT_SCANNED_YET","Use Phase A semantic references index; file path alone is not evidence of SQL reads/writes"
"src/Jularr.Web/Features/Plex/PlexIdentityProviderSettings.cs","Plex","OTHER_SOURCE","SOURCE_PATH_INDEXED_NOT_PROVEN_DB_USAGE","PHASE_E_OWNER_MAPPING_PENDING","NOT_SCANNED_YET","Use Phase A semantic references index; file path alone is not evidence of SQL reads/writes"
"src/Jularr.Web/Features/Plex/PlexIdentitySettingsStore.cs","Plex","DB_ACCESS_CANDIDATE","SOURCE_PATH_INDEXED_NOT_PROVEN_DB_USAGE","PHASE_E_OWNER_MAPPING_PENDING","NOT_SCANNED_YET","Use Phase A semantic references index; file path alone is not evidence of SQL reads/writes"
"src/Jularr.Web/Features/Presentation/PresentationGroupStore.cs","Presentation","DB_ACCESS_CANDIDATE","SOURCE_PATH_INDEXED_NOT_PROVEN_DB_USAGE","PHASE_E_OWNER_MAPPING_PENDING","NOT_SCANNED_YET","Use Phase A semantic references index; file path alone is not evidence of SQL reads/writes"
"src/Jularr.Web/Features/Presentation/PresentationGrouping.cs","Presentation","OTHER_SOURCE","SOURCE_PATH_INDEXED_NOT_PROVEN_DB_USAGE","PHASE_E_OWNER_MAPPING_PENDING","NOT_SCANNED_YET","Use Phase A semantic references index; file path alone is not evidence of SQL reads/writes"
"src/Jularr.Web/Features/Presentation/PresentationModels.cs","Presentation","OTHER_SOURCE","SOURCE_PATH_INDEXED_NOT_PROVEN_DB_USAGE","PHASE_E_OWNER_MAPPING_PENDING","NOT_SCANNED_YET","Use Phase A semantic references index; file path alone is not evidence of SQL reads/writes"
"src/Jularr.Web/Features/Progress/ActiveSession.cs","Progress","OTHER_SOURCE","SOURCE_PATH_INDEXED_NOT_PROVEN_DB_USAGE","PHASE_E_OWNER_MAPPING_PENDING","NOT_SCANNED_YET","Use Phase A semantic references index; file path alone is not evidence of SQL reads/writes"
"src/Jularr.Web/Features/Progress/EpisodeProgress.cs","Progress","OTHER_SOURCE","SOURCE_PATH_INDEXED_NOT_PROVEN_DB_USAGE","PHASE_E_OWNER_MAPPING_PENDING","NOT_SCANNED_YET","Use Phase A semantic references index; file path alone is not evidence of SQL reads/writes"
"src/Jularr.Web/Features/Progress/EpisodeSequence.cs","Progress","OTHER_SOURCE","SOURCE_PATH_INDEXED_NOT_PROVEN_DB_USAGE","PHASE_E_OWNER_MAPPING_PENDING","NOT_SCANNED_YET","Use Phase A semantic references index; file path alone is not evidence of SQL reads/writes"
"src/Jularr.Web/Features/Progress/OfflineProgressReconciliation.cs","Progress","OTHER_SOURCE","SOURCE_PATH_INDEXED_NOT_PROVEN_DB_USAGE","PHASE_E_OWNER_MAPPING_PENDING","NOT_SCANNED_YET","Use Phase A semantic references index; file path alone is not evidence of SQL reads/writes"
"src/Jularr.Web/Features/Progress/VideoProgress.cs","Progress","OTHER_SOURCE","SOURCE_PATH_INDEXED_NOT_PROVEN_DB_USAGE","PHASE_E_OWNER_MAPPING_PENDING","NOT_SCANNED_YET","Use Phase A semantic references index; file path alone is not evidence of SQL reads/writes"
"src/Jularr.Web/Features/Providers/ProviderCapabilities.cs","Providers","OTHER_SOURCE","SOURCE_PATH_INDEXED_NOT_PROVEN_DB_USAGE","PHASE_E_OWNER_MAPPING_PENDING","NOT_SCANNED_YET","Use Phase A semantic references index; file path alone is not evidence of SQL reads/writes"
"src/Jularr.Web/Features/Providers/ProviderCatalog.cs","Providers","OTHER_SOURCE","SOURCE_PATH_INDEXED_NOT_PROVEN_DB_USAGE","PHASE_E_OWNER_MAPPING_PENDING","NOT_SCANNED_YET","Use Phase A semantic references index; file path alone is not evidence of SQL reads/writes"
"src/Jularr.Web/Features/Providers/ProviderCredentials.cs","Providers","OTHER_SOURCE","SOURCE_PATH_INDEXED_NOT_PROVEN_DB_USAGE","PHASE_E_OWNER_MAPPING_PENDING","NOT_SCANNED_YET","Use Phase A semantic references index; file path alone is not evidence of SQL reads/writes"
"src/Jularr.Web/Features/Providers/ProviderExecution.cs","Providers","OTHER_SOURCE","SOURCE_PATH_INDEXED_NOT_PROVEN_DB_USAGE","PHASE_E_OWNER_MAPPING_PENDING","NOT_SCANNED_YET","Use Phase A semantic references index; file path alone is not evidence of SQL reads/writes"
"src/Jularr.Web/Features/Providers/ProviderExecutor.cs","Providers","OTHER_SOURCE","SOURCE_PATH_INDEXED_NOT_PROVEN_DB_USAGE","PHASE_E_OWNER_MAPPING_PENDING","NOT_SCANNED_YET","Use Phase A semantic references index; file path alone is not evidence of SQL reads/writes"
"src/Jularr.Web/Features/Providers/ProviderFrameworkServiceCollectionExtensions.cs","Providers","OTHER_SOURCE","SOURCE_PATH_INDEXED_NOT_PROVEN_DB_USAGE","PHASE_E_OWNER_MAPPING_PENDING","NOT_SCANNED_YET","Use Phase A semantic references index; file path alone is not evidence of SQL reads/writes"
"src/Jularr.Web/Features/Providers/ProviderHealth.cs","Providers","OTHER_SOURCE","SOURCE_PATH_INDEXED_NOT_PROVEN_DB_USAGE","PHASE_E_OWNER_MAPPING_PENDING","NOT_SCANNED_YET","Use Phase A semantic references index; file path alone is not evidence of SQL reads/writes"
"src/Jularr.Web/Features/Providers/ProviderRateLimiter.cs","Providers","OTHER_SOURCE","SOURCE_PATH_INDEXED_NOT_PROVEN_DB_USAGE","PHASE_E_OWNER_MAPPING_PENDING","NOT_SCANNED_YET","Use Phase A semantic references index; file path alone is not evidence of SQL reads/writes"
"src/Jularr.Web/Features/Providers/ProviderResponseCache.cs","Providers","OTHER_SOURCE","SOURCE_PATH_INDEXED_NOT_PROVEN_DB_USAGE","PHASE_E_OWNER_MAPPING_PENDING","NOT_SCANNED_YET","Use Phase A semantic references index; file path alone is not evidence of SQL reads/writes"
"src/Jularr.Web/Features/Providers/ProviderRetryAfter.cs","Providers","OTHER_SOURCE","SOURCE_PATH_INDEXED_NOT_PROVEN_DB_USAGE","PHASE_E_OWNER_MAPPING_PENDING","NOT_SCANNED_YET","Use Phase A semantic references index; file path alone is not evidence of SQL reads/writes"
"src/Jularr.Web/Features/Providers/ProviderSettings.cs","Providers","OTHER_SOURCE","SOURCE_PATH_INDEXED_NOT_PROVEN_DB_USAGE","PHASE_E_OWNER_MAPPING_PENDING","NOT_SCANNED_YET","Use Phase A semantic references index; file path alone is not evidence of SQL reads/writes"
"src/Jularr.Web/Features/Providers/RateLimitGate.cs","Providers","OTHER_SOURCE","SOURCE_PATH_INDEXED_NOT_PROVEN_DB_USAGE","PHASE_E_OWNER_MAPPING_PENDING","NOT_SCANNED_YET","Use Phase A semantic references index; file path alone is not evidence of SQL reads/writes"
"src/Jularr.Web/Features/Providers/RequestPacer.cs","Providers","OTHER_SOURCE","SOURCE_PATH_INDEXED_NOT_PROVEN_DB_USAGE","PHASE_E_OWNER_MAPPING_PENDING","NOT_SCANNED_YET","Use Phase A semantic references index; file path alone is not evidence of SQL reads/writes"
"src/Jularr.Web/Features/ReaderCore/ReaderAppearanceSheetModel.cs","ReaderCore","OTHER_SOURCE","SOURCE_PATH_INDEXED_NOT_PROVEN_DB_USAGE","PHASE_E_OWNER_MAPPING_PENDING","NOT_SCANNED_YET","Use Phase A semantic references index; file path alone is not evidence of SQL reads/writes"
"src/Jularr.Web/Features/ReaderCore/ReaderContent.cs","ReaderCore","OTHER_SOURCE","SOURCE_PATH_INDEXED_NOT_PROVEN_DB_USAGE","PHASE_E_OWNER_MAPPING_PENDING","NOT_SCANNED_YET","Use Phase A semantic references index; file path alone is not evidence of SQL reads/writes"
"src/Jularr.Web/Features/ReaderCore/ReaderCoverModel.cs","ReaderCore","OTHER_SOURCE","SOURCE_PATH_INDEXED_NOT_PROVEN_DB_USAGE","PHASE_E_OWNER_MAPPING_PENDING","NOT_SCANNED_YET","Use Phase A semantic references index; file path alone is not evidence of SQL reads/writes"
"src/Jularr.Web/Features/ReaderCore/ReaderDocument.cs","ReaderCore","OTHER_SOURCE","SOURCE_PATH_INDEXED_NOT_PROVEN_DB_USAGE","PHASE_E_OWNER_MAPPING_PENDING","NOT_SCANNED_YET","Use Phase A semantic references index; file path alone is not evidence of SQL reads/writes"
"src/Jularr.Web/Features/ReaderCore/ReaderLocator.cs","ReaderCore","OTHER_SOURCE","SOURCE_PATH_INDEXED_NOT_PROVEN_DB_USAGE","PHASE_E_OWNER_MAPPING_PENDING","NOT_SCANNED_YET","Use Phase A semantic references index; file path alone is not evidence of SQL reads/writes"
"src/Jularr.Web/Features/ReaderCore/ReaderSettingsPanelModel.cs","ReaderCore","OTHER_SOURCE","SOURCE_PATH_INDEXED_NOT_PROVEN_DB_USAGE","PHASE_E_OWNER_MAPPING_PENDING","NOT_SCANNED_YET","Use Phase A semantic references index; file path alone is not evidence of SQL reads/writes"
"src/Jularr.Web/Features/ReaderCore/ReaderTextSearch.cs","ReaderCore","OTHER_SOURCE","SOURCE_PATH_INDEXED_NOT_PROVEN_DB_USAGE","PHASE_E_OWNER_MAPPING_PENDING","NOT_SCANNED_YET","Use Phase A semantic references index; file path alone is not evidence of SQL reads/writes"
"src/Jularr.Web/Features/ReaderPreferences/ReaderPreferenceScopes.cs","ReaderPreferences","OTHER_SOURCE","SOURCE_PATH_INDEXED_NOT_PROVEN_DB_USAGE","PHASE_E_OWNER_MAPPING_PENDING","NOT_SCANNED_YET","Use Phase A semantic references index; file path alone is not evidence of SQL reads/writes"
"src/Jularr.Web/Features/ReaderPreferences/ReaderPreferences.cs","ReaderPreferences","OTHER_SOURCE","SOURCE_PATH_INDEXED_NOT_PROVEN_DB_USAGE","PHASE_E_OWNER_MAPPING_PENDING","NOT_SCANNED_YET","Use Phase A semantic references index; file path alone is not evidence of SQL reads/writes"
"src/Jularr.Web/Features/ReaderThemes/ReaderThemeCatalog.cs","ReaderThemes","OTHER_SOURCE","SOURCE_PATH_INDEXED_NOT_PROVEN_DB_USAGE","PHASE_E_OWNER_MAPPING_PENDING","NOT_SCANNED_YET","Use Phase A semantic references index; file path alone is not evidence of SQL reads/writes"
"src/Jularr.Web/Features/ReaderThemes/ReaderThemeEndpoints.cs","ReaderThemes","HTTP_ENDPOINT","SOURCE_PATH_INDEXED_NOT_PROVEN_DB_USAGE","PHASE_E_OWNER_MAPPING_PENDING","NOT_SCANNED_YET","Use Phase A semantic references index; file path alone is not evidence of SQL reads/writes"
"src/Jularr.Web/Features/Reading/ContinueReadingQuery.cs","Reading","DB_ACCESS_CANDIDATE","SOURCE_PATH_INDEXED_NOT_PROVEN_DB_USAGE","PHASE_E_OWNER_MAPPING_PENDING","NOT_SCANNED_YET","Use Phase A semantic references index; file path alone is not evidence of SQL reads/writes"
"src/Jularr.Web/Features/ReadingAcquisition/LightNovelWebDirectSource.cs","ReadingAcquisition","OTHER_SOURCE","SOURCE_PATH_INDEXED_NOT_PROVEN_DB_USAGE","PHASE_E_OWNER_MAPPING_PENDING","NOT_SCANNED_YET","Use Phase A semantic references index; file path alone is not evidence of SQL reads/writes"
"src/Jularr.Web/Features/ReadingAcquisition/MangaVersions.cs","ReadingAcquisition","OTHER_SOURCE","SOURCE_PATH_INDEXED_NOT_PROVEN_DB_USAGE","PHASE_E_OWNER_MAPPING_PENDING","NOT_SCANNED_YET","Use Phase A semantic references index; file path alone is not evidence of SQL reads/writes"
"src/Jularr.Web/Features/ReadingAcquisition/NovelVersions.cs","ReadingAcquisition","OTHER_SOURCE","SOURCE_PATH_INDEXED_NOT_PROVEN_DB_USAGE","PHASE_E_OWNER_MAPPING_PENDING","NOT_SCANNED_YET","Use Phase A semantic references index; file path alone is not evidence of SQL reads/writes"
"src/Jularr.Web/Features/ReadingAcquisition/ReadingAcquisitionExecutors.cs","ReadingAcquisition","OTHER_SOURCE","SOURCE_PATH_INDEXED_NOT_PROVEN_DB_USAGE","PHASE_E_OWNER_MAPPING_PENDING","NOT_SCANNED_YET","Use Phase A semantic references index; file path alone is not evidence of SQL reads/writes"
"src/Jularr.Web/Features/ReadingAcquisition/ReadingAcquisitionRegistrations.cs","ReadingAcquisition","OTHER_SOURCE","SOURCE_PATH_INDEXED_NOT_PROVEN_DB_USAGE","PHASE_E_OWNER_MAPPING_PENDING","NOT_SCANNED_YET","Use Phase A semantic references index; file path alone is not evidence of SQL reads/writes"
"src/Jularr.Web/Features/ReadingAcquisition/ReadingCompletedDownloadAdapters.cs","ReadingAcquisition","OTHER_SOURCE","SOURCE_PATH_INDEXED_NOT_PROVEN_DB_USAGE","PHASE_E_OWNER_MAPPING_PENDING","NOT_SCANNED_YET","Use Phase A semantic references index; file path alone is not evidence of SQL reads/writes"
"src/Jularr.Web/Features/ReadingAcquisition/ReadingCoverage.cs","ReadingAcquisition","OTHER_SOURCE","SOURCE_PATH_INDEXED_NOT_PROVEN_DB_USAGE","PHASE_E_OWNER_MAPPING_PENDING","NOT_SCANNED_YET","Use Phase A semantic references index; file path alone is not evidence of SQL reads/writes"
"src/Jularr.Web/Features/ReadingAcquisition/ReadingImportTies.cs","ReadingAcquisition","OTHER_SOURCE","SOURCE_PATH_INDEXED_NOT_PROVEN_DB_USAGE","PHASE_E_OWNER_MAPPING_PENDING","NOT_SCANNED_YET","Use Phase A semantic references index; file path alone is not evidence of SQL reads/writes"
"src/Jularr.Web/Features/ReadingAcquisition/ReadingManualSearchService.cs","ReadingAcquisition","OTHER_SOURCE","SOURCE_PATH_INDEXED_NOT_PROVEN_DB_USAGE","PHASE_E_OWNER_MAPPING_PENDING","NOT_SCANNED_YET","Use Phase A semantic references index; file path alone is not evidence of SQL reads/writes"
"src/Jularr.Web/Features/ReadingAcquisition/ReadingReleaseMatching.cs","ReadingAcquisition","OTHER_SOURCE","SOURCE_PATH_INDEXED_NOT_PROVEN_DB_USAGE","PHASE_E_OWNER_MAPPING_PENDING","NOT_SCANNED_YET","Use Phase A semantic references index; file path alone is not evidence of SQL reads/writes"
"src/Jularr.Web/Features/ReadingAcquisition/ReadingStructure.cs","ReadingAcquisition","OTHER_SOURCE","SOURCE_PATH_INDEXED_NOT_PROVEN_DB_USAGE","PHASE_E_OWNER_MAPPING_PENDING","NOT_SCANNED_YET","Use Phase A semantic references index; file path alone is not evidence of SQL reads/writes"
"src/Jularr.Web/Features/ReadingAcquisition/ReadingWantedAdapters.cs","ReadingAcquisition","OTHER_SOURCE","SOURCE_PATH_INDEXED_NOT_PROVEN_DB_USAGE","PHASE_E_OWNER_MAPPING_PENDING","NOT_SCANNED_YET","Use Phase A semantic references index; file path alone is not evidence of SQL reads/writes"
"src/Jularr.Web/Features/ReadingAcquisition/ReadingWorkAdmin.cs","ReadingAcquisition","OTHER_SOURCE","SOURCE_PATH_INDEXED_NOT_PROVEN_DB_USAGE","PHASE_E_OWNER_MAPPING_PENDING","NOT_SCANNED_YET","Use Phase A semantic references index; file path alone is not evidence of SQL reads/writes"
"src/Jularr.Web/Features/ReadingDiscovery/BookWalkerCatalogProvider.cs","ReadingDiscovery","OTHER_SOURCE","SOURCE_PATH_INDEXED_NOT_PROVEN_DB_USAGE","PHASE_E_OWNER_MAPPING_PENDING","NOT_SCANNED_YET","Use Phase A semantic references index; file path alone is not evidence of SQL reads/writes"
"src/Jularr.Web/Features/ReadingDiscovery/InternetArchiveCatalogProvider.cs","ReadingDiscovery","OTHER_SOURCE","SOURCE_PATH_INDEXED_NOT_PROVEN_DB_USAGE","PHASE_E_OWNER_MAPPING_PENDING","NOT_SCANNED_YET","Use Phase A semantic references index; file path alone is not evidence of SQL reads/writes"
"src/Jularr.Web/Features/ReadingDiscovery/ReadingCatalogSearch.cs","ReadingDiscovery","OTHER_SOURCE","SOURCE_PATH_INDEXED_NOT_PROVEN_DB_USAGE","PHASE_E_OWNER_MAPPING_PENDING","NOT_SCANNED_YET","Use Phase A semantic references index; file path alone is not evidence of SQL reads/writes"
"src/Jularr.Web/Features/ReadingDiscovery/ReadingCatalogSearchService.cs","ReadingDiscovery","OTHER_SOURCE","SOURCE_PATH_INDEXED_NOT_PROVEN_DB_USAGE","PHASE_E_OWNER_MAPPING_PENDING","NOT_SCANNED_YET","Use Phase A semantic references index; file path alone is not evidence of SQL reads/writes"
"src/Jularr.Web/Features/ReadingDiscovery/ReadingSourceHttp.cs","ReadingDiscovery","OTHER_SOURCE","SOURCE_PATH_INDEXED_NOT_PROVEN_DB_USAGE","PHASE_E_OWNER_MAPPING_PENDING","NOT_SCANNED_YET","Use Phase A semantic references index; file path alone is not evidence of SQL reads/writes"
"src/Jularr.Web/Features/ReadingDiscovery/WebNovelCatalogProvider.cs","ReadingDiscovery","OTHER_SOURCE","SOURCE_PATH_INDEXED_NOT_PROVEN_DB_USAGE","PHASE_E_OWNER_MAPPING_PENDING","NOT_SCANNED_YET","Use Phase A semantic references index; file path alone is not evidence of SQL reads/writes"
"src/Jularr.Web/Features/ReadingSources/ReadingSourceHealth.cs","ReadingSources","OTHER_SOURCE","SOURCE_PATH_INDEXED_NOT_PROVEN_DB_USAGE","PHASE_E_OWNER_MAPPING_PENDING","NOT_SCANNED_YET","Use Phase A semantic references index; file path alone is not evidence of SQL reads/writes"
"src/Jularr.Web/Features/ReadingSources/ReadingSourceRegistration.cs","ReadingSources","OTHER_SOURCE","SOURCE_PATH_INDEXED_NOT_PROVEN_DB_USAGE","PHASE_E_OWNER_MAPPING_PENDING","NOT_SCANNED_YET","Use Phase A semantic references index; file path alone is not evidence of SQL reads/writes"
"src/Jularr.Web/Features/ReadingSources/ReadingSourceSettings.cs","ReadingSources","OTHER_SOURCE","SOURCE_PATH_INDEXED_NOT_PROVEN_DB_USAGE","PHASE_E_OWNER_MAPPING_PENDING","NOT_SCANNED_YET","Use Phase A semantic references index; file path alone is not evidence of SQL reads/writes"
"src/Jularr.Web/Features/Recommendations/MediaRecommendationEngine.cs","Recommendations","OTHER_SOURCE","SOURCE_PATH_INDEXED_NOT_PROVEN_DB_USAGE","PHASE_E_OWNER_MAPPING_PENDING","NOT_SCANNED_YET","Use Phase A semantic references index; file path alone is not evidence of SQL reads/writes"
"src/Jularr.Web/Features/Recommendations/MediaRecommendationModels.cs","Recommendations","OTHER_SOURCE","SOURCE_PATH_INDEXED_NOT_PROVEN_DB_USAGE","PHASE_E_OWNER_MAPPING_PENDING","NOT_SCANNED_YET","Use Phase A semantic references index; file path alone is not evidence of SQL reads/writes"
"src/Jularr.Web/Features/Recommendations/MediaRecommendationService.cs","Recommendations","OTHER_SOURCE","SOURCE_PATH_INDEXED_NOT_PROVEN_DB_USAGE","PHASE_E_OWNER_MAPPING_PENDING","NOT_SCANNED_YET","Use Phase A semantic references index; file path alone is not evidence of SQL reads/writes"
"src/Jularr.Web/Features/Recommendations/MediaRecommendationShelfView.cs","Recommendations","OTHER_SOURCE","SOURCE_PATH_INDEXED_NOT_PROVEN_DB_USAGE","PHASE_E_OWNER_MAPPING_PENDING","NOT_SCANNED_YET","Use Phase A semantic references index; file path alone is not evidence of SQL reads/writes"
"src/Jularr.Web/Features/Recommendations/RecommendationScoring.cs","Recommendations","OTHER_SOURCE","SOURCE_PATH_INDEXED_NOT_PROVEN_DB_USAGE","PHASE_E_OWNER_MAPPING_PENDING","NOT_SCANNED_YET","Use Phase A semantic references index; file path alone is not evidence of SQL reads/writes"
"src/Jularr.Web/Features/Search/MediaSearchFactsLoader.cs","Search","OTHER_SOURCE","SOURCE_PATH_INDEXED_NOT_PROVEN_DB_USAGE","PHASE_E_OWNER_MAPPING_PENDING","NOT_SCANNED_YET","Use Phase A semantic references index; file path alone is not evidence of SQL reads/writes"
"src/Jularr.Web/Features/Search/MediaSearchGrouping.cs","Search","OTHER_SOURCE","SOURCE_PATH_INDEXED_NOT_PROVEN_DB_USAGE","PHASE_E_OWNER_MAPPING_PENDING","NOT_SCANNED_YET","Use Phase A semantic references index; file path alone is not evidence of SQL reads/writes"
"src/Jularr.Web/Features/Search/MediaSearchModels.cs","Search","OTHER_SOURCE","SOURCE_PATH_INDEXED_NOT_PROVEN_DB_USAGE","PHASE_E_OWNER_MAPPING_PENDING","NOT_SCANNED_YET","Use Phase A semantic references index; file path alone is not evidence of SQL reads/writes"
"src/Jularr.Web/Features/Search/MediaSearchQuery.cs","Search","DB_ACCESS_CANDIDATE","SOURCE_PATH_INDEXED_NOT_PROVEN_DB_USAGE","PHASE_E_OWNER_MAPPING_PENDING","NOT_SCANNED_YET","Use Phase A semantic references index; file path alone is not evidence of SQL reads/writes"
"src/Jularr.Web/Features/Search/MediaSearchService.cs","Search","OTHER_SOURCE","SOURCE_PATH_INDEXED_NOT_PROVEN_DB_USAGE","PHASE_E_OWNER_MAPPING_PENDING","NOT_SCANNED_YET","Use Phase A semantic references index; file path alone is not evidence of SQL reads/writes"
"src/Jularr.Web/Features/Search/MediaSearchTargets.cs","Search","OTHER_SOURCE","SOURCE_PATH_INDEXED_NOT_PROVEN_DB_USAGE","PHASE_E_OWNER_MAPPING_PENDING","NOT_SCANNED_YET","Use Phase A semantic references index; file path alone is not evidence of SQL reads/writes"
"src/Jularr.Web/Features/Shell/AppShellService.cs","Shell","OTHER_SOURCE","SOURCE_PATH_INDEXED_NOT_PROVEN_DB_USAGE","PHASE_E_OWNER_MAPPING_PENDING","NOT_SCANNED_YET","Use Phase A semantic references index; file path alone is not evidence of SQL reads/writes"
"src/Jularr.Web/Features/Shell/HeaderPreviewModels.cs","Shell","OTHER_SOURCE","SOURCE_PATH_INDEXED_NOT_PROVEN_DB_USAGE","PHASE_E_OWNER_MAPPING_PENDING","NOT_SCANNED_YET","Use Phase A semantic references index; file path alone is not evidence of SQL reads/writes"
"src/Jularr.Web/Features/Shell/MediaTypeRouteGate.cs","Shell","OTHER_SOURCE","SOURCE_PATH_INDEXED_NOT_PROVEN_DB_USAGE","PHASE_E_OWNER_MAPPING_PENDING","NOT_SCANNED_YET","Use Phase A semantic references index; file path alone is not evidence of SQL reads/writes"
"src/Jularr.Web/Features/Sonarr/SonarrImport.cs","Sonarr","OTHER_SOURCE","SOURCE_PATH_INDEXED_NOT_PROVEN_DB_USAGE","PHASE_E_OWNER_MAPPING_PENDING","NOT_SCANNED_YET","Use Phase A semantic references index; file path alone is not evidence of SQL reads/writes"
"src/Jularr.Web/Features/Sonarr/SonarrMigrationService.cs","Sonarr","DB_ACCESS_CANDIDATE","SOURCE_PATH_INDEXED_NOT_PROVEN_DB_USAGE","PHASE_E_OWNER_MAPPING_PENDING","NOT_SCANNED_YET","Use Phase A semantic references index; file path alone is not evidence of SQL reads/writes"
"src/Jularr.Web/Features/Sonarr/SonarrObservationService.cs","Sonarr","OTHER_SOURCE","SOURCE_PATH_INDEXED_NOT_PROVEN_DB_USAGE","PHASE_E_OWNER_MAPPING_PENDING","NOT_SCANNED_YET","Use Phase A semantic references index; file path alone is not evidence of SQL reads/writes"
"src/Jularr.Web/Features/Sonarr/SonarrObserverClient.cs","Sonarr","OTHER_SOURCE","SOURCE_PATH_INDEXED_NOT_PROVEN_DB_USAGE","PHASE_E_OWNER_MAPPING_PENDING","NOT_SCANNED_YET","Use Phase A semantic references index; file path alone is not evidence of SQL reads/writes"
"src/Jularr.Web/Features/Sonarr/SonarrSeriesMonitoringClient.cs","Sonarr","OTHER_SOURCE","SOURCE_PATH_INDEXED_NOT_PROVEN_DB_USAGE","PHASE_E_OWNER_MAPPING_PENDING","NOT_SCANNED_YET","Use Phase A semantic references index; file path alone is not evidence of SQL reads/writes"
"src/Jularr.Web/Features/Speech/SpeechModelManifest.cs","Speech","OTHER_SOURCE","SOURCE_PATH_INDEXED_NOT_PROVEN_DB_USAGE","PHASE_E_OWNER_MAPPING_PENDING","NOT_SCANNED_YET","Use Phase A semantic references index; file path alone is not evidence of SQL reads/writes"
"src/Jularr.Web/Features/Speech/SpeechModelManifestStore.cs","Speech","DB_ACCESS_CANDIDATE","SOURCE_PATH_INDEXED_NOT_PROVEN_DB_USAGE","PHASE_E_OWNER_MAPPING_PENDING","NOT_SCANNED_YET","Use Phase A semantic references index; file path alone is not evidence of SQL reads/writes"
"src/Jularr.Web/Features/Speech/SpeechModels.cs","Speech","OTHER_SOURCE","SOURCE_PATH_INDEXED_NOT_PROVEN_DB_USAGE","PHASE_E_OWNER_MAPPING_PENDING","NOT_SCANNED_YET","Use Phase A semantic references index; file path alone is not evidence of SQL reads/writes"
"src/Jularr.Web/Features/Speech/SpeechVoiceMap.cs","Speech","OTHER_SOURCE","SOURCE_PATH_INDEXED_NOT_PROVEN_DB_USAGE","PHASE_E_OWNER_MAPPING_PENDING","NOT_SCANNED_YET","Use Phase A semantic references index; file path alone is not evidence of SQL reads/writes"
"src/Jularr.Web/Features/Speech/TtsPreferencesService.cs","Speech","OTHER_SOURCE","SOURCE_PATH_INDEXED_NOT_PROVEN_DB_USAGE","PHASE_E_OWNER_MAPPING_PENDING","NOT_SCANNED_YET","Use Phase A semantic references index; file path alone is not evidence of SQL reads/writes"
"src/Jularr.Web/Features/Statistics/LearningStatisticsService.cs","Statistics","OTHER_SOURCE","SOURCE_PATH_INDEXED_NOT_PROVEN_DB_USAGE","PHASE_E_OWNER_MAPPING_PENDING","NOT_SCANNED_YET","Use Phase A semantic references index; file path alone is not evidence of SQL reads/writes"
"src/Jularr.Web/Features/Storage/FolderBrowse/DirectoryAccess.cs","Storage","OTHER_SOURCE","SOURCE_PATH_INDEXED_NOT_PROVEN_DB_USAGE","PHASE_E_OWNER_MAPPING_PENDING","NOT_SCANNED_YET","Use Phase A semantic references index; file path alone is not evidence of SQL reads/writes"
"src/Jularr.Web/Features/Storage/FolderBrowse/FolderBrowseEndpoints.cs","Storage","HTTP_ENDPOINT","SOURCE_PATH_INDEXED_NOT_PROVEN_DB_USAGE","PHASE_E_OWNER_MAPPING_PENDING","NOT_SCANNED_YET","Use Phase A semantic references index; file path alone is not evidence of SQL reads/writes"
"src/Jularr.Web/Features/Storage/FolderBrowse/FolderBrowseModels.cs","Storage","OTHER_SOURCE","SOURCE_PATH_INDEXED_NOT_PROVEN_DB_USAGE","PHASE_E_OWNER_MAPPING_PENDING","NOT_SCANNED_YET","Use Phase A semantic references index; file path alone is not evidence of SQL reads/writes"
"src/Jularr.Web/Features/Storage/FolderBrowse/FolderBrowseService.cs","Storage","OTHER_SOURCE","SOURCE_PATH_INDEXED_NOT_PROVEN_DB_USAGE","PHASE_E_OWNER_MAPPING_PENDING","NOT_SCANNED_YET","Use Phase A semantic references index; file path alone is not evidence of SQL reads/writes"
"src/Jularr.Web/Features/Storage/FolderBrowse/FolderNameRules.cs","Storage","OTHER_SOURCE","SOURCE_PATH_INDEXED_NOT_PROVEN_DB_USAGE","PHASE_E_OWNER_MAPPING_PENDING","NOT_SCANNED_YET","Use Phase A semantic references index; file path alone is not evidence of SQL reads/writes"
"src/Jularr.Web/Features/Storage/FolderBrowse/MountTable.cs","Storage","OTHER_SOURCE","SOURCE_PATH_INDEXED_NOT_PROVEN_DB_USAGE","PHASE_E_OWNER_MAPPING_PENDING","NOT_SCANNED_YET","Use Phase A semantic references index; file path alone is not evidence of SQL reads/writes"
"src/Jularr.Web/Features/Storage/FolderBrowse/PathFieldModel.cs","Storage","OTHER_SOURCE","SOURCE_PATH_INDEXED_NOT_PROVEN_DB_USAGE","PHASE_E_OWNER_MAPPING_PENDING","NOT_SCANNED_YET","Use Phase A semantic references index; file path alone is not evidence of SQL reads/writes"
"src/Jularr.Web/Features/Storage/FolderBrowse/SafePath.cs","Storage","OTHER_SOURCE","SOURCE_PATH_INDEXED_NOT_PROVEN_DB_USAGE","PHASE_E_OWNER_MAPPING_PENDING","NOT_SCANNED_YET","Use Phase A semantic references index; file path alone is not evidence of SQL reads/writes"
"src/Jularr.Web/Features/Storage/Insights/StorageCacheScanner.cs","Storage","JOB_OR_PROVIDER_CANDIDATE","SOURCE_PATH_INDEXED_NOT_PROVEN_DB_USAGE","PHASE_E_OWNER_MAPPING_PENDING","NOT_SCANNED_YET","Use Phase A semantic references index; file path alone is not evidence of SQL reads/writes"
"src/Jularr.Web/Features/Storage/Insights/StorageCleanupService.cs","Storage","OTHER_SOURCE","SOURCE_PATH_INDEXED_NOT_PROVEN_DB_USAGE","PHASE_E_OWNER_MAPPING_PENDING","NOT_SCANNED_YET","Use Phase A semantic references index; file path alone is not evidence of SQL reads/writes"
"src/Jularr.Web/Features/Storage/Insights/StorageInsightsModels.cs","Storage","OTHER_SOURCE","SOURCE_PATH_INDEXED_NOT_PROVEN_DB_USAGE","PHASE_E_OWNER_MAPPING_PENDING","NOT_SCANNED_YET","Use Phase A semantic references index; file path alone is not evidence of SQL reads/writes"
"src/Jularr.Web/Features/Storage/Insights/StorageUsageService.cs","Storage","OTHER_SOURCE","SOURCE_PATH_INDEXED_NOT_PROVEN_DB_USAGE","PHASE_E_OWNER_MAPPING_PENDING","NOT_SCANNED_YET","Use Phase A semantic references index; file path alone is not evidence of SQL reads/writes"
"src/Jularr.Web/Features/Storage/LibraryRootRoutingService.cs","Storage","OTHER_SOURCE","SOURCE_PATH_INDEXED_NOT_PROVEN_DB_USAGE","PHASE_E_OWNER_MAPPING_PENDING","NOT_SCANNED_YET","Use Phase A semantic references index; file path alone is not evidence of SQL reads/writes"
"src/Jularr.Web/Features/Storage/Reconciliation/LibraryReconciliationModels.cs","Storage","OTHER_SOURCE","SOURCE_PATH_INDEXED_NOT_PROVEN_DB_USAGE","PHASE_E_OWNER_MAPPING_PENDING","NOT_SCANNED_YET","Use Phase A semantic references index; file path alone is not evidence of SQL reads/writes"
"src/Jularr.Web/Features/Storage/Reconciliation/LibraryReconciliationPlanService.cs","Storage","OTHER_SOURCE","SOURCE_PATH_INDEXED_NOT_PROVEN_DB_USAGE","PHASE_E_OWNER_MAPPING_PENDING","NOT_SCANNED_YET","Use Phase A semantic references index; file path alone is not evidence of SQL reads/writes"
"src/Jularr.Web/Features/Storage/StorageAvailability.cs","Storage","OTHER_SOURCE","SOURCE_PATH_INDEXED_NOT_PROVEN_DB_USAGE","PHASE_E_OWNER_MAPPING_PENDING","NOT_SCANNED_YET","Use Phase A semantic references index; file path alone is not evidence of SQL reads/writes"
"src/Jularr.Web/Features/Storage/StorageHealth.cs","Storage","OTHER_SOURCE","SOURCE_PATH_INDEXED_NOT_PROVEN_DB_USAGE","PHASE_E_OWNER_MAPPING_PENDING","NOT_SCANNED_YET","Use Phase A semantic references index; file path alone is not evidence of SQL reads/writes"
"src/Jularr.Web/Features/Storage/StorageIntegrity.cs","Storage","OTHER_SOURCE","SOURCE_PATH_INDEXED_NOT_PROVEN_DB_USAGE","PHASE_E_OWNER_MAPPING_PENDING","NOT_SCANNED_YET","Use Phase A semantic references index; file path alone is not evidence of SQL reads/writes"
"src/Jularr.Web/Features/Storage/StoragePaths.cs","Storage","OTHER_SOURCE","SOURCE_PATH_INDEXED_NOT_PROVEN_DB_USAGE","PHASE_E_OWNER_MAPPING_PENDING","NOT_SCANNED_YET","Use Phase A semantic references index; file path alone is not evidence of SQL reads/writes"
"src/Jularr.Web/Features/Storage/StorageWake.cs","Storage","OTHER_SOURCE","SOURCE_PATH_INDEXED_NOT_PROVEN_DB_USAGE","PHASE_E_OWNER_MAPPING_PENDING","NOT_SCANNED_YET","Use Phase A semantic references index; file path alone is not evidence of SQL reads/writes"
"src/Jularr.Web/Features/StoryContext/StoryContextBuilder.cs","StoryContext","OTHER_SOURCE","SOURCE_PATH_INDEXED_NOT_PROVEN_DB_USAGE","PHASE_E_OWNER_MAPPING_PENDING","NOT_SCANNED_YET","Use Phase A semantic references index; file path alone is not evidence of SQL reads/writes"
"src/Jularr.Web/Features/StoryContext/StoryContextExtraction.cs","StoryContext","OTHER_SOURCE","SOURCE_PATH_INDEXED_NOT_PROVEN_DB_USAGE","PHASE_E_OWNER_MAPPING_PENDING","NOT_SCANNED_YET","Use Phase A semantic references index; file path alone is not evidence of SQL reads/writes"
"src/Jularr.Web/Features/StoryContext/StoryContextMerge.cs","StoryContext","OTHER_SOURCE","SOURCE_PATH_INDEXED_NOT_PROVEN_DB_USAGE","PHASE_E_OWNER_MAPPING_PENDING","NOT_SCANNED_YET","Use Phase A semantic references index; file path alone is not evidence of SQL reads/writes"
"src/Jularr.Web/Features/StoryContext/StoryContextModels.cs","StoryContext","OTHER_SOURCE","SOURCE_PATH_INDEXED_NOT_PROVEN_DB_USAGE","PHASE_E_OWNER_MAPPING_PENDING","NOT_SCANNED_YET","Use Phase A semantic references index; file path alone is not evidence of SQL reads/writes"
"src/Jularr.Web/Features/StoryContext/StoryContextService.cs","StoryContext","OTHER_SOURCE","SOURCE_PATH_INDEXED_NOT_PROVEN_DB_USAGE","PHASE_E_OWNER_MAPPING_PENDING","NOT_SCANNED_YET","Use Phase A semantic references index; file path alone is not evidence of SQL reads/writes"
"src/Jularr.Web/Features/StoryContext/StoryContextStore.cs","StoryContext","DB_ACCESS_CANDIDATE","SOURCE_PATH_INDEXED_NOT_PROVEN_DB_USAGE","PHASE_E_OWNER_MAPPING_PENDING","NOT_SCANNED_YET","Use Phase A semantic references index; file path alone is not evidence of SQL reads/writes"
"src/Jularr.Web/Features/Subtitles/EmbeddedSubtitleExtractor.cs","Subtitles","OTHER_SOURCE","SOURCE_PATH_INDEXED_NOT_PROVEN_DB_USAGE","PHASE_E_OWNER_MAPPING_PENDING","NOT_SCANNED_YET","Use Phase A semantic references index; file path alone is not evidence of SQL reads/writes"
"src/Jularr.Web/Features/Subtitles/LearningTextPreparation.cs","Subtitles","OTHER_SOURCE","SOURCE_PATH_INDEXED_NOT_PROVEN_DB_USAGE","PHASE_E_OWNER_MAPPING_PENDING","NOT_SCANNED_YET","Use Phase A semantic references index; file path alone is not evidence of SQL reads/writes"
"src/Jularr.Web/Features/Subtitles/OpenSubtitles/OpenSubtitlesClient.cs","Subtitles","OTHER_SOURCE","SOURCE_PATH_INDEXED_NOT_PROVEN_DB_USAGE","PHASE_E_OWNER_MAPPING_PENDING","NOT_SCANNED_YET","Use Phase A semantic references index; file path alone is not evidence of SQL reads/writes"
"src/Jularr.Web/Features/Subtitles/OpenSubtitles/OpenSubtitlesCredentialStore.cs","Subtitles","DB_ACCESS_CANDIDATE","SOURCE_PATH_INDEXED_NOT_PROVEN_DB_USAGE","PHASE_E_OWNER_MAPPING_PENDING","NOT_SCANNED_YET","Use Phase A semantic references index; file path alone is not evidence of SQL reads/writes"
"src/Jularr.Web/Features/Subtitles/OpenSubtitles/OpenSubtitlesModels.cs","Subtitles","OTHER_SOURCE","SOURCE_PATH_INDEXED_NOT_PROVEN_DB_USAGE","PHASE_E_OWNER_MAPPING_PENDING","NOT_SCANNED_YET","Use Phase A semantic references index; file path alone is not evidence of SQL reads/writes"
"src/Jularr.Web/Features/Subtitles/OpenSubtitles/OpenSubtitlesProviderSource.cs","Subtitles","OTHER_SOURCE","SOURCE_PATH_INDEXED_NOT_PROVEN_DB_USAGE","PHASE_E_OWNER_MAPPING_PENDING","NOT_SCANNED_YET","Use Phase A semantic references index; file path alone is not evidence of SQL reads/writes"
"src/Jularr.Web/Features/Subtitles/OpenSubtitles/OpenSubtitlesSessionCache.cs","Subtitles","OTHER_SOURCE","SOURCE_PATH_INDEXED_NOT_PROVEN_DB_USAGE","PHASE_E_OWNER_MAPPING_PENDING","NOT_SCANNED_YET","Use Phase A semantic references index; file path alone is not evidence of SQL reads/writes"
"src/Jularr.Web/Features/Subtitles/OpenSubtitles/OpenSubtitlesSettingsService.cs","Subtitles","OTHER_SOURCE","SOURCE_PATH_INDEXED_NOT_PROVEN_DB_USAGE","PHASE_E_OWNER_MAPPING_PENDING","NOT_SCANNED_YET","Use Phase A semantic references index; file path alone is not evidence of SQL reads/writes"
"src/Jularr.Web/Features/Subtitles/OpenSubtitles/OpenSubtitlesSubtitleProvider.cs","Subtitles","OTHER_SOURCE","SOURCE_PATH_INDEXED_NOT_PROVEN_DB_USAGE","PHASE_E_OWNER_MAPPING_PENDING","NOT_SCANNED_YET","Use Phase A semantic references index; file path alone is not evidence of SQL reads/writes"
"src/Jularr.Web/Features/Subtitles/SubtitleCompletenessService.cs","Subtitles","OTHER_SOURCE","SOURCE_PATH_INDEXED_NOT_PROVEN_DB_USAGE","PHASE_E_OWNER_MAPPING_PENDING","NOT_SCANNED_YET","Use Phase A semantic references index; file path alone is not evidence of SQL reads/writes"
"src/Jularr.Web/Features/Subtitles/SubtitleCompletionEvaluator.cs","Subtitles","OTHER_SOURCE","SOURCE_PATH_INDEXED_NOT_PROVEN_DB_USAGE","PHASE_E_OWNER_MAPPING_PENDING","NOT_SCANNED_YET","Use Phase A semantic references index; file path alone is not evidence of SQL reads/writes"
"src/Jularr.Web/Features/Subtitles/SubtitleDownloadContent.cs","Subtitles","OTHER_SOURCE","SOURCE_PATH_INDEXED_NOT_PROVEN_DB_USAGE","PHASE_E_OWNER_MAPPING_PENDING","NOT_SCANNED_YET","Use Phase A semantic references index; file path alone is not evidence of SQL reads/writes"
"src/Jularr.Web/Features/Subtitles/SubtitleFormats.cs","Subtitles","OTHER_SOURCE","SOURCE_PATH_INDEXED_NOT_PROVEN_DB_USAGE","PHASE_E_OWNER_MAPPING_PENDING","NOT_SCANNED_YET","Use Phase A semantic references index; file path alone is not evidence of SQL reads/writes"
"src/Jularr.Web/Features/Subtitles/SubtitleImportService.cs","Subtitles","OTHER_SOURCE","SOURCE_PATH_INDEXED_NOT_PROVEN_DB_USAGE","PHASE_E_OWNER_MAPPING_PENDING","NOT_SCANNED_YET","Use Phase A semantic references index; file path alone is not evidence of SQL reads/writes"
"src/Jularr.Web/Features/Subtitles/SubtitleLanguageAliases.cs","Subtitles","OTHER_SOURCE","SOURCE_PATH_INDEXED_NOT_PROVEN_DB_USAGE","PHASE_E_OWNER_MAPPING_PENDING","NOT_SCANNED_YET","Use Phase A semantic references index; file path alone is not evidence of SQL reads/writes"
"src/Jularr.Web/Features/Subtitles/SubtitleLanguageProfileModels.cs","Subtitles","OTHER_SOURCE","SOURCE_PATH_INDEXED_NOT_PROVEN_DB_USAGE","PHASE_E_OWNER_MAPPING_PENDING","NOT_SCANNED_YET","Use Phase A semantic references index; file path alone is not evidence of SQL reads/writes"
"src/Jularr.Web/Features/Subtitles/SubtitleLanguageProfileService.cs","Subtitles","OTHER_SOURCE","SOURCE_PATH_INDEXED_NOT_PROVEN_DB_USAGE","PHASE_E_OWNER_MAPPING_PENDING","NOT_SCANNED_YET","Use Phase A semantic references index; file path alone is not evidence of SQL reads/writes"
"src/Jularr.Web/Features/Subtitles/SubtitleModels.cs","Subtitles","OTHER_SOURCE","SOURCE_PATH_INDEXED_NOT_PROVEN_DB_USAGE","PHASE_E_OWNER_MAPPING_PENDING","NOT_SCANNED_YET","Use Phase A semantic references index; file path alone is not evidence of SQL reads/writes"
"src/Jularr.Web/Features/Subtitles/SubtitleParser.cs","Subtitles","OTHER_SOURCE","SOURCE_PATH_INDEXED_NOT_PROVEN_DB_USAGE","PHASE_E_OWNER_MAPPING_PENDING","NOT_SCANNED_YET","Use Phase A semantic references index; file path alone is not evidence of SQL reads/writes"
"src/Jularr.Web/Features/Subtitles/SubtitleProviderServiceCollectionExtensions.cs","Subtitles","OTHER_SOURCE","SOURCE_PATH_INDEXED_NOT_PROVEN_DB_USAGE","PHASE_E_OWNER_MAPPING_PENDING","NOT_SCANNED_YET","Use Phase A semantic references index; file path alone is not evidence of SQL reads/writes"
"src/Jularr.Web/Features/Subtitles/SubtitleProviders.cs","Subtitles","OTHER_SOURCE","SOURCE_PATH_INDEXED_NOT_PROVEN_DB_USAGE","PHASE_E_OWNER_MAPPING_PENDING","NOT_SCANNED_YET","Use Phase A semantic references index; file path alone is not evidence of SQL reads/writes"
"src/Jularr.Web/Features/Tracking/AniListAccountService.cs","Tracking","OTHER_SOURCE","SOURCE_PATH_INDEXED_NOT_PROVEN_DB_USAGE","PHASE_E_OWNER_MAPPING_PENDING","NOT_SCANNED_YET","Use Phase A semantic references index; file path alone is not evidence of SQL reads/writes"
"src/Jularr.Web/Features/Tracking/AniListAccountStore.cs","Tracking","DB_ACCESS_CANDIDATE","SOURCE_PATH_INDEXED_NOT_PROVEN_DB_USAGE","PHASE_E_OWNER_MAPPING_PENDING","NOT_SCANNED_YET","Use Phase A semantic references index; file path alone is not evidence of SQL reads/writes"
"src/Jularr.Web/Features/Tracking/AniListExternalProgress.cs","Tracking","OTHER_SOURCE","SOURCE_PATH_INDEXED_NOT_PROVEN_DB_USAGE","PHASE_E_OWNER_MAPPING_PENDING","NOT_SCANNED_YET","Use Phase A semantic references index; file path alone is not evidence of SQL reads/writes"
"src/Jularr.Web/Features/Tracking/AniListSyncCheckpoints.cs","Tracking","OTHER_SOURCE","SOURCE_PATH_INDEXED_NOT_PROVEN_DB_USAGE","PHASE_E_OWNER_MAPPING_PENDING","NOT_SCANNED_YET","Use Phase A semantic references index; file path alone is not evidence of SQL reads/writes"
"src/Jularr.Web/Features/Tracking/AniListSyncRateLimit.cs","Tracking","OTHER_SOURCE","SOURCE_PATH_INDEXED_NOT_PROVEN_DB_USAGE","PHASE_E_OWNER_MAPPING_PENDING","NOT_SCANNED_YET","Use Phase A semantic references index; file path alone is not evidence of SQL reads/writes"
"src/Jularr.Web/Features/Tracking/AniListSyncReconciler.cs","Tracking","OTHER_SOURCE","SOURCE_PATH_INDEXED_NOT_PROVEN_DB_USAGE","PHASE_E_OWNER_MAPPING_PENDING","NOT_SCANNED_YET","Use Phase A semantic references index; file path alone is not evidence of SQL reads/writes"
"src/Jularr.Web/Features/Tracking/AniListSyncService.cs","Tracking","OTHER_SOURCE","SOURCE_PATH_INDEXED_NOT_PROVEN_DB_USAGE","PHASE_E_OWNER_MAPPING_PENDING","NOT_SCANNED_YET","Use Phase A semantic references index; file path alone is not evidence of SQL reads/writes"
"src/Jularr.Web/Features/Tracking/AniListSyncState.cs","Tracking","OTHER_SOURCE","SOURCE_PATH_INDEXED_NOT_PROVEN_DB_USAGE","PHASE_E_OWNER_MAPPING_PENDING","NOT_SCANNED_YET","Use Phase A semantic references index; file path alone is not evidence of SQL reads/writes"
"src/Jularr.Web/Features/Tv/TvCompletedDownloadImportAdapter.cs","Tv","OTHER_SOURCE","SOURCE_PATH_INDEXED_NOT_PROVEN_DB_USAGE","PHASE_E_OWNER_MAPPING_PENDING","NOT_SCANNED_YET","Use Phase A semantic references index; file path alone is not evidence of SQL reads/writes"
"src/Jularr.Web/Features/Tv/TvLibraryService.cs","Tv","OTHER_SOURCE","SOURCE_PATH_INDEXED_NOT_PROVEN_DB_USAGE","PHASE_E_OWNER_MAPPING_PENDING","NOT_SCANNED_YET","Use Phase A semantic references index; file path alone is not evidence of SQL reads/writes"
"src/Jularr.Web/Features/Tv/TvNaming.cs","Tv","OTHER_SOURCE","SOURCE_PATH_INDEXED_NOT_PROVEN_DB_USAGE","PHASE_E_OWNER_MAPPING_PENDING","NOT_SCANNED_YET","Use Phase A semantic references index; file path alone is not evidence of SQL reads/writes"
"src/Jularr.Web/Features/Tv/TvSeries.cs","Tv","OTHER_SOURCE","SOURCE_PATH_INDEXED_NOT_PROVEN_DB_USAGE","PHASE_E_OWNER_MAPPING_PENDING","NOT_SCANNED_YET","Use Phase A semantic references index; file path alone is not evidence of SQL reads/writes"
"src/Jularr.Web/Features/Vocabulary/EpisodePreparationService.cs","Vocabulary","OTHER_SOURCE","SOURCE_PATH_INDEXED_NOT_PROVEN_DB_USAGE","PHASE_E_OWNER_MAPPING_PENDING","NOT_SCANNED_YET","Use Phase A semantic references index; file path alone is not evidence of SQL reads/writes"
"src/Jularr.Web/Features/Vocabulary/JapaneseDictionary.cs","Vocabulary","OTHER_SOURCE","SOURCE_PATH_INDEXED_NOT_PROVEN_DB_USAGE","PHASE_E_OWNER_MAPPING_PENDING","NOT_SCANNED_YET","Use Phase A semantic references index; file path alone is not evidence of SQL reads/writes"
"src/Jularr.Web/Features/Vocabulary/JapaneseMorphology.cs","Vocabulary","OTHER_SOURCE","SOURCE_PATH_INDEXED_NOT_PROVEN_DB_USAGE","PHASE_E_OWNER_MAPPING_PENDING","NOT_SCANNED_YET","Use Phase A semantic references index; file path alone is not evidence of SQL reads/writes"
"src/Jularr.Web/Features/Vocabulary/JapaneseTermExtractor.cs","Vocabulary","OTHER_SOURCE","SOURCE_PATH_INDEXED_NOT_PROVEN_DB_USAGE","PHASE_E_OWNER_MAPPING_PENDING","NOT_SCANNED_YET","Use Phase A semantic references index; file path alone is not evidence of SQL reads/writes"
"src/Jularr.Web/Features/Vocabulary/VocabularyModels.cs","Vocabulary","OTHER_SOURCE","SOURCE_PATH_INDEXED_NOT_PROVEN_DB_USAGE","PHASE_E_OWNER_MAPPING_PENDING","NOT_SCANNED_YET","Use Phase A semantic references index; file path alone is not evidence of SQL reads/writes"
"src/Jularr.Web/Features/Vocabulary/VocabularyService.cs","Vocabulary","OTHER_SOURCE","SOURCE_PATH_INDEXED_NOT_PROVEN_DB_USAGE","PHASE_E_OWNER_MAPPING_PENDING","NOT_SCANNED_YET","Use Phase A semantic references index; file path alone is not evidence of SQL reads/writes"
"src/Jularr.Web/Features/Watchlist/WatchlistLabels.cs","Watchlist","OTHER_SOURCE","SOURCE_PATH_INDEXED_NOT_PROVEN_DB_USAGE","PHASE_E_OWNER_MAPPING_PENDING","NOT_SCANNED_YET","Use Phase A semantic references index; file path alone is not evidence of SQL reads/writes"
"src/Jularr.Web/Features/Watchlist/WatchlistLibraryResolver.cs","Watchlist","OTHER_SOURCE","SOURCE_PATH_INDEXED_NOT_PROVEN_DB_USAGE","PHASE_E_OWNER_MAPPING_PENDING","NOT_SCANNED_YET","Use Phase A semantic references index; file path alone is not evidence of SQL reads/writes"
"src/Jularr.Web/Features/Watchlist/WatchlistModels.cs","Watchlist","OTHER_SOURCE","SOURCE_PATH_INDEXED_NOT_PROVEN_DB_USAGE","PHASE_E_OWNER_MAPPING_PENDING","NOT_SCANNED_YET","Use Phase A semantic references index; file path alone is not evidence of SQL reads/writes"
"src/Jularr.Web/Features/Watchlist/WatchlistStore.cs","Watchlist","DB_ACCESS_CANDIDATE","SOURCE_PATH_INDEXED_NOT_PROVEN_DB_USAGE","PHASE_E_OWNER_MAPPING_PENDING","NOT_SCANNED_YET","Use Phase A semantic references index; file path alone is not evidence of SQL reads/writes"
"src/Jularr.Web/Infrastructure/Ai/CodexAppServerClient.cs","App infrastructure","OTHER_SOURCE","SOURCE_PATH_INDEXED_NOT_PROVEN_DB_USAGE","PHASE_E_OWNER_MAPPING_PENDING","NOT_SCANNED_YET","Use Phase A semantic references index; file path alone is not evidence of SQL reads/writes"
"src/Jularr.Web/Infrastructure/Ai/CodexAppServerGateway.cs","App infrastructure","OTHER_SOURCE","SOURCE_PATH_INDEXED_NOT_PROVEN_DB_USAGE","PHASE_E_OWNER_MAPPING_PENDING","NOT_SCANNED_YET","Use Phase A semantic references index; file path alone is not evidence of SQL reads/writes"
"src/Jularr.Web/Infrastructure/Ai/CodexCliProvider.Schemas.cs","App infrastructure","OTHER_SOURCE","SOURCE_PATH_INDEXED_NOT_PROVEN_DB_USAGE","PHASE_E_OWNER_MAPPING_PENDING","NOT_SCANNED_YET","Use Phase A semantic references index; file path alone is not evidence of SQL reads/writes"
"src/Jularr.Web/Infrastructure/Ai/CodexCliProvider.cs","App infrastructure","OTHER_SOURCE","SOURCE_PATH_INDEXED_NOT_PROVEN_DB_USAGE","PHASE_E_OWNER_MAPPING_PENDING","NOT_SCANNED_YET","Use Phase A semantic references index; file path alone is not evidence of SQL reads/writes"
"src/Jularr.Web/Infrastructure/Ai/OpenAiCompatibleImageProvider.cs","App infrastructure","OTHER_SOURCE","SOURCE_PATH_INDEXED_NOT_PROVEN_DB_USAGE","PHASE_E_OWNER_MAPPING_PENDING","NOT_SCANNED_YET","Use Phase A semantic references index; file path alone is not evidence of SQL reads/writes"
"src/Jularr.Web/Infrastructure/Ai/OpenAiCompatibleProvider.cs","App infrastructure","OTHER_SOURCE","SOURCE_PATH_INDEXED_NOT_PROVEN_DB_USAGE","PHASE_E_OWNER_MAPPING_PENDING","NOT_SCANNED_YET","Use Phase A semantic references index; file path alone is not evidence of SQL reads/writes"
"src/Jularr.Web/Infrastructure/Ai/ProfileAiProviderRouter.cs","App infrastructure","OTHER_SOURCE","SOURCE_PATH_INDEXED_NOT_PROVEN_DB_USAGE","PHASE_E_OWNER_MAPPING_PENDING","NOT_SCANNED_YET","Use Phase A semantic references index; file path alone is not evidence of SQL reads/writes"
"src/Jularr.Web/Infrastructure/Ai/StoryContextExtractionPrompt.cs","App infrastructure","OTHER_SOURCE","SOURCE_PATH_INDEXED_NOT_PROVEN_DB_USAGE","PHASE_E_OWNER_MAPPING_PENDING","NOT_SCANNED_YET","Use Phase A semantic references index; file path alone is not evidence of SQL reads/writes"
"src/Jularr.Web/Infrastructure/BackgroundJobQueue.cs","App infrastructure","JOB_OR_PROVIDER_CANDIDATE","SOURCE_PATH_INDEXED_NOT_PROVEN_DB_USAGE","PHASE_E_OWNER_MAPPING_PENDING","NOT_SCANNED_YET","Use Phase A semantic references index; file path alone is not evidence of SQL reads/writes"
"src/Jularr.Web/Infrastructure/BackgroundWakeSignal.cs","App infrastructure","JOB_OR_PROVIDER_CANDIDATE","SOURCE_PATH_INDEXED_NOT_PROVEN_DB_USAGE","PHASE_E_OWNER_MAPPING_PENDING","NOT_SCANNED_YET","Use Phase A semantic references index; file path alone is not evidence of SQL reads/writes"
"src/Jularr.Web/Infrastructure/MediaProcessRunner.cs","App infrastructure","OTHER_SOURCE","SOURCE_PATH_INDEXED_NOT_PROVEN_DB_USAGE","PHASE_E_OWNER_MAPPING_PENDING","NOT_SCANNED_YET","Use Phase A semantic references index; file path alone is not evidence of SQL reads/writes"
"src/Jularr.Web/Pages/Account/AccountForm.cs","UI:Account","RAZOR_PAGE_MODEL","SOURCE_PATH_INDEXED_NOT_PROVEN_DB_USAGE","PHASE_E_OWNER_MAPPING_PENDING","NOT_SCANNED_YET","Use Phase A semantic references index; file path alone is not evidence of SQL reads/writes"
"src/Jularr.Web/Pages/Account/Login.cshtml","UI:Account","RAZOR_VIEW","SOURCE_PATH_INDEXED_NOT_PROVEN_DB_USAGE","PHASE_E_OWNER_MAPPING_PENDING","NOT_SCANNED_YET","Use Phase A semantic references index; file path alone is not evidence of SQL reads/writes"
"src/Jularr.Web/Pages/Account/Login.cshtml.cs","UI:Account","RAZOR_VIEW","SOURCE_PATH_INDEXED_NOT_PROVEN_DB_USAGE","PHASE_E_OWNER_MAPPING_PENDING","NOT_SCANNED_YET","Use Phase A semantic references index; file path alone is not evidence of SQL reads/writes"
"src/Jularr.Web/Pages/Account/Logout.cshtml","UI:Account","RAZOR_VIEW","SOURCE_PATH_INDEXED_NOT_PROVEN_DB_USAGE","PHASE_E_OWNER_MAPPING_PENDING","NOT_SCANNED_YET","Use Phase A semantic references index; file path alone is not evidence of SQL reads/writes"
"src/Jularr.Web/Pages/Account/Logout.cshtml.cs","UI:Account","RAZOR_VIEW","SOURCE_PATH_INDEXED_NOT_PROVEN_DB_USAGE","PHASE_E_OWNER_MAPPING_PENDING","NOT_SCANNED_YET","Use Phase A semantic references index; file path alone is not evidence of SQL reads/writes"
"src/Jularr.Web/Pages/Account/Plex.cshtml","UI:Account","RAZOR_VIEW","SOURCE_PATH_INDEXED_NOT_PROVEN_DB_USAGE","PHASE_E_OWNER_MAPPING_PENDING","NOT_SCANNED_YET","Use Phase A semantic references index; file path alone is not evidence of SQL reads/writes"
"src/Jularr.Web/Pages/Account/Plex.cshtml.cs","UI:Account","RAZOR_VIEW","SOURCE_PATH_INDEXED_NOT_PROVEN_DB_USAGE","PHASE_E_OWNER_MAPPING_PENDING","NOT_SCANNED_YET","Use Phase A semantic references index; file path alone is not evidence of SQL reads/writes"
"src/Jularr.Web/Pages/Account/Register.cshtml","UI:Account","RAZOR_VIEW","SOURCE_PATH_INDEXED_NOT_PROVEN_DB_USAGE","PHASE_E_OWNER_MAPPING_PENDING","NOT_SCANNED_YET","Use Phase A semantic references index; file path alone is not evidence of SQL reads/writes"
"src/Jularr.Web/Pages/Account/Register.cshtml.cs","UI:Account","RAZOR_VIEW","SOURCE_PATH_INDEXED_NOT_PROVEN_DB_USAGE","PHASE_E_OWNER_MAPPING_PENDING","NOT_SCANNED_YET","Use Phase A semantic references index; file path alone is not evidence of SQL reads/writes"
"src/Jularr.Web/Pages/Account/Setup.cshtml","UI:Account","RAZOR_VIEW","SOURCE_PATH_INDEXED_NOT_PROVEN_DB_USAGE","PHASE_E_OWNER_MAPPING_PENDING","NOT_SCANNED_YET","Use Phase A semantic references index; file path alone is not evidence of SQL reads/writes"
"src/Jularr.Web/Pages/Account/Setup.cshtml.cs","UI:Account","RAZOR_VIEW","SOURCE_PATH_INDEXED_NOT_PROVEN_DB_USAGE","PHASE_E_OWNER_MAPPING_PENDING","NOT_SCANNED_YET","Use Phase A semantic references index; file path alone is not evidence of SQL reads/writes"
"src/Jularr.Web/Pages/Account/SetupInstance.cshtml","UI:Account","RAZOR_VIEW","SOURCE_PATH_INDEXED_NOT_PROVEN_DB_USAGE","PHASE_E_OWNER_MAPPING_PENDING","NOT_SCANNED_YET","Use Phase A semantic references index; file path alone is not evidence of SQL reads/writes"
"src/Jularr.Web/Pages/Account/SetupInstance.cshtml.cs","UI:Account","RAZOR_VIEW","SOURCE_PATH_INDEXED_NOT_PROVEN_DB_USAGE","PHASE_E_OWNER_MAPPING_PENDING","NOT_SCANNED_YET","Use Phase A semantic references index; file path alone is not evidence of SQL reads/writes"
"src/Jularr.Web/Pages/Account/SetupProvider.cshtml","UI:Account","RAZOR_VIEW","SOURCE_PATH_INDEXED_NOT_PROVEN_DB_USAGE","PHASE_E_OWNER_MAPPING_PENDING","NOT_SCANNED_YET","Use Phase A semantic references index; file path alone is not evidence of SQL reads/writes"
"src/Jularr.Web/Pages/Account/SetupProvider.cshtml.cs","UI:Account","RAZOR_VIEW","SOURCE_PATH_INDEXED_NOT_PROVEN_DB_USAGE","PHASE_E_OWNER_MAPPING_PENDING","NOT_SCANNED_YET","Use Phase A semantic references index; file path alone is not evidence of SQL reads/writes"
"src/Jularr.Web/Pages/Acquisition/Index.cshtml","UI:Acquisition","RAZOR_VIEW","SOURCE_PATH_INDEXED_NOT_PROVEN_DB_USAGE","PHASE_E_OWNER_MAPPING_PENDING","NOT_SCANNED_YET","Use Phase A semantic references index; file path alone is not evidence of SQL reads/writes"
"src/Jularr.Web/Pages/Acquisition/Index.cshtml.cs","UI:Acquisition","RAZOR_VIEW","SOURCE_PATH_INDEXED_NOT_PROVEN_DB_USAGE","PHASE_E_OWNER_MAPPING_PENDING","NOT_SCANNED_YET","Use Phase A semantic references index; file path alone is not evidence of SQL reads/writes"
"src/Jularr.Web/Pages/Activity/Index.cshtml","UI:Activity","RAZOR_VIEW","SOURCE_PATH_INDEXED_NOT_PROVEN_DB_USAGE","PHASE_E_OWNER_MAPPING_PENDING","NOT_SCANNED_YET","Use Phase A semantic references index; file path alone is not evidence of SQL reads/writes"
"src/Jularr.Web/Pages/Activity/Index.cshtml.cs","UI:Activity","RAZOR_VIEW","SOURCE_PATH_INDEXED_NOT_PROVEN_DB_USAGE","PHASE_E_OWNER_MAPPING_PENDING","NOT_SCANNED_YET","Use Phase A semantic references index; file path alone is not evidence of SQL reads/writes"
"src/Jularr.Web/Pages/Admin/AcquisitionProfiles.cshtml","UI:Admin","RAZOR_VIEW","SOURCE_PATH_INDEXED_NOT_PROVEN_DB_USAGE","PHASE_E_OWNER_MAPPING_PENDING","NOT_SCANNED_YET","Use Phase A semantic references index; file path alone is not evidence of SQL reads/writes"
"src/Jularr.Web/Pages/Admin/AcquisitionProfiles.cshtml.cs","UI:Admin","RAZOR_VIEW","SOURCE_PATH_INDEXED_NOT_PROVEN_DB_USAGE","PHASE_E_OWNER_MAPPING_PENDING","NOT_SCANNED_YET","Use Phase A semantic references index; file path alone is not evidence of SQL reads/writes"
"src/Jularr.Web/Pages/Admin/AdminStatusTone.cs","UI:Admin","RAZOR_PAGE_MODEL","SOURCE_PATH_INDEXED_NOT_PROVEN_DB_USAGE","PHASE_E_OWNER_MAPPING_PENDING","NOT_SCANNED_YET","Use Phase A semantic references index; file path alone is not evidence of SQL reads/writes"
"src/Jularr.Web/Pages/Admin/Ai.cshtml","UI:Admin","RAZOR_VIEW","SOURCE_PATH_INDEXED_NOT_PROVEN_DB_USAGE","PHASE_E_OWNER_MAPPING_PENDING","NOT_SCANNED_YET","Use Phase A semantic references index; file path alone is not evidence of SQL reads/writes"
"src/Jularr.Web/Pages/Admin/Ai.cshtml.cs","UI:Admin","RAZOR_VIEW","SOURCE_PATH_INDEXED_NOT_PROVEN_DB_USAGE","PHASE_E_OWNER_MAPPING_PENDING","NOT_SCANNED_YET","Use Phase A semantic references index; file path alone is not evidence of SQL reads/writes"
"src/Jularr.Web/Pages/Admin/Appearance.cshtml","UI:Admin","RAZOR_VIEW","SOURCE_PATH_INDEXED_NOT_PROVEN_DB_USAGE","PHASE_E_OWNER_MAPPING_PENDING","NOT_SCANNED_YET","Use Phase A semantic references index; file path alone is not evidence of SQL reads/writes"
"src/Jularr.Web/Pages/Admin/Appearance.cshtml.cs","UI:Admin","RAZOR_VIEW","SOURCE_PATH_INDEXED_NOT_PROVEN_DB_USAGE","PHASE_E_OWNER_MAPPING_PENDING","NOT_SCANNED_YET","Use Phase A semantic references index; file path alone is not evidence of SQL reads/writes"
"src/Jularr.Web/Pages/Admin/BookManualSearch.cshtml","UI:Admin","RAZOR_VIEW","SOURCE_PATH_INDEXED_NOT_PROVEN_DB_USAGE","PHASE_E_OWNER_MAPPING_PENDING","NOT_SCANNED_YET","Use Phase A semantic references index; file path alone is not evidence of SQL reads/writes"
"src/Jularr.Web/Pages/Admin/BookManualSearch.cshtml.cs","UI:Admin","RAZOR_VIEW","SOURCE_PATH_INDEXED_NOT_PROVEN_DB_USAGE","PHASE_E_OWNER_MAPPING_PENDING","NOT_SCANNED_YET","Use Phase A semantic references index; file path alone is not evidence of SQL reads/writes"
"src/Jularr.Web/Pages/Admin/Books/Work.cshtml","UI:Admin","RAZOR_VIEW","SOURCE_PATH_INDEXED_NOT_PROVEN_DB_USAGE","PHASE_E_OWNER_MAPPING_PENDING","NOT_SCANNED_YET","Use Phase A semantic references index; file path alone is not evidence of SQL reads/writes"
"src/Jularr.Web/Pages/Admin/Books/Work.cshtml.cs","UI:Admin","RAZOR_VIEW","SOURCE_PATH_INDEXED_NOT_PROVEN_DB_USAGE","PHASE_E_OWNER_MAPPING_PENDING","NOT_SCANNED_YET","Use Phase A semantic references index; file path alone is not evidence of SQL reads/writes"
"src/Jularr.Web/Pages/Admin/Capabilities/Index.cshtml","UI:Admin","RAZOR_VIEW","SOURCE_PATH_INDEXED_NOT_PROVEN_DB_USAGE","PHASE_E_OWNER_MAPPING_PENDING","NOT_SCANNED_YET","Use Phase A semantic references index; file path alone is not evidence of SQL reads/writes"
"src/Jularr.Web/Pages/Admin/Capabilities/Index.cshtml.cs","UI:Admin","RAZOR_VIEW","SOURCE_PATH_INDEXED_NOT_PROVEN_DB_USAGE","PHASE_E_OWNER_MAPPING_PENDING","NOT_SCANNED_YET","Use Phase A semantic references index; file path alone is not evidence of SQL reads/writes"
"src/Jularr.Web/Pages/Admin/Capabilities/Manual.cshtml","UI:Admin","RAZOR_VIEW","SOURCE_PATH_INDEXED_NOT_PROVEN_DB_USAGE","PHASE_E_OWNER_MAPPING_PENDING","NOT_SCANNED_YET","Use Phase A semantic references index; file path alone is not evidence of SQL reads/writes"
"src/Jularr.Web/Pages/Admin/Capabilities/Manual.cshtml.cs","UI:Admin","RAZOR_VIEW","SOURCE_PATH_INDEXED_NOT_PROVEN_DB_USAGE","PHASE_E_OWNER_MAPPING_PENDING","NOT_SCANNED_YET","Use Phase A semantic references index; file path alone is not evidence of SQL reads/writes"
"src/Jularr.Web/Pages/Admin/Database.cshtml","UI:Admin","RAZOR_VIEW","SOURCE_PATH_INDEXED_NOT_PROVEN_DB_USAGE","PHASE_E_OWNER_MAPPING_PENDING","NOT_SCANNED_YET","Use Phase A semantic references index; file path alone is not evidence of SQL reads/writes"
"src/Jularr.Web/Pages/Admin/Database.cshtml.cs","UI:Admin","RAZOR_VIEW","SOURCE_PATH_INDEXED_NOT_PROVEN_DB_USAGE","PHASE_E_OWNER_MAPPING_PENDING","NOT_SCANNED_YET","Use Phase A semantic references index; file path alone is not evidence of SQL reads/writes"
"src/Jularr.Web/Pages/Admin/Devices.cshtml","UI:Admin","RAZOR_VIEW","SOURCE_PATH_INDEXED_NOT_PROVEN_DB_USAGE","PHASE_E_OWNER_MAPPING_PENDING","NOT_SCANNED_YET","Use Phase A semantic references index; file path alone is not evidence of SQL reads/writes"
"src/Jularr.Web/Pages/Admin/Devices.cshtml.cs","UI:Admin","RAZOR_VIEW","SOURCE_PATH_INDEXED_NOT_PROVEN_DB_USAGE","PHASE_E_OWNER_MAPPING_PENDING","NOT_SCANNED_YET","Use Phase A semantic references index; file path alone is not evidence of SQL reads/writes"
"src/Jularr.Web/Pages/Admin/Health.cshtml","UI:Admin","RAZOR_VIEW","SOURCE_PATH_INDEXED_NOT_PROVEN_DB_USAGE","PHASE_E_OWNER_MAPPING_PENDING","NOT_SCANNED_YET","Use Phase A semantic references index; file path alone is not evidence of SQL reads/writes"
"src/Jularr.Web/Pages/Admin/Health.cshtml.cs","UI:Admin","RAZOR_VIEW","SOURCE_PATH_INDEXED_NOT_PROVEN_DB_USAGE","PHASE_E_OWNER_MAPPING_PENDING","NOT_SCANNED_YET","Use Phase A semantic references index; file path alone is not evidence of SQL reads/writes"
"src/Jularr.Web/Pages/Admin/History.cshtml","UI:Admin","RAZOR_VIEW","SOURCE_PATH_INDEXED_NOT_PROVEN_DB_USAGE","PHASE_E_OWNER_MAPPING_PENDING","NOT_SCANNED_YET","Use Phase A semantic references index; file path alone is not evidence of SQL reads/writes"
"src/Jularr.Web/Pages/Admin/History.cshtml.cs","UI:Admin","RAZOR_VIEW","SOURCE_PATH_INDEXED_NOT_PROVEN_DB_USAGE","PHASE_E_OWNER_MAPPING_PENDING","NOT_SCANNED_YET","Use Phase A semantic references index; file path alone is not evidence of SQL reads/writes"
"src/Jularr.Web/Pages/Admin/Index.cshtml","UI:Admin","RAZOR_VIEW","SOURCE_PATH_INDEXED_NOT_PROVEN_DB_USAGE","PHASE_E_OWNER_MAPPING_PENDING","NOT_SCANNED_YET","Use Phase A semantic references index; file path alone is not evidence of SQL reads/writes"
"src/Jularr.Web/Pages/Admin/Index.cshtml.cs","UI:Admin","RAZOR_VIEW","SOURCE_PATH_INDEXED_NOT_PROVEN_DB_USAGE","PHASE_E_OWNER_MAPPING_PENDING","NOT_SCANNED_YET","Use Phase A semantic references index; file path alone is not evidence of SQL reads/writes"
"src/Jularr.Web/Pages/Admin/IndexerSetupMessages.cs","UI:Admin","RAZOR_PAGE_MODEL","SOURCE_PATH_INDEXED_NOT_PROVEN_DB_USAGE","PHASE_E_OWNER_MAPPING_PENDING","NOT_SCANNED_YET","Use Phase A semantic references index; file path alone is not evidence of SQL reads/writes"
"src/Jularr.Web/Pages/Admin/Instance.cshtml","UI:Admin","RAZOR_VIEW","SOURCE_PATH_INDEXED_NOT_PROVEN_DB_USAGE","PHASE_E_OWNER_MAPPING_PENDING","NOT_SCANNED_YET","Use Phase A semantic references index; file path alone is not evidence of SQL reads/writes"
"src/Jularr.Web/Pages/Admin/Instance.cshtml.cs","UI:Admin","RAZOR_VIEW","SOURCE_PATH_INDEXED_NOT_PROVEN_DB_USAGE","PHASE_E_OWNER_MAPPING_PENDING","NOT_SCANNED_YET","Use Phase A semantic references index; file path alone is not evidence of SQL reads/writes"
"src/Jularr.Web/Pages/Admin/Library.cshtml","UI:Admin","RAZOR_VIEW","SOURCE_PATH_INDEXED_NOT_PROVEN_DB_USAGE","PHASE_E_OWNER_MAPPING_PENDING","NOT_SCANNED_YET","Use Phase A semantic references index; file path alone is not evidence of SQL reads/writes"
"src/Jularr.Web/Pages/Admin/Library.cshtml.cs","UI:Admin","RAZOR_VIEW","SOURCE_PATH_INDEXED_NOT_PROVEN_DB_USAGE","PHASE_E_OWNER_MAPPING_PENDING","NOT_SCANNED_YET","Use Phase A semantic references index; file path alone is not evidence of SQL reads/writes"
"src/Jularr.Web/Pages/Admin/Logs.cshtml","UI:Admin","RAZOR_VIEW","SOURCE_PATH_INDEXED_NOT_PROVEN_DB_USAGE","PHASE_E_OWNER_MAPPING_PENDING","NOT_SCANNED_YET","Use Phase A semantic references index; file path alone is not evidence of SQL reads/writes"
"src/Jularr.Web/Pages/Admin/Logs.cshtml.cs","UI:Admin","RAZOR_VIEW","SOURCE_PATH_INDEXED_NOT_PROVEN_DB_USAGE","PHASE_E_OWNER_MAPPING_PENDING","NOT_SCANNED_YET","Use Phase A semantic references index; file path alone is not evidence of SQL reads/writes"
"src/Jularr.Web/Pages/Admin/Manga/Work.cshtml","UI:Admin","RAZOR_VIEW","SOURCE_PATH_INDEXED_NOT_PROVEN_DB_USAGE","PHASE_E_OWNER_MAPPING_PENDING","NOT_SCANNED_YET","Use Phase A semantic references index; file path alone is not evidence of SQL reads/writes"
"src/Jularr.Web/Pages/Admin/Manga/Work.cshtml.cs","UI:Admin","RAZOR_VIEW","SOURCE_PATH_INDEXED_NOT_PROVEN_DB_USAGE","PHASE_E_OWNER_MAPPING_PENDING","NOT_SCANNED_YET","Use Phase A semantic references index; file path alone is not evidence of SQL reads/writes"
"src/Jularr.Web/Pages/Admin/ManualReleaseTable.cs","UI:Admin","RAZOR_PAGE_MODEL","SOURCE_PATH_INDEXED_NOT_PROVEN_DB_USAGE","PHASE_E_OWNER_MAPPING_PENDING","NOT_SCANNED_YET","Use Phase A semantic references index; file path alone is not evidence of SQL reads/writes"
"src/Jularr.Web/Pages/Admin/ManualSearch.cshtml","UI:Admin","RAZOR_VIEW","SOURCE_PATH_INDEXED_NOT_PROVEN_DB_USAGE","PHASE_E_OWNER_MAPPING_PENDING","NOT_SCANNED_YET","Use Phase A semantic references index; file path alone is not evidence of SQL reads/writes"
"src/Jularr.Web/Pages/Admin/ManualSearch.cshtml.cs","UI:Admin","RAZOR_VIEW","SOURCE_PATH_INDEXED_NOT_PROVEN_DB_USAGE","PHASE_E_OWNER_MAPPING_PENDING","NOT_SCANNED_YET","Use Phase A semantic references index; file path alone is not evidence of SQL reads/writes"
"src/Jularr.Web/Pages/Admin/MediaDetail.cshtml","UI:Admin","RAZOR_VIEW","SOURCE_PATH_INDEXED_NOT_PROVEN_DB_USAGE","PHASE_E_OWNER_MAPPING_PENDING","NOT_SCANNED_YET","Use Phase A semantic references index; file path alone is not evidence of SQL reads/writes"
"src/Jularr.Web/Pages/Admin/MediaDetail.cshtml.cs","UI:Admin","RAZOR_VIEW","SOURCE_PATH_INDEXED_NOT_PROVEN_DB_USAGE","PHASE_E_OWNER_MAPPING_PENDING","NOT_SCANNED_YET","Use Phase A semantic references index; file path alone is not evidence of SQL reads/writes"
"src/Jularr.Web/Pages/Admin/MediaWork.cshtml","UI:Admin","RAZOR_VIEW","SOURCE_PATH_INDEXED_NOT_PROVEN_DB_USAGE","PHASE_E_OWNER_MAPPING_PENDING","NOT_SCANNED_YET","Use Phase A semantic references index; file path alone is not evidence of SQL reads/writes"
"src/Jularr.Web/Pages/Admin/MediaWork.cshtml.cs","UI:Admin","RAZOR_VIEW","SOURCE_PATH_INDEXED_NOT_PROVEN_DB_USAGE","PHASE_E_OWNER_MAPPING_PENDING","NOT_SCANNED_YET","Use Phase A semantic references index; file path alone is not evidence of SQL reads/writes"
"src/Jularr.Web/Pages/Admin/MergeReview/Index.cshtml","UI:Admin","RAZOR_VIEW","SOURCE_PATH_INDEXED_NOT_PROVEN_DB_USAGE","PHASE_E_OWNER_MAPPING_PENDING","NOT_SCANNED_YET","Use Phase A semantic references index; file path alone is not evidence of SQL reads/writes"
"src/Jularr.Web/Pages/Admin/MergeReview/Index.cshtml.cs","UI:Admin","RAZOR_VIEW","SOURCE_PATH_INDEXED_NOT_PROVEN_DB_USAGE","PHASE_E_OWNER_MAPPING_PENDING","NOT_SCANNED_YET","Use Phase A semantic references index; file path alone is not evidence of SQL reads/writes"
"src/Jularr.Web/Pages/Admin/Music/Album.cshtml","UI:Admin","RAZOR_VIEW","SOURCE_PATH_INDEXED_NOT_PROVEN_DB_USAGE","PHASE_E_OWNER_MAPPING_PENDING","NOT_SCANNED_YET","Use Phase A semantic references index; file path alone is not evidence of SQL reads/writes"
"src/Jularr.Web/Pages/Admin/Music/Album.cshtml.cs","UI:Admin","RAZOR_VIEW","SOURCE_PATH_INDEXED_NOT_PROVEN_DB_USAGE","PHASE_E_OWNER_MAPPING_PENDING","NOT_SCANNED_YET","Use Phase A semantic references index; file path alone is not evidence of SQL reads/writes"
"src/Jularr.Web/Pages/Admin/Music/Artist.cshtml","UI:Admin","RAZOR_VIEW","SOURCE_PATH_INDEXED_NOT_PROVEN_DB_USAGE","PHASE_E_OWNER_MAPPING_PENDING","NOT_SCANNED_YET","Use Phase A semantic references index; file path alone is not evidence of SQL reads/writes"
"src/Jularr.Web/Pages/Admin/Music/Artist.cshtml.cs","UI:Admin","RAZOR_VIEW","SOURCE_PATH_INDEXED_NOT_PROVEN_DB_USAGE","PHASE_E_OWNER_MAPPING_PENDING","NOT_SCANNED_YET","Use Phase A semantic references index; file path alone is not evidence of SQL reads/writes"
"src/Jularr.Web/Pages/Admin/Music/Index.cshtml","UI:Admin","RAZOR_VIEW","SOURCE_PATH_INDEXED_NOT_PROVEN_DB_USAGE","PHASE_E_OWNER_MAPPING_PENDING","NOT_SCANNED_YET","Use Phase A semantic references index; file path alone is not evidence of SQL reads/writes"
"src/Jularr.Web/Pages/Admin/Music/Index.cshtml.cs","UI:Admin","RAZOR_VIEW","SOURCE_PATH_INDEXED_NOT_PROVEN_DB_USAGE","PHASE_E_OWNER_MAPPING_PENDING","NOT_SCANNED_YET","Use Phase A semantic references index; file path alone is not evidence of SQL reads/writes"
"src/Jularr.Web/Pages/Admin/Novels/Work.cshtml","UI:Admin","RAZOR_VIEW","SOURCE_PATH_INDEXED_NOT_PROVEN_DB_USAGE","PHASE_E_OWNER_MAPPING_PENDING","NOT_SCANNED_YET","Use Phase A semantic references index; file path alone is not evidence of SQL reads/writes"
"src/Jularr.Web/Pages/Admin/Novels/Work.cshtml.cs","UI:Admin","RAZOR_VIEW","SOURCE_PATH_INDEXED_NOT_PROVEN_DB_USAGE","PHASE_E_OWNER_MAPPING_PENDING","NOT_SCANNED_YET","Use Phase A semantic references index; file path alone is not evidence of SQL reads/writes"
"src/Jularr.Web/Pages/Admin/Operation.cshtml","UI:Admin","RAZOR_VIEW","SOURCE_PATH_INDEXED_NOT_PROVEN_DB_USAGE","PHASE_E_OWNER_MAPPING_PENDING","NOT_SCANNED_YET","Use Phase A semantic references index; file path alone is not evidence of SQL reads/writes"
"src/Jularr.Web/Pages/Admin/Operation.cshtml.cs","UI:Admin","RAZOR_VIEW","SOURCE_PATH_INDEXED_NOT_PROVEN_DB_USAGE","PHASE_E_OWNER_MAPPING_PENDING","NOT_SCANNED_YET","Use Phase A semantic references index; file path alone is not evidence of SQL reads/writes"
"src/Jularr.Web/Pages/Admin/Operations.cshtml","UI:Admin","RAZOR_VIEW","SOURCE_PATH_INDEXED_NOT_PROVEN_DB_USAGE","PHASE_E_OWNER_MAPPING_PENDING","NOT_SCANNED_YET","Use Phase A semantic references index; file path alone is not evidence of SQL reads/writes"
"src/Jularr.Web/Pages/Admin/Operations.cshtml.cs","UI:Admin","RAZOR_VIEW","SOURCE_PATH_INDEXED_NOT_PROVEN_DB_USAGE","PHASE_E_OWNER_MAPPING_PENDING","NOT_SCANNED_YET","Use Phase A semantic references index; file path alone is not evidence of SQL reads/writes"
"src/Jularr.Web/Pages/Admin/Providers.cshtml","UI:Admin","RAZOR_VIEW","SOURCE_PATH_INDEXED_NOT_PROVEN_DB_USAGE","PHASE_E_OWNER_MAPPING_PENDING","NOT_SCANNED_YET","Use Phase A semantic references index; file path alone is not evidence of SQL reads/writes"
"src/Jularr.Web/Pages/Admin/Providers.cshtml.cs","UI:Admin","RAZOR_VIEW","SOURCE_PATH_INDEXED_NOT_PROVEN_DB_USAGE","PHASE_E_OWNER_MAPPING_PENDING","NOT_SCANNED_YET","Use Phase A semantic references index; file path alone is not evidence of SQL reads/writes"
"src/Jularr.Web/Pages/Admin/ReadingManualSearch.cshtml","UI:Admin","RAZOR_VIEW","SOURCE_PATH_INDEXED_NOT_PROVEN_DB_USAGE","PHASE_E_OWNER_MAPPING_PENDING","NOT_SCANNED_YET","Use Phase A semantic references index; file path alone is not evidence of SQL reads/writes"
"src/Jularr.Web/Pages/Admin/ReadingManualSearch.cshtml.cs","UI:Admin","RAZOR_VIEW","SOURCE_PATH_INDEXED_NOT_PROVEN_DB_USAGE","PHASE_E_OWNER_MAPPING_PENDING","NOT_SCANNED_YET","Use Phase A semantic references index; file path alone is not evidence of SQL reads/writes"
"src/Jularr.Web/Pages/Admin/ReadingWorkModel.cs","UI:Admin","RAZOR_PAGE_MODEL","SOURCE_PATH_INDEXED_NOT_PROVEN_DB_USAGE","PHASE_E_OWNER_MAPPING_PENDING","NOT_SCANNED_YET","Use Phase A semantic references index; file path alone is not evidence of SQL reads/writes"
"src/Jularr.Web/Pages/Admin/Reconciliation/Index.cshtml","UI:Admin","RAZOR_VIEW","SOURCE_PATH_INDEXED_NOT_PROVEN_DB_USAGE","PHASE_E_OWNER_MAPPING_PENDING","NOT_SCANNED_YET","Use Phase A semantic references index; file path alone is not evidence of SQL reads/writes"
"src/Jularr.Web/Pages/Admin/Reconciliation/Index.cshtml.cs","UI:Admin","RAZOR_VIEW","SOURCE_PATH_INDEXED_NOT_PROVEN_DB_USAGE","PHASE_E_OWNER_MAPPING_PENDING","NOT_SCANNED_YET","Use Phase A semantic references index; file path alone is not evidence of SQL reads/writes"
"src/Jularr.Web/Pages/Admin/Reconciliation/_ReconciliationIcon.cshtml","UI:Admin","RAZOR_VIEW","SOURCE_PATH_INDEXED_NOT_PROVEN_DB_USAGE","PHASE_E_OWNER_MAPPING_PENDING","NOT_SCANNED_YET","Use Phase A semantic references index; file path alone is not evidence of SQL reads/writes"
"src/Jularr.Web/Pages/Admin/Reconciliation/_ReconciliationTreeNode.cshtml","UI:Admin","RAZOR_VIEW","SOURCE_PATH_INDEXED_NOT_PROVEN_DB_USAGE","PHASE_E_OWNER_MAPPING_PENDING","NOT_SCANNED_YET","Use Phase A semantic references index; file path alone is not evidence of SQL reads/writes"
"src/Jularr.Web/Pages/Admin/Requests.cshtml","UI:Admin","RAZOR_VIEW","SOURCE_PATH_INDEXED_NOT_PROVEN_DB_USAGE","PHASE_E_OWNER_MAPPING_PENDING","NOT_SCANNED_YET","Use Phase A semantic references index; file path alone is not evidence of SQL reads/writes"
"src/Jularr.Web/Pages/Admin/Requests.cshtml.cs","UI:Admin","RAZOR_VIEW","SOURCE_PATH_INDEXED_NOT_PROVEN_DB_USAGE","PHASE_E_OWNER_MAPPING_PENDING","NOT_SCANNED_YET","Use Phase A semantic references index; file path alone is not evidence of SQL reads/writes"
"src/Jularr.Web/Pages/Admin/Requests/Settings.cshtml","UI:Admin","RAZOR_VIEW","SOURCE_PATH_INDEXED_NOT_PROVEN_DB_USAGE","PHASE_E_OWNER_MAPPING_PENDING","NOT_SCANNED_YET","Use Phase A semantic references index; file path alone is not evidence of SQL reads/writes"
"src/Jularr.Web/Pages/Admin/Requests/Settings.cshtml.cs","UI:Admin","RAZOR_VIEW","SOURCE_PATH_INDEXED_NOT_PROVEN_DB_USAGE","PHASE_E_OWNER_MAPPING_PENDING","NOT_SCANNED_YET","Use Phase A semantic references index; file path alone is not evidence of SQL reads/writes"
"src/Jularr.Web/Pages/Admin/Requests/Users.cshtml","UI:Admin","RAZOR_VIEW","SOURCE_PATH_INDEXED_NOT_PROVEN_DB_USAGE","PHASE_E_OWNER_MAPPING_PENDING","NOT_SCANNED_YET","Use Phase A semantic references index; file path alone is not evidence of SQL reads/writes"
"src/Jularr.Web/Pages/Admin/Requests/Users.cshtml.cs","UI:Admin","RAZOR_VIEW","SOURCE_PATH_INDEXED_NOT_PROVEN_DB_USAGE","PHASE_E_OWNER_MAPPING_PENDING","NOT_SCANNED_YET","Use Phase A semantic references index; file path alone is not evidence of SQL reads/writes"
"src/Jularr.Web/Pages/Admin/Requests/_RequestRuleEditor.cshtml","UI:Admin","RAZOR_VIEW","SOURCE_PATH_INDEXED_NOT_PROVEN_DB_USAGE","PHASE_E_OWNER_MAPPING_PENDING","NOT_SCANNED_YET","Use Phase A semantic references index; file path alone is not evidence of SQL reads/writes"
"src/Jularr.Web/Pages/Admin/Requests/_RequestUsersPage.cshtml","UI:Admin","RAZOR_VIEW","SOURCE_PATH_INDEXED_NOT_PROVEN_DB_USAGE","PHASE_E_OWNER_MAPPING_PENDING","NOT_SCANNED_YET","Use Phase A semantic references index; file path alone is not evidence of SQL reads/writes"
"src/Jularr.Web/Pages/Admin/Resources.cshtml","UI:Admin","RAZOR_VIEW","SOURCE_PATH_INDEXED_NOT_PROVEN_DB_USAGE","PHASE_E_OWNER_MAPPING_PENDING","NOT_SCANNED_YET","Use Phase A semantic references index; file path alone is not evidence of SQL reads/writes"
"src/Jularr.Web/Pages/Admin/Resources.cshtml.cs","UI:Admin","RAZOR_VIEW","SOURCE_PATH_INDEXED_NOT_PROVEN_DB_USAGE","PHASE_E_OWNER_MAPPING_PENDING","NOT_SCANNED_YET","Use Phase A semantic references index; file path alone is not evidence of SQL reads/writes"
"src/Jularr.Web/Pages/Admin/Roles.cshtml","UI:Admin","RAZOR_VIEW","SOURCE_PATH_INDEXED_NOT_PROVEN_DB_USAGE","PHASE_E_OWNER_MAPPING_PENDING","NOT_SCANNED_YET","Use Phase A semantic references index; file path alone is not evidence of SQL reads/writes"
"src/Jularr.Web/Pages/Admin/Roles.cshtml.cs","UI:Admin","RAZOR_VIEW","SOURCE_PATH_INDEXED_NOT_PROVEN_DB_USAGE","PHASE_E_OWNER_MAPPING_PENDING","NOT_SCANNED_YET","Use Phase A semantic references index; file path alone is not evidence of SQL reads/writes"
"src/Jularr.Web/Pages/Admin/Scans.cshtml","UI:Admin","RAZOR_VIEW","SOURCE_PATH_INDEXED_NOT_PROVEN_DB_USAGE","PHASE_E_OWNER_MAPPING_PENDING","NOT_SCANNED_YET","Use Phase A semantic references index; file path alone is not evidence of SQL reads/writes"
"src/Jularr.Web/Pages/Admin/Scans.cshtml.cs","UI:Admin","RAZOR_VIEW","SOURCE_PATH_INDEXED_NOT_PROVEN_DB_USAGE","PHASE_E_OWNER_MAPPING_PENDING","NOT_SCANNED_YET","Use Phase A semantic references index; file path alone is not evidence of SQL reads/writes"
"src/Jularr.Web/Pages/Admin/Search.cshtml","UI:Admin","RAZOR_VIEW","SOURCE_PATH_INDEXED_NOT_PROVEN_DB_USAGE","PHASE_E_OWNER_MAPPING_PENDING","NOT_SCANNED_YET","Use Phase A semantic references index; file path alone is not evidence of SQL reads/writes"
"src/Jularr.Web/Pages/Admin/Search.cshtml.cs","UI:Admin","RAZOR_VIEW","SOURCE_PATH_INDEXED_NOT_PROVEN_DB_USAGE","PHASE_E_OWNER_MAPPING_PENDING","NOT_SCANNED_YET","Use Phase A semantic references index; file path alone is not evidence of SQL reads/writes"
"src/Jularr.Web/Pages/Admin/Sessions.cshtml","UI:Admin","RAZOR_VIEW","SOURCE_PATH_INDEXED_NOT_PROVEN_DB_USAGE","PHASE_E_OWNER_MAPPING_PENDING","NOT_SCANNED_YET","Use Phase A semantic references index; file path alone is not evidence of SQL reads/writes"
"src/Jularr.Web/Pages/Admin/Sessions.cshtml.cs","UI:Admin","RAZOR_VIEW","SOURCE_PATH_INDEXED_NOT_PROVEN_DB_USAGE","PHASE_E_OWNER_MAPPING_PENDING","NOT_SCANNED_YET","Use Phase A semantic references index; file path alone is not evidence of SQL reads/writes"
"src/Jularr.Web/Pages/Admin/Storage/Index.cshtml","UI:Admin","RAZOR_VIEW","SOURCE_PATH_INDEXED_NOT_PROVEN_DB_USAGE","PHASE_E_OWNER_MAPPING_PENDING","NOT_SCANNED_YET","Use Phase A semantic references index; file path alone is not evidence of SQL reads/writes"
"src/Jularr.Web/Pages/Admin/Storage/Index.cshtml.cs","UI:Admin","RAZOR_VIEW","SOURCE_PATH_INDEXED_NOT_PROVEN_DB_USAGE","PHASE_E_OWNER_MAPPING_PENDING","NOT_SCANNED_YET","Use Phase A semantic references index; file path alone is not evidence of SQL reads/writes"
"src/Jularr.Web/Pages/Admin/System.cshtml","UI:Admin","RAZOR_VIEW","SOURCE_PATH_INDEXED_NOT_PROVEN_DB_USAGE","PHASE_E_OWNER_MAPPING_PENDING","NOT_SCANNED_YET","Use Phase A semantic references index; file path alone is not evidence of SQL reads/writes"
"src/Jularr.Web/Pages/Admin/System.cshtml.cs","UI:Admin","RAZOR_VIEW","SOURCE_PATH_INDEXED_NOT_PROVEN_DB_USAGE","PHASE_E_OWNER_MAPPING_PENDING","NOT_SCANNED_YET","Use Phase A semantic references index; file path alone is not evidence of SQL reads/writes"
"src/Jularr.Web/Pages/Admin/Transcoding.cshtml","UI:Admin","RAZOR_VIEW","SOURCE_PATH_INDEXED_NOT_PROVEN_DB_USAGE","PHASE_E_OWNER_MAPPING_PENDING","NOT_SCANNED_YET","Use Phase A semantic references index; file path alone is not evidence of SQL reads/writes"
"src/Jularr.Web/Pages/Admin/Transcoding.cshtml.cs","UI:Admin","RAZOR_VIEW","SOURCE_PATH_INDEXED_NOT_PROVEN_DB_USAGE","PHASE_E_OWNER_MAPPING_PENDING","NOT_SCANNED_YET","Use Phase A semantic references index; file path alone is not evidence of SQL reads/writes"
"src/Jularr.Web/Pages/Admin/Usenet.cshtml","UI:Admin","RAZOR_VIEW","SOURCE_PATH_INDEXED_NOT_PROVEN_DB_USAGE","PHASE_E_OWNER_MAPPING_PENDING","NOT_SCANNED_YET","Use Phase A semantic references index; file path alone is not evidence of SQL reads/writes"
"src/Jularr.Web/Pages/Admin/Usenet.cshtml.cs","UI:Admin","RAZOR_VIEW","SOURCE_PATH_INDEXED_NOT_PROVEN_DB_USAGE","PHASE_E_OWNER_MAPPING_PENDING","NOT_SCANNED_YET","Use Phase A semantic references index; file path alone is not evidence of SQL reads/writes"
"src/Jularr.Web/Pages/Admin/User.cshtml","UI:Admin","RAZOR_VIEW","SOURCE_PATH_INDEXED_NOT_PROVEN_DB_USAGE","PHASE_E_OWNER_MAPPING_PENDING","NOT_SCANNED_YET","Use Phase A semantic references index; file path alone is not evidence of SQL reads/writes"
"src/Jularr.Web/Pages/Admin/User.cshtml.cs","UI:Admin","RAZOR_VIEW","SOURCE_PATH_INDEXED_NOT_PROVEN_DB_USAGE","PHASE_E_OWNER_MAPPING_PENDING","NOT_SCANNED_YET","Use Phase A semantic references index; file path alone is not evidence of SQL reads/writes"
"src/Jularr.Web/Pages/Admin/UserRequests.cshtml","UI:Admin","RAZOR_VIEW","SOURCE_PATH_INDEXED_NOT_PROVEN_DB_USAGE","PHASE_E_OWNER_MAPPING_PENDING","NOT_SCANNED_YET","Use Phase A semantic references index; file path alone is not evidence of SQL reads/writes"
"src/Jularr.Web/Pages/Admin/Users.cshtml","UI:Admin","RAZOR_VIEW","SOURCE_PATH_INDEXED_NOT_PROVEN_DB_USAGE","PHASE_E_OWNER_MAPPING_PENDING","NOT_SCANNED_YET","Use Phase A semantic references index; file path alone is not evidence of SQL reads/writes"
"src/Jularr.Web/Pages/Admin/Users.cshtml.cs","UI:Admin","RAZOR_VIEW","SOURCE_PATH_INDEXED_NOT_PROVEN_DB_USAGE","PHASE_E_OWNER_MAPPING_PENDING","NOT_SCANNED_YET","Use Phase A semantic references index; file path alone is not evidence of SQL reads/writes"
"src/Jularr.Web/Pages/Admin/Wanted.cshtml","UI:Admin","RAZOR_VIEW","SOURCE_PATH_INDEXED_NOT_PROVEN_DB_USAGE","PHASE_E_OWNER_MAPPING_PENDING","NOT_SCANNED_YET","Use Phase A semantic references index; file path alone is not evidence of SQL reads/writes"
"src/Jularr.Web/Pages/Admin/Wanted.cshtml.cs","UI:Admin","RAZOR_VIEW","SOURCE_PATH_INDEXED_NOT_PROVEN_DB_USAGE","PHASE_E_OWNER_MAPPING_PENDING","NOT_SCANNED_YET","Use Phase A semantic references index; file path alone is not evidence of SQL reads/writes"
"src/Jularr.Web/Pages/Admin/_AcquisitionProfileQualityRow.cshtml","UI:Admin","RAZOR_VIEW","SOURCE_PATH_INDEXED_NOT_PROVEN_DB_USAGE","PHASE_E_OWNER_MAPPING_PENDING","NOT_SCANNED_YET","Use Phase A semantic references index; file path alone is not evidence of SQL reads/writes"
"src/Jularr.Web/Pages/Admin/_AcquisitionProfileRuleRow.cshtml","UI:Admin","RAZOR_VIEW","SOURCE_PATH_INDEXED_NOT_PROVEN_DB_USAGE","PHASE_E_OWNER_MAPPING_PENDING","NOT_SCANNED_YET","Use Phase A semantic references index; file path alone is not evidence of SQL reads/writes"
"src/Jularr.Web/Pages/Admin/_AdminIcon.cshtml","UI:Admin","RAZOR_VIEW","SOURCE_PATH_INDEXED_NOT_PROVEN_DB_USAGE","PHASE_E_OWNER_MAPPING_PENDING","NOT_SCANNED_YET","Use Phase A semantic references index; file path alone is not evidence of SQL reads/writes"
"src/Jularr.Web/Pages/Admin/_AdminMediaColumns.cshtml","UI:Admin","RAZOR_VIEW","SOURCE_PATH_INDEXED_NOT_PROVEN_DB_USAGE","PHASE_E_OWNER_MAPPING_PENDING","NOT_SCANNED_YET","Use Phase A semantic references index; file path alone is not evidence of SQL reads/writes"
"src/Jularr.Web/Pages/Admin/_AdminMediaIcon.cshtml","UI:Admin","RAZOR_VIEW","SOURCE_PATH_INDEXED_NOT_PROVEN_DB_USAGE","PHASE_E_OWNER_MAPPING_PENDING","NOT_SCANNED_YET","Use Phase A semantic references index; file path alone is not evidence of SQL reads/writes"
"src/Jularr.Web/Pages/Admin/_AdminMediaSettingsFields.cshtml","UI:Admin","RAZOR_VIEW","SOURCE_PATH_INDEXED_NOT_PROVEN_DB_USAGE","PHASE_E_OWNER_MAPPING_PENDING","NOT_SCANNED_YET","Use Phase A semantic references index; file path alone is not evidence of SQL reads/writes"
"src/Jularr.Web/Pages/Admin/_AdminSearchResults.cshtml","UI:Admin","RAZOR_VIEW","SOURCE_PATH_INDEXED_NOT_PROVEN_DB_USAGE","PHASE_E_OWNER_MAPPING_PENDING","NOT_SCANNED_YET","Use Phase A semantic references index; file path alone is not evidence of SQL reads/writes"
"src/Jularr.Web/Pages/Admin/_AdminVideoFiles.cshtml","UI:Admin","RAZOR_VIEW","SOURCE_PATH_INDEXED_NOT_PROVEN_DB_USAGE","PHASE_E_OWNER_MAPPING_PENDING","NOT_SCANNED_YET","Use Phase A semantic references index; file path alone is not evidence of SQL reads/writes"
"src/Jularr.Web/Pages/Admin/_ApplicationPerformance.cshtml","UI:Admin","RAZOR_VIEW","SOURCE_PATH_INDEXED_NOT_PROVEN_DB_USAGE","PHASE_E_OWNER_MAPPING_PENDING","NOT_SCANNED_YET","Use Phase A semantic references index; file path alone is not evidence of SQL reads/writes"
"src/Jularr.Web/Pages/Admin/_DashboardSparkline.cshtml","UI:Admin","RAZOR_VIEW","SOURCE_PATH_INDEXED_NOT_PROVEN_DB_USAGE","PHASE_E_OWNER_MAPPING_PENDING","NOT_SCANNED_YET","Use Phase A semantic references index; file path alone is not evidence of SQL reads/writes"
"src/Jularr.Web/Pages/Admin/_HistoryIcon.cshtml","UI:Admin","RAZOR_VIEW","SOURCE_PATH_INDEXED_NOT_PROVEN_DB_USAGE","PHASE_E_OWNER_MAPPING_PENDING","NOT_SCANNED_YET","Use Phase A semantic references index; file path alone is not evidence of SQL reads/writes"
"src/Jularr.Web/Pages/Admin/_ManualReleaseTable.cshtml","UI:Admin","RAZOR_VIEW","SOURCE_PATH_INDEXED_NOT_PROVEN_DB_USAGE","PHASE_E_OWNER_MAPPING_PENDING","NOT_SCANNED_YET","Use Phase A semantic references index; file path alone is not evidence of SQL reads/writes"
"src/Jularr.Web/Pages/Admin/_ManualSearchDetail.cshtml","UI:Admin","RAZOR_VIEW","SOURCE_PATH_INDEXED_NOT_PROVEN_DB_USAGE","PHASE_E_OWNER_MAPPING_PENDING","NOT_SCANNED_YET","Use Phase A semantic references index; file path alone is not evidence of SQL reads/writes"
"src/Jularr.Web/Pages/Admin/_ManualSearchIcon.cshtml","UI:Admin","RAZOR_VIEW","SOURCE_PATH_INDEXED_NOT_PROVEN_DB_USAGE","PHASE_E_OWNER_MAPPING_PENDING","NOT_SCANNED_YET","Use Phase A semantic references index; file path alone is not evidence of SQL reads/writes"
"src/Jularr.Web/Pages/Admin/_ReadingUnitControls.cshtml","UI:Admin","RAZOR_VIEW","SOURCE_PATH_INDEXED_NOT_PROVEN_DB_USAGE","PHASE_E_OWNER_MAPPING_PENDING","NOT_SCANNED_YET","Use Phase A semantic references index; file path alone is not evidence of SQL reads/writes"
"src/Jularr.Web/Pages/Admin/_ReadingUnitRow.cshtml","UI:Admin","RAZOR_VIEW","SOURCE_PATH_INDEXED_NOT_PROVEN_DB_USAGE","PHASE_E_OWNER_MAPPING_PENDING","NOT_SCANNED_YET","Use Phase A semantic references index; file path alone is not evidence of SQL reads/writes"
"src/Jularr.Web/Pages/Admin/_ReadingUnitTags.cshtml","UI:Admin","RAZOR_VIEW","SOURCE_PATH_INDEXED_NOT_PROVEN_DB_USAGE","PHASE_E_OWNER_MAPPING_PENDING","NOT_SCANNED_YET","Use Phase A semantic references index; file path alone is not evidence of SQL reads/writes"
"src/Jularr.Web/Pages/Admin/_ReadingWork.cshtml","UI:Admin","RAZOR_VIEW","SOURCE_PATH_INDEXED_NOT_PROVEN_DB_USAGE","PHASE_E_OWNER_MAPPING_PENDING","NOT_SCANNED_YET","Use Phase A semantic references index; file path alone is not evidence of SQL reads/writes"
"src/Jularr.Web/Pages/Admin/_RequestLanguage.cshtml","UI:Admin","RAZOR_VIEW","SOURCE_PATH_INDEXED_NOT_PROVEN_DB_USAGE","PHASE_E_OWNER_MAPPING_PENDING","NOT_SCANNED_YET","Use Phase A semantic references index; file path alone is not evidence of SQL reads/writes"
"src/Jularr.Web/Pages/Admin/_RequestRequester.cshtml","UI:Admin","RAZOR_VIEW","SOURCE_PATH_INDEXED_NOT_PROVEN_DB_USAGE","PHASE_E_OWNER_MAPPING_PENDING","NOT_SCANNED_YET","Use Phase A semantic references index; file path alone is not evidence of SQL reads/writes"
"src/Jularr.Web/Pages/Admin/_RequestStatusIcon.cshtml","UI:Admin","RAZOR_VIEW","SOURCE_PATH_INDEXED_NOT_PROVEN_DB_USAGE","PHASE_E_OWNER_MAPPING_PENDING","NOT_SCANNED_YET","Use Phase A semantic references index; file path alone is not evidence of SQL reads/writes"
"src/Jularr.Web/Pages/Admin/_RequestTypeTag.cshtml","UI:Admin","RAZOR_VIEW","SOURCE_PATH_INDEXED_NOT_PROVEN_DB_USAGE","PHASE_E_OWNER_MAPPING_PENDING","NOT_SCANNED_YET","Use Phase A semantic references index; file path alone is not evidence of SQL reads/writes"
"src/Jularr.Web/Pages/Admin/_ResourceGrid.cshtml","UI:Admin","RAZOR_VIEW","SOURCE_PATH_INDEXED_NOT_PROVEN_DB_USAGE","PHASE_E_OWNER_MAPPING_PENDING","NOT_SCANNED_YET","Use Phase A semantic references index; file path alone is not evidence of SQL reads/writes"
"src/Jularr.Web/Pages/Admin/_WantedIcon.cshtml","UI:Admin","RAZOR_VIEW","SOURCE_PATH_INDEXED_NOT_PROVEN_DB_USAGE","PHASE_E_OWNER_MAPPING_PENDING","NOT_SCANNED_YET","Use Phase A semantic references index; file path alone is not evidence of SQL reads/writes"
"src/Jularr.Web/Pages/Appearance/Accent.cshtml","UI:Appearance","RAZOR_VIEW","SOURCE_PATH_INDEXED_NOT_PROVEN_DB_USAGE","PHASE_E_OWNER_MAPPING_PENDING","NOT_SCANNED_YET","Use Phase A semantic references index; file path alone is not evidence of SQL reads/writes"
"src/Jularr.Web/Pages/Appearance/Accent.cshtml.cs","UI:Appearance","RAZOR_VIEW","SOURCE_PATH_INDEXED_NOT_PROVEN_DB_USAGE","PHASE_E_OWNER_MAPPING_PENDING","NOT_SCANNED_YET","Use Phase A semantic references index; file path alone is not evidence of SQL reads/writes"
"src/Jularr.Web/Pages/Appearance/Sakura.cshtml","UI:Appearance","RAZOR_VIEW","SOURCE_PATH_INDEXED_NOT_PROVEN_DB_USAGE","PHASE_E_OWNER_MAPPING_PENDING","NOT_SCANNED_YET","Use Phase A semantic references index; file path alone is not evidence of SQL reads/writes"
"src/Jularr.Web/Pages/Appearance/Sakura.cshtml.cs","UI:Appearance","RAZOR_VIEW","SOURCE_PATH_INDEXED_NOT_PROVEN_DB_USAGE","PHASE_E_OWNER_MAPPING_PENDING","NOT_SCANNED_YET","Use Phase A semantic references index; file path alone is not evidence of SQL reads/writes"
"src/Jularr.Web/Pages/Appearance/Theme.cshtml","UI:Appearance","RAZOR_VIEW","SOURCE_PATH_INDEXED_NOT_PROVEN_DB_USAGE","PHASE_E_OWNER_MAPPING_PENDING","NOT_SCANNED_YET","Use Phase A semantic references index; file path alone is not evidence of SQL reads/writes"
"src/Jularr.Web/Pages/Appearance/Theme.cshtml.cs","UI:Appearance","RAZOR_VIEW","SOURCE_PATH_INDEXED_NOT_PROVEN_DB_USAGE","PHASE_E_OWNER_MAPPING_PENDING","NOT_SCANNED_YET","Use Phase A semantic references index; file path alone is not evidence of SQL reads/writes"
"src/Jularr.Web/Pages/Artwork/Anime.cshtml","UI:Artwork","RAZOR_VIEW","SOURCE_PATH_INDEXED_NOT_PROVEN_DB_USAGE","PHASE_E_OWNER_MAPPING_PENDING","NOT_SCANNED_YET","Use Phase A semantic references index; file path alone is not evidence of SQL reads/writes"
"src/Jularr.Web/Pages/Artwork/Anime.cshtml.cs","UI:Artwork","RAZOR_VIEW","SOURCE_PATH_INDEXED_NOT_PROVEN_DB_USAGE","PHASE_E_OWNER_MAPPING_PENDING","NOT_SCANNED_YET","Use Phase A semantic references index; file path alone is not evidence of SQL reads/writes"
"src/Jularr.Web/Pages/Artwork/Work.cshtml","UI:Artwork","RAZOR_VIEW","SOURCE_PATH_INDEXED_NOT_PROVEN_DB_USAGE","PHASE_E_OWNER_MAPPING_PENDING","NOT_SCANNED_YET","Use Phase A semantic references index; file path alone is not evidence of SQL reads/writes"
"src/Jularr.Web/Pages/Artwork/Work.cshtml.cs","UI:Artwork","RAZOR_VIEW","SOURCE_PATH_INDEXED_NOT_PROVEN_DB_USAGE","PHASE_E_OWNER_MAPPING_PENDING","NOT_SCANNED_YET","Use Phase A semantic references index; file path alone is not evidence of SQL reads/writes"
"src/Jularr.Web/Pages/Books/ChapterArt.cshtml","UI:Books","RAZOR_VIEW","SOURCE_PATH_INDEXED_NOT_PROVEN_DB_USAGE","PHASE_E_OWNER_MAPPING_PENDING","NOT_SCANNED_YET","Use Phase A semantic references index; file path alone is not evidence of SQL reads/writes"
"src/Jularr.Web/Pages/Books/ChapterArt.cshtml.cs","UI:Books","RAZOR_VIEW","SOURCE_PATH_INDEXED_NOT_PROVEN_DB_USAGE","PHASE_E_OWNER_MAPPING_PENDING","NOT_SCANNED_YET","Use Phase A semantic references index; file path alone is not evidence of SQL reads/writes"
"src/Jularr.Web/Pages/Books/Cover.cshtml","UI:Books","RAZOR_VIEW","SOURCE_PATH_INDEXED_NOT_PROVEN_DB_USAGE","PHASE_E_OWNER_MAPPING_PENDING","NOT_SCANNED_YET","Use Phase A semantic references index; file path alone is not evidence of SQL reads/writes"
"src/Jularr.Web/Pages/Books/Cover.cshtml.cs","UI:Books","RAZOR_VIEW","SOURCE_PATH_INDEXED_NOT_PROVEN_DB_USAGE","PHASE_E_OWNER_MAPPING_PENDING","NOT_SCANNED_YET","Use Phase A semantic references index; file path alone is not evidence of SQL reads/writes"
"src/Jularr.Web/Pages/Books/Details.cshtml","UI:Books","RAZOR_VIEW","SOURCE_PATH_INDEXED_NOT_PROVEN_DB_USAGE","PHASE_E_OWNER_MAPPING_PENDING","NOT_SCANNED_YET","Use Phase A semantic references index; file path alone is not evidence of SQL reads/writes"
"src/Jularr.Web/Pages/Books/Details.cshtml.cs","UI:Books","RAZOR_VIEW","SOURCE_PATH_INDEXED_NOT_PROVEN_DB_USAGE","PHASE_E_OWNER_MAPPING_PENDING","NOT_SCANNED_YET","Use Phase A semantic references index; file path alone is not evidence of SQL reads/writes"
"src/Jularr.Web/Pages/Books/File.cshtml","UI:Books","RAZOR_VIEW","SOURCE_PATH_INDEXED_NOT_PROVEN_DB_USAGE","PHASE_E_OWNER_MAPPING_PENDING","NOT_SCANNED_YET","Use Phase A semantic references index; file path alone is not evidence of SQL reads/writes"
"src/Jularr.Web/Pages/Books/File.cshtml.cs","UI:Books","RAZOR_VIEW","SOURCE_PATH_INDEXED_NOT_PROVEN_DB_USAGE","PHASE_E_OWNER_MAPPING_PENDING","NOT_SCANNED_YET","Use Phase A semantic references index; file path alone is not evidence of SQL reads/writes"
"src/Jularr.Web/Pages/Books/ForYou.cshtml","UI:Books","RAZOR_VIEW","SOURCE_PATH_INDEXED_NOT_PROVEN_DB_USAGE","PHASE_E_OWNER_MAPPING_PENDING","NOT_SCANNED_YET","Use Phase A semantic references index; file path alone is not evidence of SQL reads/writes"
"src/Jularr.Web/Pages/Books/ForYou.cshtml.cs","UI:Books","RAZOR_VIEW","SOURCE_PATH_INDEXED_NOT_PROVEN_DB_USAGE","PHASE_E_OWNER_MAPPING_PENDING","NOT_SCANNED_YET","Use Phase A semantic references index; file path alone is not evidence of SQL reads/writes"
"src/Jularr.Web/Pages/Books/Index.cshtml","UI:Books","RAZOR_VIEW","SOURCE_PATH_INDEXED_NOT_PROVEN_DB_USAGE","PHASE_E_OWNER_MAPPING_PENDING","NOT_SCANNED_YET","Use Phase A semantic references index; file path alone is not evidence of SQL reads/writes"
"src/Jularr.Web/Pages/Books/Index.cshtml.cs","UI:Books","RAZOR_VIEW","SOURCE_PATH_INDEXED_NOT_PROVEN_DB_USAGE","PHASE_E_OWNER_MAPPING_PENDING","NOT_SCANNED_YET","Use Phase A semantic references index; file path alone is not evidence of SQL reads/writes"
"src/Jularr.Web/Pages/Books/Integrations.cshtml","UI:Books","RAZOR_VIEW","SOURCE_PATH_INDEXED_NOT_PROVEN_DB_USAGE","PHASE_E_OWNER_MAPPING_PENDING","NOT_SCANNED_YET","Use Phase A semantic references index; file path alone is not evidence of SQL reads/writes"
"src/Jularr.Web/Pages/Books/Integrations.cshtml.cs","UI:Books","RAZOR_VIEW","SOURCE_PATH_INDEXED_NOT_PROVEN_DB_USAGE","PHASE_E_OWNER_MAPPING_PENDING","NOT_SCANNED_YET","Use Phase A semantic references index; file path alone is not evidence of SQL reads/writes"
"src/Jularr.Web/Pages/Books/Library.cshtml","UI:Books","RAZOR_VIEW","SOURCE_PATH_INDEXED_NOT_PROVEN_DB_USAGE","PHASE_E_OWNER_MAPPING_PENDING","NOT_SCANNED_YET","Use Phase A semantic references index; file path alone is not evidence of SQL reads/writes"
"src/Jularr.Web/Pages/Books/Library.cshtml.cs","UI:Books","RAZOR_VIEW","SOURCE_PATH_INDEXED_NOT_PROVEN_DB_USAGE","PHASE_E_OWNER_MAPPING_PENDING","NOT_SCANNED_YET","Use Phase A semantic references index; file path alone is not evidence of SQL reads/writes"
"src/Jularr.Web/Pages/Books/Read.cshtml","UI:Books","RAZOR_VIEW","SOURCE_PATH_INDEXED_NOT_PROVEN_DB_USAGE","PHASE_E_OWNER_MAPPING_PENDING","NOT_SCANNED_YET","Use Phase A semantic references index; file path alone is not evidence of SQL reads/writes"
"src/Jularr.Web/Pages/Books/Read.cshtml.cs","UI:Books","RAZOR_VIEW","SOURCE_PATH_INDEXED_NOT_PROVEN_DB_USAGE","PHASE_E_OWNER_MAPPING_PENDING","NOT_SCANNED_YET","Use Phase A semantic references index; file path alone is not evidence of SQL reads/writes"
"src/Jularr.Web/Pages/Books/Sources.cshtml","UI:Books","RAZOR_VIEW","SOURCE_PATH_INDEXED_NOT_PROVEN_DB_USAGE","PHASE_E_OWNER_MAPPING_PENDING","NOT_SCANNED_YET","Use Phase A semantic references index; file path alone is not evidence of SQL reads/writes"
"src/Jularr.Web/Pages/Books/Sources.cshtml.cs","UI:Books","RAZOR_VIEW","SOURCE_PATH_INDEXED_NOT_PROVEN_DB_USAGE","PHASE_E_OWNER_MAPPING_PENDING","NOT_SCANNED_YET","Use Phase A semantic references index; file path alone is not evidence of SQL reads/writes"
"src/Jularr.Web/Pages/Books/TranslationMemory.cshtml","UI:Books","RAZOR_VIEW","SOURCE_PATH_INDEXED_NOT_PROVEN_DB_USAGE","PHASE_E_OWNER_MAPPING_PENDING","NOT_SCANNED_YET","Use Phase A semantic references index; file path alone is not evidence of SQL reads/writes"
"src/Jularr.Web/Pages/Books/TranslationMemory.cshtml.cs","UI:Books","RAZOR_VIEW","SOURCE_PATH_INDEXED_NOT_PROVEN_DB_USAGE","PHASE_E_OWNER_MAPPING_PENDING","NOT_SCANNED_YET","Use Phase A semantic references index; file path alone is not evidence of SQL reads/writes"
"src/Jularr.Web/Pages/Calendar/Index.cshtml","UI:Calendar","RAZOR_VIEW","SOURCE_PATH_INDEXED_NOT_PROVEN_DB_USAGE","PHASE_E_OWNER_MAPPING_PENDING","NOT_SCANNED_YET","Use Phase A semantic references index; file path alone is not evidence of SQL reads/writes"
"src/Jularr.Web/Pages/Calendar/Index.cshtml.cs","UI:Calendar","RAZOR_VIEW","SOURCE_PATH_INDEXED_NOT_PROVEN_DB_USAGE","PHASE_E_OWNER_MAPPING_PENDING","NOT_SCANNED_YET","Use Phase A semantic references index; file path alone is not evidence of SQL reads/writes"
"src/Jularr.Web/Pages/Calendar/_ReleaseEventRow.cshtml","UI:Calendar","RAZOR_VIEW","SOURCE_PATH_INDEXED_NOT_PROVEN_DB_USAGE","PHASE_E_OWNER_MAPPING_PENDING","NOT_SCANNED_YET","Use Phase A semantic references index; file path alone is not evidence of SQL reads/writes"
"src/Jularr.Web/Pages/Calendar/_UpcomingReleases.cshtml","UI:Calendar","RAZOR_VIEW","SOURCE_PATH_INDEXED_NOT_PROVEN_DB_USAGE","PHASE_E_OWNER_MAPPING_PENDING","NOT_SCANNED_YET","Use Phase A semantic references index; file path alone is not evidence of SQL reads/writes"
"src/Jularr.Web/Pages/Collections/Detail.cshtml","UI:Collections","RAZOR_VIEW","SOURCE_PATH_INDEXED_NOT_PROVEN_DB_USAGE","PHASE_E_OWNER_MAPPING_PENDING","NOT_SCANNED_YET","Use Phase A semantic references index; file path alone is not evidence of SQL reads/writes"
"src/Jularr.Web/Pages/Collections/Detail.cshtml.cs","UI:Collections","RAZOR_VIEW","SOURCE_PATH_INDEXED_NOT_PROVEN_DB_USAGE","PHASE_E_OWNER_MAPPING_PENDING","NOT_SCANNED_YET","Use Phase A semantic references index; file path alone is not evidence of SQL reads/writes"
"src/Jularr.Web/Pages/Collections/Index.cshtml","UI:Collections","RAZOR_VIEW","SOURCE_PATH_INDEXED_NOT_PROVEN_DB_USAGE","PHASE_E_OWNER_MAPPING_PENDING","NOT_SCANNED_YET","Use Phase A semantic references index; file path alone is not evidence of SQL reads/writes"
"src/Jularr.Web/Pages/Collections/Index.cshtml.cs","UI:Collections","RAZOR_VIEW","SOURCE_PATH_INDEXED_NOT_PROVEN_DB_USAGE","PHASE_E_OWNER_MAPPING_PENDING","NOT_SCANNED_YET","Use Phase A semantic references index; file path alone is not evidence of SQL reads/writes"
"src/Jularr.Web/Pages/Collections/Rules.cshtml","UI:Collections","RAZOR_VIEW","SOURCE_PATH_INDEXED_NOT_PROVEN_DB_USAGE","PHASE_E_OWNER_MAPPING_PENDING","NOT_SCANNED_YET","Use Phase A semantic references index; file path alone is not evidence of SQL reads/writes"
"src/Jularr.Web/Pages/Collections/Rules.cshtml.cs","UI:Collections","RAZOR_VIEW","SOURCE_PATH_INDEXED_NOT_PROVEN_DB_USAGE","PHASE_E_OWNER_MAPPING_PENDING","NOT_SCANNED_YET","Use Phase A semantic references index; file path alone is not evidence of SQL reads/writes"
"src/Jularr.Web/Pages/Companion/Index.cshtml","UI:Companion","RAZOR_VIEW","SOURCE_PATH_INDEXED_NOT_PROVEN_DB_USAGE","PHASE_E_OWNER_MAPPING_PENDING","NOT_SCANNED_YET","Use Phase A semantic references index; file path alone is not evidence of SQL reads/writes"
"src/Jularr.Web/Pages/Companion/Index.cshtml.cs","UI:Companion","RAZOR_VIEW","SOURCE_PATH_INDEXED_NOT_PROVEN_DB_USAGE","PHASE_E_OWNER_MAPPING_PENDING","NOT_SCANNED_YET","Use Phase A semantic references index; file path alone is not evidence of SQL reads/writes"
"src/Jularr.Web/Pages/Discover/Index.cshtml","UI:Discover","RAZOR_VIEW","SOURCE_PATH_INDEXED_NOT_PROVEN_DB_USAGE","PHASE_E_OWNER_MAPPING_PENDING","NOT_SCANNED_YET","Use Phase A semantic references index; file path alone is not evidence of SQL reads/writes"
"src/Jularr.Web/Pages/Discover/Index.cshtml.cs","UI:Discover","RAZOR_VIEW","SOURCE_PATH_INDEXED_NOT_PROVEN_DB_USAGE","PHASE_E_OWNER_MAPPING_PENDING","NOT_SCANNED_YET","Use Phase A semantic references index; file path alone is not evidence of SQL reads/writes"
"src/Jularr.Web/Pages/Discover/MangaImport.cshtml","UI:Discover","RAZOR_VIEW","SOURCE_PATH_INDEXED_NOT_PROVEN_DB_USAGE","PHASE_E_OWNER_MAPPING_PENDING","NOT_SCANNED_YET","Use Phase A semantic references index; file path alone is not evidence of SQL reads/writes"
"src/Jularr.Web/Pages/Discover/MangaImport.cshtml.cs","UI:Discover","RAZOR_VIEW","SOURCE_PATH_INDEXED_NOT_PROVEN_DB_USAGE","PHASE_E_OWNER_MAPPING_PENDING","NOT_SCANNED_YET","Use Phase A semantic references index; file path alone is not evidence of SQL reads/writes"
"src/Jularr.Web/Pages/Index.Discover.cs","UI:Index.Discover.cs","RAZOR_PAGE_MODEL","SOURCE_PATH_INDEXED_NOT_PROVEN_DB_USAGE","PHASE_E_OWNER_MAPPING_PENDING","NOT_SCANNED_YET","Use Phase A semantic references index; file path alone is not evidence of SQL reads/writes"
"src/Jularr.Web/Pages/Index.cshtml","UI:Index.cshtml","RAZOR_VIEW","SOURCE_PATH_INDEXED_NOT_PROVEN_DB_USAGE","PHASE_E_OWNER_MAPPING_PENDING","NOT_SCANNED_YET","Use Phase A semantic references index; file path alone is not evidence of SQL reads/writes"
"src/Jularr.Web/Pages/Index.cshtml.cs","UI:Index.cshtml.cs","RAZOR_VIEW","SOURCE_PATH_INDEXED_NOT_PROVEN_DB_USAGE","PHASE_E_OWNER_MAPPING_PENDING","NOT_SCANNED_YET","Use Phase A semantic references index; file path alone is not evidence of SQL reads/writes"
"src/Jularr.Web/Pages/Kana/Index.cshtml","UI:Kana","RAZOR_VIEW","SOURCE_PATH_INDEXED_NOT_PROVEN_DB_USAGE","PHASE_E_OWNER_MAPPING_PENDING","NOT_SCANNED_YET","Use Phase A semantic references index; file path alone is not evidence of SQL reads/writes"
"src/Jularr.Web/Pages/Kana/Index.cshtml.cs","UI:Kana","RAZOR_VIEW","SOURCE_PATH_INDEXED_NOT_PROVEN_DB_USAGE","PHASE_E_OWNER_MAPPING_PENDING","NOT_SCANNED_YET","Use Phase A semantic references index; file path alone is not evidence of SQL reads/writes"
"src/Jularr.Web/Pages/Kana/Legacy.cshtml","UI:Kana","RAZOR_VIEW","SOURCE_PATH_INDEXED_NOT_PROVEN_DB_USAGE","PHASE_E_OWNER_MAPPING_PENDING","NOT_SCANNED_YET","Use Phase A semantic references index; file path alone is not evidence of SQL reads/writes"
"src/Jularr.Web/Pages/Kana/Legacy.cshtml.cs","UI:Kana","RAZOR_VIEW","SOURCE_PATH_INDEXED_NOT_PROVEN_DB_USAGE","PHASE_E_OWNER_MAPPING_PENDING","NOT_SCANNED_YET","Use Phase A semantic references index; file path alone is not evidence of SQL reads/writes"
"src/Jularr.Web/Pages/Learn/Index.cshtml","UI:Learn","RAZOR_VIEW","SOURCE_PATH_INDEXED_NOT_PROVEN_DB_USAGE","PHASE_E_OWNER_MAPPING_PENDING","NOT_SCANNED_YET","Use Phase A semantic references index; file path alone is not evidence of SQL reads/writes"
"src/Jularr.Web/Pages/Learn/Index.cshtml.cs","UI:Learn","RAZOR_VIEW","SOURCE_PATH_INDEXED_NOT_PROVEN_DB_USAGE","PHASE_E_OWNER_MAPPING_PENDING","NOT_SCANNED_YET","Use Phase A semantic references index; file path alone is not evidence of SQL reads/writes"
"src/Jularr.Web/Pages/Learn/LearningModuleGate.cs","UI:Learn","RAZOR_PAGE_MODEL","SOURCE_PATH_INDEXED_NOT_PROVEN_DB_USAGE","PHASE_E_OWNER_MAPPING_PENDING","NOT_SCANNED_YET","Use Phase A semantic references index; file path alone is not evidence of SQL reads/writes"
"src/Jularr.Web/Pages/Learn/Progress.cshtml","UI:Learn","RAZOR_VIEW","SOURCE_PATH_INDEXED_NOT_PROVEN_DB_USAGE","PHASE_E_OWNER_MAPPING_PENDING","NOT_SCANNED_YET","Use Phase A semantic references index; file path alone is not evidence of SQL reads/writes"
"src/Jularr.Web/Pages/Learn/Progress.cshtml.cs","UI:Learn","RAZOR_VIEW","SOURCE_PATH_INDEXED_NOT_PROVEN_DB_USAGE","PHASE_E_OWNER_MAPPING_PENDING","NOT_SCANNED_YET","Use Phase A semantic references index; file path alone is not evidence of SQL reads/writes"
"src/Jularr.Web/Pages/Learn/Review.cshtml","UI:Learn","RAZOR_VIEW","SOURCE_PATH_INDEXED_NOT_PROVEN_DB_USAGE","PHASE_E_OWNER_MAPPING_PENDING","NOT_SCANNED_YET","Use Phase A semantic references index; file path alone is not evidence of SQL reads/writes"
"src/Jularr.Web/Pages/Learn/Review.cshtml.cs","UI:Learn","RAZOR_VIEW","SOURCE_PATH_INDEXED_NOT_PROVEN_DB_USAGE","PHASE_E_OWNER_MAPPING_PENDING","NOT_SCANNED_YET","Use Phase A semantic references index; file path alone is not evidence of SQL reads/writes"
"src/Jularr.Web/Pages/Learn/Sentences.cshtml","UI:Learn","RAZOR_VIEW","SOURCE_PATH_INDEXED_NOT_PROVEN_DB_USAGE","PHASE_E_OWNER_MAPPING_PENDING","NOT_SCANNED_YET","Use Phase A semantic references index; file path alone is not evidence of SQL reads/writes"
"src/Jularr.Web/Pages/Learn/Sentences.cshtml.cs","UI:Learn","RAZOR_VIEW","SOURCE_PATH_INDEXED_NOT_PROVEN_DB_USAGE","PHASE_E_OWNER_MAPPING_PENDING","NOT_SCANNED_YET","Use Phase A semantic references index; file path alone is not evidence of SQL reads/writes"
"src/Jularr.Web/Pages/Learn/Vocabulary.cshtml","UI:Learn","RAZOR_VIEW","SOURCE_PATH_INDEXED_NOT_PROVEN_DB_USAGE","PHASE_E_OWNER_MAPPING_PENDING","NOT_SCANNED_YET","Use Phase A semantic references index; file path alone is not evidence of SQL reads/writes"
"src/Jularr.Web/Pages/Learn/Vocabulary.cshtml.cs","UI:Learn","RAZOR_VIEW","SOURCE_PATH_INDEXED_NOT_PROVEN_DB_USAGE","PHASE_E_OWNER_MAPPING_PENDING","NOT_SCANNED_YET","Use Phase A semantic references index; file path alone is not evidence of SQL reads/writes"
"src/Jularr.Web/Pages/Legacy/Admin/ReadingSources.cshtml","UI:Legacy","RAZOR_VIEW","SOURCE_PATH_INDEXED_NOT_PROVEN_DB_USAGE","PHASE_E_OWNER_MAPPING_PENDING","NOT_SCANNED_YET","Use Phase A semantic references index; file path alone is not evidence of SQL reads/writes"
"src/Jularr.Web/Pages/Legacy/Admin/ReadingSources.cshtml.cs","UI:Legacy","RAZOR_VIEW","SOURCE_PATH_INDEXED_NOT_PROVEN_DB_USAGE","PHASE_E_OWNER_MAPPING_PENDING","NOT_SCANNED_YET","Use Phase A semantic references index; file path alone is not evidence of SQL reads/writes"
"src/Jularr.Web/Pages/Legacy/Admin/Sonarr.cshtml","UI:Legacy","RAZOR_VIEW","SOURCE_PATH_INDEXED_NOT_PROVEN_DB_USAGE","PHASE_E_OWNER_MAPPING_PENDING","NOT_SCANNED_YET","Use Phase A semantic references index; file path alone is not evidence of SQL reads/writes"
"src/Jularr.Web/Pages/Legacy/Admin/Sonarr.cshtml.cs","UI:Legacy","RAZOR_VIEW","SOURCE_PATH_INDEXED_NOT_PROVEN_DB_USAGE","PHASE_E_OWNER_MAPPING_PENDING","NOT_SCANNED_YET","Use Phase A semantic references index; file path alone is not evidence of SQL reads/writes"
"src/Jularr.Web/Pages/Legacy/Admin/Subtitles.cshtml","UI:Legacy","RAZOR_VIEW","SOURCE_PATH_INDEXED_NOT_PROVEN_DB_USAGE","PHASE_E_OWNER_MAPPING_PENDING","NOT_SCANNED_YET","Use Phase A semantic references index; file path alone is not evidence of SQL reads/writes"
"src/Jularr.Web/Pages/Legacy/Admin/Subtitles.cshtml.cs","UI:Legacy","RAZOR_VIEW","SOURCE_PATH_INDEXED_NOT_PROVEN_DB_USAGE","PHASE_E_OWNER_MAPPING_PENDING","NOT_SCANNED_YET","Use Phase A semantic references index; file path alone is not evidence of SQL reads/writes"
"src/Jularr.Web/Pages/Legacy/Admin/_ViewImports.cshtml","UI:Legacy","RAZOR_VIEW","SOURCE_PATH_INDEXED_NOT_PROVEN_DB_USAGE","PHASE_E_OWNER_MAPPING_PENDING","NOT_SCANNED_YET","Use Phase A semantic references index; file path alone is not evidence of SQL reads/writes"
"src/Jularr.Web/Pages/Legacy/Franchises/Details.cshtml","UI:Legacy","RAZOR_VIEW","SOURCE_PATH_INDEXED_NOT_PROVEN_DB_USAGE","PHASE_E_OWNER_MAPPING_PENDING","NOT_SCANNED_YET","Use Phase A semantic references index; file path alone is not evidence of SQL reads/writes"
"src/Jularr.Web/Pages/Legacy/Franchises/Details.cshtml.cs","UI:Legacy","RAZOR_VIEW","SOURCE_PATH_INDEXED_NOT_PROVEN_DB_USAGE","PHASE_E_OWNER_MAPPING_PENDING","NOT_SCANNED_YET","Use Phase A semantic references index; file path alone is not evidence of SQL reads/writes"
"src/Jularr.Web/Pages/Legacy/Franchises/_ViewImports.cshtml","UI:Legacy","RAZOR_VIEW","SOURCE_PATH_INDEXED_NOT_PROVEN_DB_USAGE","PHASE_E_OWNER_MAPPING_PENDING","NOT_SCANNED_YET","Use Phase A semantic references index; file path alone is not evidence of SQL reads/writes"
"src/Jularr.Web/Pages/Legacy/Library/AnimeRepair.cshtml","UI:Legacy","RAZOR_VIEW","SOURCE_PATH_INDEXED_NOT_PROVEN_DB_USAGE","PHASE_E_OWNER_MAPPING_PENDING","NOT_SCANNED_YET","Use Phase A semantic references index; file path alone is not evidence of SQL reads/writes"
"src/Jularr.Web/Pages/Legacy/Library/AnimeRepair.cshtml.cs","UI:Legacy","RAZOR_VIEW","SOURCE_PATH_INDEXED_NOT_PROVEN_DB_USAGE","PHASE_E_OWNER_MAPPING_PENDING","NOT_SCANNED_YET","Use Phase A semantic references index; file path alone is not evidence of SQL reads/writes"
"src/Jularr.Web/Pages/Legacy/Library/EpisodeSegments.cshtml","UI:Legacy","RAZOR_VIEW","SOURCE_PATH_INDEXED_NOT_PROVEN_DB_USAGE","PHASE_E_OWNER_MAPPING_PENDING","NOT_SCANNED_YET","Use Phase A semantic references index; file path alone is not evidence of SQL reads/writes"
"src/Jularr.Web/Pages/Legacy/Library/EpisodeSegments.cshtml.cs","UI:Legacy","RAZOR_VIEW","SOURCE_PATH_INDEXED_NOT_PROVEN_DB_USAGE","PHASE_E_OWNER_MAPPING_PENDING","NOT_SCANNED_YET","Use Phase A semantic references index; file path alone is not evidence of SQL reads/writes"
"src/Jularr.Web/Pages/Legacy/Library/Rename.cshtml","UI:Legacy","RAZOR_VIEW","SOURCE_PATH_INDEXED_NOT_PROVEN_DB_USAGE","PHASE_E_OWNER_MAPPING_PENDING","NOT_SCANNED_YET","Use Phase A semantic references index; file path alone is not evidence of SQL reads/writes"
"src/Jularr.Web/Pages/Legacy/Library/Rename.cshtml.cs","UI:Legacy","RAZOR_VIEW","SOURCE_PATH_INDEXED_NOT_PROVEN_DB_USAGE","PHASE_E_OWNER_MAPPING_PENDING","NOT_SCANNED_YET","Use Phase A semantic references index; file path alone is not evidence of SQL reads/writes"
"src/Jularr.Web/Pages/Legacy/Library/_ViewImports.cshtml","UI:Legacy","RAZOR_VIEW","SOURCE_PATH_INDEXED_NOT_PROVEN_DB_USAGE","PHASE_E_OWNER_MAPPING_PENDING","NOT_SCANNED_YET","Use Phase A semantic references index; file path alone is not evidence of SQL reads/writes"
"src/Jularr.Web/Pages/Legacy/Settings/Books.cshtml","UI:Legacy","RAZOR_VIEW","SOURCE_PATH_INDEXED_NOT_PROVEN_DB_USAGE","PHASE_E_OWNER_MAPPING_PENDING","NOT_SCANNED_YET","Use Phase A semantic references index; file path alone is not evidence of SQL reads/writes"
"src/Jularr.Web/Pages/Legacy/Settings/Books.cshtml.cs","UI:Legacy","RAZOR_VIEW","SOURCE_PATH_INDEXED_NOT_PROVEN_DB_USAGE","PHASE_E_OWNER_MAPPING_PENDING","NOT_SCANNED_YET","Use Phase A semantic references index; file path alone is not evidence of SQL reads/writes"
"src/Jularr.Web/Pages/Legacy/Settings/DownloadClients/Edit.cshtml","UI:Legacy","RAZOR_VIEW","SOURCE_PATH_INDEXED_NOT_PROVEN_DB_USAGE","PHASE_E_OWNER_MAPPING_PENDING","NOT_SCANNED_YET","Use Phase A semantic references index; file path alone is not evidence of SQL reads/writes"
"src/Jularr.Web/Pages/Legacy/Settings/DownloadClients/Edit.cshtml.cs","UI:Legacy","RAZOR_VIEW","SOURCE_PATH_INDEXED_NOT_PROVEN_DB_USAGE","PHASE_E_OWNER_MAPPING_PENDING","NOT_SCANNED_YET","Use Phase A semantic references index; file path alone is not evidence of SQL reads/writes"
"src/Jularr.Web/Pages/Legacy/Settings/Indexers/Edit.cshtml","UI:Legacy","RAZOR_VIEW","SOURCE_PATH_INDEXED_NOT_PROVEN_DB_USAGE","PHASE_E_OWNER_MAPPING_PENDING","NOT_SCANNED_YET","Use Phase A semantic references index; file path alone is not evidence of SQL reads/writes"
"src/Jularr.Web/Pages/Legacy/Settings/Indexers/Edit.cshtml.cs","UI:Legacy","RAZOR_VIEW","SOURCE_PATH_INDEXED_NOT_PROVEN_DB_USAGE","PHASE_E_OWNER_MAPPING_PENDING","NOT_SCANNED_YET","Use Phase A semantic references index; file path alone is not evidence of SQL reads/writes"
"src/Jularr.Web/Pages/Legacy/Settings/Language.cshtml","UI:Legacy","RAZOR_VIEW","SOURCE_PATH_INDEXED_NOT_PROVEN_DB_USAGE","PHASE_E_OWNER_MAPPING_PENDING","NOT_SCANNED_YET","Use Phase A semantic references index; file path alone is not evidence of SQL reads/writes"
"src/Jularr.Web/Pages/Legacy/Settings/Language.cshtml.cs","UI:Legacy","RAZOR_VIEW","SOURCE_PATH_INDEXED_NOT_PROVEN_DB_USAGE","PHASE_E_OWNER_MAPPING_PENDING","NOT_SCANNED_YET","Use Phase A semantic references index; file path alone is not evidence of SQL reads/writes"
"src/Jularr.Web/Pages/Legacy/Settings/MappingReview.cshtml","UI:Legacy","RAZOR_VIEW","SOURCE_PATH_INDEXED_NOT_PROVEN_DB_USAGE","PHASE_E_OWNER_MAPPING_PENDING","NOT_SCANNED_YET","Use Phase A semantic references index; file path alone is not evidence of SQL reads/writes"
"src/Jularr.Web/Pages/Legacy/Settings/MappingReview.cshtml.cs","UI:Legacy","RAZOR_VIEW","SOURCE_PATH_INDEXED_NOT_PROVEN_DB_USAGE","PHASE_E_OWNER_MAPPING_PENDING","NOT_SCANNED_YET","Use Phase A semantic references index; file path alone is not evidence of SQL reads/writes"
"src/Jularr.Web/Pages/Legacy/Settings/MappingSegments.cshtml","UI:Legacy","RAZOR_VIEW","SOURCE_PATH_INDEXED_NOT_PROVEN_DB_USAGE","PHASE_E_OWNER_MAPPING_PENDING","NOT_SCANNED_YET","Use Phase A semantic references index; file path alone is not evidence of SQL reads/writes"
"src/Jularr.Web/Pages/Legacy/Settings/MappingSegments.cshtml.cs","UI:Legacy","RAZOR_VIEW","SOURCE_PATH_INDEXED_NOT_PROVEN_DB_USAGE","PHASE_E_OWNER_MAPPING_PENDING","NOT_SCANNED_YET","Use Phase A semantic references index; file path alone is not evidence of SQL reads/writes"
"src/Jularr.Web/Pages/Legacy/Settings/Naming.cshtml","UI:Legacy","RAZOR_VIEW","SOURCE_PATH_INDEXED_NOT_PROVEN_DB_USAGE","PHASE_E_OWNER_MAPPING_PENDING","NOT_SCANNED_YET","Use Phase A semantic references index; file path alone is not evidence of SQL reads/writes"
"src/Jularr.Web/Pages/Legacy/Settings/Naming.cshtml.cs","UI:Legacy","RAZOR_VIEW","SOURCE_PATH_INDEXED_NOT_PROVEN_DB_USAGE","PHASE_E_OWNER_MAPPING_PENDING","NOT_SCANNED_YET","Use Phase A semantic references index; file path alone is not evidence of SQL reads/writes"
"src/Jularr.Web/Pages/Legacy/Settings/ReadingNaming.cshtml","UI:Legacy","RAZOR_VIEW","SOURCE_PATH_INDEXED_NOT_PROVEN_DB_USAGE","PHASE_E_OWNER_MAPPING_PENDING","NOT_SCANNED_YET","Use Phase A semantic references index; file path alone is not evidence of SQL reads/writes"
"src/Jularr.Web/Pages/Legacy/Settings/ReadingNaming.cshtml.cs","UI:Legacy","RAZOR_VIEW","SOURCE_PATH_INDEXED_NOT_PROVEN_DB_USAGE","PHASE_E_OWNER_MAPPING_PENDING","NOT_SCANNED_YET","Use Phase A semantic references index; file path alone is not evidence of SQL reads/writes"
"src/Jularr.Web/Pages/Legacy/Settings/Subtitles.cshtml","UI:Legacy","RAZOR_VIEW","SOURCE_PATH_INDEXED_NOT_PROVEN_DB_USAGE","PHASE_E_OWNER_MAPPING_PENDING","NOT_SCANNED_YET","Use Phase A semantic references index; file path alone is not evidence of SQL reads/writes"
"src/Jularr.Web/Pages/Legacy/Settings/Subtitles.cshtml.cs","UI:Legacy","RAZOR_VIEW","SOURCE_PATH_INDEXED_NOT_PROVEN_DB_USAGE","PHASE_E_OWNER_MAPPING_PENDING","NOT_SCANNED_YET","Use Phase A semantic references index; file path alone is not evidence of SQL reads/writes"
"src/Jularr.Web/Pages/Legacy/Settings/_ViewImports.cshtml","UI:Legacy","RAZOR_VIEW","SOURCE_PATH_INDEXED_NOT_PROVEN_DB_USAGE","PHASE_E_OWNER_MAPPING_PENDING","NOT_SCANNED_YET","Use Phase A semantic references index; file path alone is not evidence of SQL reads/writes"
"src/Jularr.Web/Pages/Legacy/Watchlist/Index.cshtml","UI:Legacy","RAZOR_VIEW","SOURCE_PATH_INDEXED_NOT_PROVEN_DB_USAGE","PHASE_E_OWNER_MAPPING_PENDING","NOT_SCANNED_YET","Use Phase A semantic references index; file path alone is not evidence of SQL reads/writes"
"src/Jularr.Web/Pages/Legacy/Watchlist/Index.cshtml.cs","UI:Legacy","RAZOR_VIEW","SOURCE_PATH_INDEXED_NOT_PROVEN_DB_USAGE","PHASE_E_OWNER_MAPPING_PENDING","NOT_SCANNED_YET","Use Phase A semantic references index; file path alone is not evidence of SQL reads/writes"
"src/Jularr.Web/Pages/Legacy/Watchlist/_ViewImports.cshtml","UI:Legacy","RAZOR_VIEW","SOURCE_PATH_INDEXED_NOT_PROVEN_DB_USAGE","PHASE_E_OWNER_MAPPING_PENDING","NOT_SCANNED_YET","Use Phase A semantic references index; file path alone is not evidence of SQL reads/writes"
"src/Jularr.Web/Pages/Library/Anime.cshtml","UI:Library","RAZOR_VIEW","SOURCE_PATH_INDEXED_NOT_PROVEN_DB_USAGE","PHASE_E_OWNER_MAPPING_PENDING","NOT_SCANNED_YET","Use Phase A semantic references index; file path alone is not evidence of SQL reads/writes"
"src/Jularr.Web/Pages/Library/Anime.cshtml.cs","UI:Library","RAZOR_VIEW","SOURCE_PATH_INDEXED_NOT_PROVEN_DB_USAGE","PHASE_E_OWNER_MAPPING_PENDING","NOT_SCANNED_YET","Use Phase A semantic references index; file path alone is not evidence of SQL reads/writes"
"src/Jularr.Web/Pages/Library/Episode.cshtml","UI:Library","RAZOR_VIEW","SOURCE_PATH_INDEXED_NOT_PROVEN_DB_USAGE","PHASE_E_OWNER_MAPPING_PENDING","NOT_SCANNED_YET","Use Phase A semantic references index; file path alone is not evidence of SQL reads/writes"
"src/Jularr.Web/Pages/Library/Episode.cshtml.cs","UI:Library","RAZOR_VIEW","SOURCE_PATH_INDEXED_NOT_PROVEN_DB_USAGE","PHASE_E_OWNER_MAPPING_PENDING","NOT_SCANNED_YET","Use Phase A semantic references index; file path alone is not evidence of SQL reads/writes"
"src/Jularr.Web/Pages/Library/Index.cshtml","UI:Library","RAZOR_VIEW","SOURCE_PATH_INDEXED_NOT_PROVEN_DB_USAGE","PHASE_E_OWNER_MAPPING_PENDING","NOT_SCANNED_YET","Use Phase A semantic references index; file path alone is not evidence of SQL reads/writes"
"src/Jularr.Web/Pages/Library/Index.cshtml.cs","UI:Library","RAZOR_VIEW","SOURCE_PATH_INDEXED_NOT_PROVEN_DB_USAGE","PHASE_E_OWNER_MAPPING_PENDING","NOT_SCANNED_YET","Use Phase A semantic references index; file path alone is not evidence of SQL reads/writes"
"src/Jularr.Web/Pages/Library/InstantPlayActionView.cs","UI:Library","RAZOR_PAGE_MODEL","SOURCE_PATH_INDEXED_NOT_PROVEN_DB_USAGE","PHASE_E_OWNER_MAPPING_PENDING","NOT_SCANNED_YET","Use Phase A semantic references index; file path alone is not evidence of SQL reads/writes"
"src/Jularr.Web/Pages/Library/Movie.cshtml","UI:Library","RAZOR_VIEW","SOURCE_PATH_INDEXED_NOT_PROVEN_DB_USAGE","PHASE_E_OWNER_MAPPING_PENDING","NOT_SCANNED_YET","Use Phase A semantic references index; file path alone is not evidence of SQL reads/writes"
"src/Jularr.Web/Pages/Library/Movie.cshtml.cs","UI:Library","RAZOR_VIEW","SOURCE_PATH_INDEXED_NOT_PROVEN_DB_USAGE","PHASE_E_OWNER_MAPPING_PENDING","NOT_SCANNED_YET","Use Phase A semantic references index; file path alone is not evidence of SQL reads/writes"
"src/Jularr.Web/Pages/Library/PresentationGroups.cshtml","UI:Library","RAZOR_VIEW","SOURCE_PATH_INDEXED_NOT_PROVEN_DB_USAGE","PHASE_E_OWNER_MAPPING_PENDING","NOT_SCANNED_YET","Use Phase A semantic references index; file path alone is not evidence of SQL reads/writes"
"src/Jularr.Web/Pages/Library/PresentationGroups.cshtml.cs","UI:Library","RAZOR_VIEW","SOURCE_PATH_INDEXED_NOT_PROVEN_DB_USAGE","PHASE_E_OWNER_MAPPING_PENDING","NOT_SCANNED_YET","Use Phase A semantic references index; file path alone is not evidence of SQL reads/writes"
"src/Jularr.Web/Pages/Library/Series.cshtml","UI:Library","RAZOR_VIEW","SOURCE_PATH_INDEXED_NOT_PROVEN_DB_USAGE","PHASE_E_OWNER_MAPPING_PENDING","NOT_SCANNED_YET","Use Phase A semantic references index; file path alone is not evidence of SQL reads/writes"
"src/Jularr.Web/Pages/Library/Series.cshtml.cs","UI:Library","RAZOR_VIEW","SOURCE_PATH_INDEXED_NOT_PROVEN_DB_USAGE","PHASE_E_OWNER_MAPPING_PENDING","NOT_SCANNED_YET","Use Phase A semantic references index; file path alone is not evidence of SQL reads/writes"
"src/Jularr.Web/Pages/Library/VideoDetailPageModel.cs","UI:Library","RAZOR_PAGE_MODEL","SOURCE_PATH_INDEXED_NOT_PROVEN_DB_USAGE","PHASE_E_OWNER_MAPPING_PENDING","NOT_SCANNED_YET","Use Phase A semantic references index; file path alone is not evidence of SQL reads/writes"
"src/Jularr.Web/Pages/Library/Watch.cshtml","UI:Library","RAZOR_VIEW","SOURCE_PATH_INDEXED_NOT_PROVEN_DB_USAGE","PHASE_E_OWNER_MAPPING_PENDING","NOT_SCANNED_YET","Use Phase A semantic references index; file path alone is not evidence of SQL reads/writes"
"src/Jularr.Web/Pages/Library/Watch.cshtml.cs","UI:Library","RAZOR_VIEW","SOURCE_PATH_INDEXED_NOT_PROVEN_DB_USAGE","PHASE_E_OWNER_MAPPING_PENDING","NOT_SCANNED_YET","Use Phase A semantic references index; file path alone is not evidence of SQL reads/writes"
"src/Jularr.Web/Pages/Library/WatchlistActionView.cs","UI:Library","RAZOR_PAGE_MODEL","SOURCE_PATH_INDEXED_NOT_PROVEN_DB_USAGE","PHASE_E_OWNER_MAPPING_PENDING","NOT_SCANNED_YET","Use Phase A semantic references index; file path alone is not evidence of SQL reads/writes"
"src/Jularr.Web/Pages/Library/_AnimeDetailIcon.cshtml","UI:Library","RAZOR_VIEW","SOURCE_PATH_INDEXED_NOT_PROVEN_DB_USAGE","PHASE_E_OWNER_MAPPING_PENDING","NOT_SCANNED_YET","Use Phase A semantic references index; file path alone is not evidence of SQL reads/writes"
"src/Jularr.Web/Pages/Library/_AnimeEpisodeCard.cshtml","UI:Library","RAZOR_VIEW","SOURCE_PATH_INDEXED_NOT_PROVEN_DB_USAGE","PHASE_E_OWNER_MAPPING_PENDING","NOT_SCANNED_YET","Use Phase A semantic references index; file path alone is not evidence of SQL reads/writes"
"src/Jularr.Web/Pages/Library/_EpisodeMediaNavigation.cshtml","UI:Library","RAZOR_VIEW","SOURCE_PATH_INDEXED_NOT_PROVEN_DB_USAGE","PHASE_E_OWNER_MAPPING_PENDING","NOT_SCANNED_YET","Use Phase A semantic references index; file path alone is not evidence of SQL reads/writes"
"src/Jularr.Web/Pages/Library/_EpisodeSubtitleSources.cshtml","UI:Library","RAZOR_VIEW","SOURCE_PATH_INDEXED_NOT_PROVEN_DB_USAGE","PHASE_E_OWNER_MAPPING_PENDING","NOT_SCANNED_YET","Use Phase A semantic references index; file path alone is not evidence of SQL reads/writes"
"src/Jularr.Web/Pages/Library/_InstantPlayAction.cshtml","UI:Library","RAZOR_VIEW","SOURCE_PATH_INDEXED_NOT_PROVEN_DB_USAGE","PHASE_E_OWNER_MAPPING_PENDING","NOT_SCANNED_YET","Use Phase A semantic references index; file path alone is not evidence of SQL reads/writes"
"src/Jularr.Web/Pages/Library/_LibraryCard.cshtml","UI:Library","RAZOR_VIEW","SOURCE_PATH_INDEXED_NOT_PROVEN_DB_USAGE","PHASE_E_OWNER_MAPPING_PENDING","NOT_SCANNED_YET","Use Phase A semantic references index; file path alone is not evidence of SQL reads/writes"
"src/Jularr.Web/Pages/Library/_LibraryCardArt.cshtml","UI:Library","RAZOR_VIEW","SOURCE_PATH_INDEXED_NOT_PROVEN_DB_USAGE","PHASE_E_OWNER_MAPPING_PENDING","NOT_SCANNED_YET","Use Phase A semantic references index; file path alone is not evidence of SQL reads/writes"
"src/Jularr.Web/Pages/Library/_LibraryCollections.cshtml","UI:Library","RAZOR_VIEW","SOURCE_PATH_INDEXED_NOT_PROVEN_DB_USAGE","PHASE_E_OWNER_MAPPING_PENDING","NOT_SCANNED_YET","Use Phase A semantic references index; file path alone is not evidence of SQL reads/writes"
"src/Jularr.Web/Pages/Library/_LibraryIcon.cshtml","UI:Library","RAZOR_VIEW","SOURCE_PATH_INDEXED_NOT_PROVEN_DB_USAGE","PHASE_E_OWNER_MAPPING_PENDING","NOT_SCANNED_YET","Use Phase A semantic references index; file path alone is not evidence of SQL reads/writes"
"src/Jularr.Web/Pages/Library/_LibraryScopeTabs.cshtml","UI:Library","RAZOR_VIEW","SOURCE_PATH_INDEXED_NOT_PROVEN_DB_USAGE","PHASE_E_OWNER_MAPPING_PENDING","NOT_SCANNED_YET","Use Phase A semantic references index; file path alone is not evidence of SQL reads/writes"
"src/Jularr.Web/Pages/Library/_VideoDetailAbout.cshtml","UI:Library","RAZOR_VIEW","SOURCE_PATH_INDEXED_NOT_PROVEN_DB_USAGE","PHASE_E_OWNER_MAPPING_PENDING","NOT_SCANNED_YET","Use Phase A semantic references index; file path alone is not evidence of SQL reads/writes"
"src/Jularr.Web/Pages/Library/_VideoDetailCast.cshtml","UI:Library","RAZOR_VIEW","SOURCE_PATH_INDEXED_NOT_PROVEN_DB_USAGE","PHASE_E_OWNER_MAPPING_PENDING","NOT_SCANNED_YET","Use Phase A semantic references index; file path alone is not evidence of SQL reads/writes"
"src/Jularr.Web/Pages/Library/_VideoDetailHero.cshtml","UI:Library","RAZOR_VIEW","SOURCE_PATH_INDEXED_NOT_PROVEN_DB_USAGE","PHASE_E_OWNER_MAPPING_PENDING","NOT_SCANNED_YET","Use Phase A semantic references index; file path alone is not evidence of SQL reads/writes"
"src/Jularr.Web/Pages/Library/_VideoDetailLayout.cshtml","UI:Library","RAZOR_VIEW","SOURCE_PATH_INDEXED_NOT_PROVEN_DB_USAGE","PHASE_E_OWNER_MAPPING_PENDING","NOT_SCANNED_YET","Use Phase A semantic references index; file path alone is not evidence of SQL reads/writes"
"src/Jularr.Web/Pages/Library/_VideoDetailRelated.cshtml","UI:Library","RAZOR_VIEW","SOURCE_PATH_INDEXED_NOT_PROVEN_DB_USAGE","PHASE_E_OWNER_MAPPING_PENDING","NOT_SCANNED_YET","Use Phase A semantic references index; file path alone is not evidence of SQL reads/writes"
"src/Jularr.Web/Pages/Library/_VideoDetailTrailer.cshtml","UI:Library","RAZOR_VIEW","SOURCE_PATH_INDEXED_NOT_PROVEN_DB_USAGE","PHASE_E_OWNER_MAPPING_PENDING","NOT_SCANNED_YET","Use Phase A semantic references index; file path alone is not evidence of SQL reads/writes"
"src/Jularr.Web/Pages/Library/_VideoEpisodeCard.cshtml","UI:Library","RAZOR_VIEW","SOURCE_PATH_INDEXED_NOT_PROVEN_DB_USAGE","PHASE_E_OWNER_MAPPING_PENDING","NOT_SCANNED_YET","Use Phase A semantic references index; file path alone is not evidence of SQL reads/writes"
"src/Jularr.Web/Pages/Library/_VideoPlayerHeading.cshtml","UI:Library","RAZOR_VIEW","SOURCE_PATH_INDEXED_NOT_PROVEN_DB_USAGE","PHASE_E_OWNER_MAPPING_PENDING","NOT_SCANNED_YET","Use Phase A semantic references index; file path alone is not evidence of SQL reads/writes"
"src/Jularr.Web/Pages/Library/_VideoPlayerScripts.cshtml","UI:Library","RAZOR_VIEW","SOURCE_PATH_INDEXED_NOT_PROVEN_DB_USAGE","PHASE_E_OWNER_MAPPING_PENDING","NOT_SCANNED_YET","Use Phase A semantic references index; file path alone is not evidence of SQL reads/writes"
"src/Jularr.Web/Pages/Library/_VideoPlayerStage.cshtml","UI:Library","RAZOR_VIEW","SOURCE_PATH_INDEXED_NOT_PROVEN_DB_USAGE","PHASE_E_OWNER_MAPPING_PENDING","NOT_SCANNED_YET","Use Phase A semantic references index; file path alone is not evidence of SQL reads/writes"
"src/Jularr.Web/Pages/Library/_WatchlistAction.cshtml","UI:Library","RAZOR_VIEW","SOURCE_PATH_INDEXED_NOT_PROVEN_DB_USAGE","PHASE_E_OWNER_MAPPING_PENDING","NOT_SCANNED_YET","Use Phase A semantic references index; file path alone is not evidence of SQL reads/writes"
"src/Jularr.Web/Pages/LocalizationAdmin/Index.cshtml","UI:LocalizationAdmin","RAZOR_VIEW","SOURCE_PATH_INDEXED_NOT_PROVEN_DB_USAGE","PHASE_E_OWNER_MAPPING_PENDING","NOT_SCANNED_YET","Use Phase A semantic references index; file path alone is not evidence of SQL reads/writes"
"src/Jularr.Web/Pages/LocalizationAdmin/Index.cshtml.cs","UI:LocalizationAdmin","RAZOR_VIEW","SOURCE_PATH_INDEXED_NOT_PROVEN_DB_USAGE","PHASE_E_OWNER_MAPPING_PENDING","NOT_SCANNED_YET","Use Phase A semantic references index; file path alone is not evidence of SQL reads/writes"
"src/Jularr.Web/Pages/LocalizationPreferences/Index.cshtml","UI:LocalizationPreferences","RAZOR_VIEW","SOURCE_PATH_INDEXED_NOT_PROVEN_DB_USAGE","PHASE_E_OWNER_MAPPING_PENDING","NOT_SCANNED_YET","Use Phase A semantic references index; file path alone is not evidence of SQL reads/writes"
"src/Jularr.Web/Pages/LocalizationPreferences/Index.cshtml.cs","UI:LocalizationPreferences","RAZOR_VIEW","SOURCE_PATH_INDEXED_NOT_PROVEN_DB_USAGE","PHASE_E_OWNER_MAPPING_PENDING","NOT_SCANNED_YET","Use Phase A semantic references index; file path alone is not evidence of SQL reads/writes"
"src/Jularr.Web/Pages/Manga/Cover.cshtml","UI:Manga","RAZOR_VIEW","SOURCE_PATH_INDEXED_NOT_PROVEN_DB_USAGE","PHASE_E_OWNER_MAPPING_PENDING","NOT_SCANNED_YET","Use Phase A semantic references index; file path alone is not evidence of SQL reads/writes"
"src/Jularr.Web/Pages/Manga/Cover.cshtml.cs","UI:Manga","RAZOR_VIEW","SOURCE_PATH_INDEXED_NOT_PROVEN_DB_USAGE","PHASE_E_OWNER_MAPPING_PENDING","NOT_SCANNED_YET","Use Phase A semantic references index; file path alone is not evidence of SQL reads/writes"
"src/Jularr.Web/Pages/Manga/Index.cshtml","UI:Manga","RAZOR_VIEW","SOURCE_PATH_INDEXED_NOT_PROVEN_DB_USAGE","PHASE_E_OWNER_MAPPING_PENDING","NOT_SCANNED_YET","Use Phase A semantic references index; file path alone is not evidence of SQL reads/writes"
"src/Jularr.Web/Pages/Manga/Index.cshtml.cs","UI:Manga","RAZOR_VIEW","SOURCE_PATH_INDEXED_NOT_PROVEN_DB_USAGE","PHASE_E_OWNER_MAPPING_PENDING","NOT_SCANNED_YET","Use Phase A semantic references index; file path alone is not evidence of SQL reads/writes"
"src/Jularr.Web/Pages/Manga/Read.cshtml","UI:Manga","RAZOR_VIEW","SOURCE_PATH_INDEXED_NOT_PROVEN_DB_USAGE","PHASE_E_OWNER_MAPPING_PENDING","NOT_SCANNED_YET","Use Phase A semantic references index; file path alone is not evidence of SQL reads/writes"
"src/Jularr.Web/Pages/Manga/Read.cshtml.cs","UI:Manga","RAZOR_VIEW","SOURCE_PATH_INDEXED_NOT_PROVEN_DB_USAGE","PHASE_E_OWNER_MAPPING_PENDING","NOT_SCANNED_YET","Use Phase A semantic references index; file path alone is not evidence of SQL reads/writes"
"src/Jularr.Web/Pages/Manga/Series.cshtml","UI:Manga","RAZOR_VIEW","SOURCE_PATH_INDEXED_NOT_PROVEN_DB_USAGE","PHASE_E_OWNER_MAPPING_PENDING","NOT_SCANNED_YET","Use Phase A semantic references index; file path alone is not evidence of SQL reads/writes"
"src/Jularr.Web/Pages/Manga/Series.cshtml.cs","UI:Manga","RAZOR_VIEW","SOURCE_PATH_INDEXED_NOT_PROVEN_DB_USAGE","PHASE_E_OWNER_MAPPING_PENDING","NOT_SCANNED_YET","Use Phase A semantic references index; file path alone is not evidence of SQL reads/writes"
"src/Jularr.Web/Pages/Music/Album.cshtml","UI:Music","RAZOR_VIEW","SOURCE_PATH_INDEXED_NOT_PROVEN_DB_USAGE","PHASE_E_OWNER_MAPPING_PENDING","NOT_SCANNED_YET","Use Phase A semantic references index; file path alone is not evidence of SQL reads/writes"
"src/Jularr.Web/Pages/Music/Album.cshtml.cs","UI:Music","RAZOR_VIEW","SOURCE_PATH_INDEXED_NOT_PROVEN_DB_USAGE","PHASE_E_OWNER_MAPPING_PENDING","NOT_SCANNED_YET","Use Phase A semantic references index; file path alone is not evidence of SQL reads/writes"
"src/Jularr.Web/Pages/Music/Artist.cshtml","UI:Music","RAZOR_VIEW","SOURCE_PATH_INDEXED_NOT_PROVEN_DB_USAGE","PHASE_E_OWNER_MAPPING_PENDING","NOT_SCANNED_YET","Use Phase A semantic references index; file path alone is not evidence of SQL reads/writes"
"src/Jularr.Web/Pages/Music/Artist.cshtml.cs","UI:Music","RAZOR_VIEW","SOURCE_PATH_INDEXED_NOT_PROVEN_DB_USAGE","PHASE_E_OWNER_MAPPING_PENDING","NOT_SCANNED_YET","Use Phase A semantic references index; file path alone is not evidence of SQL reads/writes"
"src/Jularr.Web/Pages/Music/Index.cshtml","UI:Music","RAZOR_VIEW","SOURCE_PATH_INDEXED_NOT_PROVEN_DB_USAGE","PHASE_E_OWNER_MAPPING_PENDING","NOT_SCANNED_YET","Use Phase A semantic references index; file path alone is not evidence of SQL reads/writes"
"src/Jularr.Web/Pages/Music/Index.cshtml.cs","UI:Music","RAZOR_VIEW","SOURCE_PATH_INDEXED_NOT_PROVEN_DB_USAGE","PHASE_E_OWNER_MAPPING_PENDING","NOT_SCANNED_YET","Use Phase A semantic references index; file path alone is not evidence of SQL reads/writes"
"src/Jularr.Web/Pages/Notifications/Index.cshtml","UI:Notifications","RAZOR_VIEW","SOURCE_PATH_INDEXED_NOT_PROVEN_DB_USAGE","PHASE_E_OWNER_MAPPING_PENDING","NOT_SCANNED_YET","Use Phase A semantic references index; file path alone is not evidence of SQL reads/writes"
"src/Jularr.Web/Pages/Notifications/Index.cshtml.cs","UI:Notifications","RAZOR_VIEW","SOURCE_PATH_INDEXED_NOT_PROVEN_DB_USAGE","PHASE_E_OWNER_MAPPING_PENDING","NOT_SCANNED_YET","Use Phase A semantic references index; file path alone is not evidence of SQL reads/writes"
"src/Jularr.Web/Pages/Novels/Asset.cshtml","UI:Novels","RAZOR_VIEW","SOURCE_PATH_INDEXED_NOT_PROVEN_DB_USAGE","PHASE_E_OWNER_MAPPING_PENDING","NOT_SCANNED_YET","Use Phase A semantic references index; file path alone is not evidence of SQL reads/writes"
"src/Jularr.Web/Pages/Novels/Asset.cshtml.cs","UI:Novels","RAZOR_VIEW","SOURCE_PATH_INDEXED_NOT_PROVEN_DB_USAGE","PHASE_E_OWNER_MAPPING_PENDING","NOT_SCANNED_YET","Use Phase A semantic references index; file path alone is not evidence of SQL reads/writes"
"src/Jularr.Web/Pages/Novels/Cover.cshtml","UI:Novels","RAZOR_VIEW","SOURCE_PATH_INDEXED_NOT_PROVEN_DB_USAGE","PHASE_E_OWNER_MAPPING_PENDING","NOT_SCANNED_YET","Use Phase A semantic references index; file path alone is not evidence of SQL reads/writes"
"src/Jularr.Web/Pages/Novels/Cover.cshtml.cs","UI:Novels","RAZOR_VIEW","SOURCE_PATH_INDEXED_NOT_PROVEN_DB_USAGE","PHASE_E_OWNER_MAPPING_PENDING","NOT_SCANNED_YET","Use Phase A semantic references index; file path alone is not evidence of SQL reads/writes"
"src/Jularr.Web/Pages/Novels/Index.cshtml","UI:Novels","RAZOR_VIEW","SOURCE_PATH_INDEXED_NOT_PROVEN_DB_USAGE","PHASE_E_OWNER_MAPPING_PENDING","NOT_SCANNED_YET","Use Phase A semantic references index; file path alone is not evidence of SQL reads/writes"
"src/Jularr.Web/Pages/Novels/Index.cshtml.cs","UI:Novels","RAZOR_VIEW","SOURCE_PATH_INDEXED_NOT_PROVEN_DB_USAGE","PHASE_E_OWNER_MAPPING_PENDING","NOT_SCANNED_YET","Use Phase A semantic references index; file path alone is not evidence of SQL reads/writes"
"src/Jularr.Web/Pages/Novels/Read.cshtml","UI:Novels","RAZOR_VIEW","SOURCE_PATH_INDEXED_NOT_PROVEN_DB_USAGE","PHASE_E_OWNER_MAPPING_PENDING","NOT_SCANNED_YET","Use Phase A semantic references index; file path alone is not evidence of SQL reads/writes"
"src/Jularr.Web/Pages/Novels/Read.cshtml.cs","UI:Novels","RAZOR_VIEW","SOURCE_PATH_INDEXED_NOT_PROVEN_DB_USAGE","PHASE_E_OWNER_MAPPING_PENDING","NOT_SCANNED_YET","Use Phase A semantic references index; file path alone is not evidence of SQL reads/writes"
"src/Jularr.Web/Pages/Novels/Work.cshtml","UI:Novels","RAZOR_VIEW","SOURCE_PATH_INDEXED_NOT_PROVEN_DB_USAGE","PHASE_E_OWNER_MAPPING_PENDING","NOT_SCANNED_YET","Use Phase A semantic references index; file path alone is not evidence of SQL reads/writes"
"src/Jularr.Web/Pages/Novels/Work.cshtml.cs","UI:Novels","RAZOR_VIEW","SOURCE_PATH_INDEXED_NOT_PROVEN_DB_USAGE","PHASE_E_OWNER_MAPPING_PENDING","NOT_SCANNED_YET","Use Phase A semantic references index; file path alone is not evidence of SQL reads/writes"
"src/Jularr.Web/Pages/Novels/_NovelChapterDrawer.cshtml","UI:Novels","RAZOR_VIEW","SOURCE_PATH_INDEXED_NOT_PROVEN_DB_USAGE","PHASE_E_OWNER_MAPPING_PENDING","NOT_SCANNED_YET","Use Phase A semantic references index; file path alone is not evidence of SQL reads/writes"
"src/Jularr.Web/Pages/Novels/_NovelChapterPreparation.cshtml","UI:Novels","RAZOR_VIEW","SOURCE_PATH_INDEXED_NOT_PROVEN_DB_USAGE","PHASE_E_OWNER_MAPPING_PENDING","NOT_SCANNED_YET","Use Phase A semantic references index; file path alone is not evidence of SQL reads/writes"
"src/Jularr.Web/Pages/Novels/_NovelChapterRow.cshtml","UI:Novels","RAZOR_VIEW","SOURCE_PATH_INDEXED_NOT_PROVEN_DB_USAGE","PHASE_E_OWNER_MAPPING_PENDING","NOT_SCANNED_YET","Use Phase A semantic references index; file path alone is not evidence of SQL reads/writes"
"src/Jularr.Web/Pages/Novels/_NovelReaderNotes.cshtml","UI:Novels","RAZOR_VIEW","SOURCE_PATH_INDEXED_NOT_PROVEN_DB_USAGE","PHASE_E_OWNER_MAPPING_PENDING","NOT_SCANNED_YET","Use Phase A semantic references index; file path alone is not evidence of SQL reads/writes"
"src/Jularr.Web/Pages/Novels/_NovelVolumeGroup.cshtml","UI:Novels","RAZOR_VIEW","SOURCE_PATH_INDEXED_NOT_PROVEN_DB_USAGE","PHASE_E_OWNER_MAPPING_PENDING","NOT_SCANNED_YET","Use Phase A semantic references index; file path alone is not evidence of SQL reads/writes"
"src/Jularr.Web/Pages/Pair/Index.cshtml","UI:Pair","RAZOR_VIEW","SOURCE_PATH_INDEXED_NOT_PROVEN_DB_USAGE","PHASE_E_OWNER_MAPPING_PENDING","NOT_SCANNED_YET","Use Phase A semantic references index; file path alone is not evidence of SQL reads/writes"
"src/Jularr.Web/Pages/Pair/Index.cshtml.cs","UI:Pair","RAZOR_VIEW","SOURCE_PATH_INDEXED_NOT_PROVEN_DB_USAGE","PHASE_E_OWNER_MAPPING_PENDING","NOT_SCANNED_YET","Use Phase A semantic references index; file path alone is not evidence of SQL reads/writes"
"src/Jularr.Web/Pages/Profile/Account.cshtml","UI:Profile","RAZOR_VIEW","SOURCE_PATH_INDEXED_NOT_PROVEN_DB_USAGE","PHASE_E_OWNER_MAPPING_PENDING","NOT_SCANNED_YET","Use Phase A semantic references index; file path alone is not evidence of SQL reads/writes"
"src/Jularr.Web/Pages/Profile/Account.cshtml.cs","UI:Profile","RAZOR_VIEW","SOURCE_PATH_INDEXED_NOT_PROVEN_DB_USAGE","PHASE_E_OWNER_MAPPING_PENDING","NOT_SCANNED_YET","Use Phase A semantic references index; file path alone is not evidence of SQL reads/writes"
"src/Jularr.Web/Pages/Profile/Devices.cshtml","UI:Profile","RAZOR_VIEW","SOURCE_PATH_INDEXED_NOT_PROVEN_DB_USAGE","PHASE_E_OWNER_MAPPING_PENDING","NOT_SCANNED_YET","Use Phase A semantic references index; file path alone is not evidence of SQL reads/writes"
"src/Jularr.Web/Pages/Profile/Devices.cshtml.cs","UI:Profile","RAZOR_VIEW","SOURCE_PATH_INDEXED_NOT_PROVEN_DB_USAGE","PHASE_E_OWNER_MAPPING_PENDING","NOT_SCANNED_YET","Use Phase A semantic references index; file path alone is not evidence of SQL reads/writes"
"src/Jularr.Web/Pages/Profile/Index.cshtml","UI:Profile","RAZOR_VIEW","SOURCE_PATH_INDEXED_NOT_PROVEN_DB_USAGE","PHASE_E_OWNER_MAPPING_PENDING","NOT_SCANNED_YET","Use Phase A semantic references index; file path alone is not evidence of SQL reads/writes"
"src/Jularr.Web/Pages/Profile/Index.cshtml.cs","UI:Profile","RAZOR_VIEW","SOURCE_PATH_INDEXED_NOT_PROVEN_DB_USAGE","PHASE_E_OWNER_MAPPING_PENDING","NOT_SCANNED_YET","Use Phase A semantic references index; file path alone is not evidence of SQL reads/writes"
"src/Jularr.Web/Pages/Profile/Notifications.cshtml","UI:Profile","RAZOR_VIEW","SOURCE_PATH_INDEXED_NOT_PROVEN_DB_USAGE","PHASE_E_OWNER_MAPPING_PENDING","NOT_SCANNED_YET","Use Phase A semantic references index; file path alone is not evidence of SQL reads/writes"
"src/Jularr.Web/Pages/Profile/Notifications.cshtml.cs","UI:Profile","RAZOR_VIEW","SOURCE_PATH_INDEXED_NOT_PROVEN_DB_USAGE","PHASE_E_OWNER_MAPPING_PENDING","NOT_SCANNED_YET","Use Phase A semantic references index; file path alone is not evidence of SQL reads/writes"
"src/Jularr.Web/Pages/Profile/_ProfileLink.cshtml","UI:Profile","RAZOR_VIEW","SOURCE_PATH_INDEXED_NOT_PROVEN_DB_USAGE","PHASE_E_OWNER_MAPPING_PENDING","NOT_SCANNED_YET","Use Phase A semantic references index; file path alone is not evidence of SQL reads/writes"
"src/Jularr.Web/Pages/Reading/Index.cshtml","UI:Reading","RAZOR_VIEW","SOURCE_PATH_INDEXED_NOT_PROVEN_DB_USAGE","PHASE_E_OWNER_MAPPING_PENDING","NOT_SCANNED_YET","Use Phase A semantic references index; file path alone is not evidence of SQL reads/writes"
"src/Jularr.Web/Pages/Reading/Index.cshtml.cs","UI:Reading","RAZOR_VIEW","SOURCE_PATH_INDEXED_NOT_PROVEN_DB_USAGE","PHASE_E_OWNER_MAPPING_PENDING","NOT_SCANNED_YET","Use Phase A semantic references index; file path alone is not evidence of SQL reads/writes"
"src/Jularr.Web/Pages/Recommendations/ForYou.cshtml","UI:Recommendations","RAZOR_VIEW","SOURCE_PATH_INDEXED_NOT_PROVEN_DB_USAGE","PHASE_E_OWNER_MAPPING_PENDING","NOT_SCANNED_YET","Use Phase A semantic references index; file path alone is not evidence of SQL reads/writes"
"src/Jularr.Web/Pages/Recommendations/ForYou.cshtml.cs","UI:Recommendations","RAZOR_VIEW","SOURCE_PATH_INDEXED_NOT_PROVEN_DB_USAGE","PHASE_E_OWNER_MAPPING_PENDING","NOT_SCANNED_YET","Use Phase A semantic references index; file path alone is not evidence of SQL reads/writes"
"src/Jularr.Web/Pages/Requests/Details.cshtml","UI:Requests","RAZOR_VIEW","SOURCE_PATH_INDEXED_NOT_PROVEN_DB_USAGE","PHASE_E_OWNER_MAPPING_PENDING","NOT_SCANNED_YET","Use Phase A semantic references index; file path alone is not evidence of SQL reads/writes"
"src/Jularr.Web/Pages/Requests/Details.cshtml.cs","UI:Requests","RAZOR_VIEW","SOURCE_PATH_INDEXED_NOT_PROVEN_DB_USAGE","PHASE_E_OWNER_MAPPING_PENDING","NOT_SCANNED_YET","Use Phase A semantic references index; file path alone is not evidence of SQL reads/writes"
"src/Jularr.Web/Pages/Requests/Index.cshtml","UI:Requests","RAZOR_VIEW","SOURCE_PATH_INDEXED_NOT_PROVEN_DB_USAGE","PHASE_E_OWNER_MAPPING_PENDING","NOT_SCANNED_YET","Use Phase A semantic references index; file path alone is not evidence of SQL reads/writes"
"src/Jularr.Web/Pages/Requests/Index.cshtml.cs","UI:Requests","RAZOR_VIEW","SOURCE_PATH_INDEXED_NOT_PROVEN_DB_USAGE","PHASE_E_OWNER_MAPPING_PENDING","NOT_SCANNED_YET","Use Phase A semantic references index; file path alone is not evidence of SQL reads/writes"
"src/Jularr.Web/Pages/Requests/New.cshtml","UI:Requests","RAZOR_VIEW","SOURCE_PATH_INDEXED_NOT_PROVEN_DB_USAGE","PHASE_E_OWNER_MAPPING_PENDING","NOT_SCANNED_YET","Use Phase A semantic references index; file path alone is not evidence of SQL reads/writes"
"src/Jularr.Web/Pages/Requests/New.cshtml.cs","UI:Requests","RAZOR_VIEW","SOURCE_PATH_INDEXED_NOT_PROVEN_DB_USAGE","PHASE_E_OWNER_MAPPING_PENDING","NOT_SCANNED_YET","Use Phase A semantic references index; file path alone is not evidence of SQL reads/writes"
"src/Jularr.Web/Pages/Requests/_RequestStateIcon.cshtml","UI:Requests","RAZOR_VIEW","SOURCE_PATH_INDEXED_NOT_PROVEN_DB_USAGE","PHASE_E_OWNER_MAPPING_PENDING","NOT_SCANNED_YET","Use Phase A semantic references index; file path alone is not evidence of SQL reads/writes"
"src/Jularr.Web/Pages/Requests/_RequestStatusPanel.cshtml","UI:Requests","RAZOR_VIEW","SOURCE_PATH_INDEXED_NOT_PROVEN_DB_USAGE","PHASE_E_OWNER_MAPPING_PENDING","NOT_SCANNED_YET","Use Phase A semantic references index; file path alone is not evidence of SQL reads/writes"
"src/Jularr.Web/Pages/Search/Index.cshtml","UI:Search","RAZOR_VIEW","SOURCE_PATH_INDEXED_NOT_PROVEN_DB_USAGE","PHASE_E_OWNER_MAPPING_PENDING","NOT_SCANNED_YET","Use Phase A semantic references index; file path alone is not evidence of SQL reads/writes"
"src/Jularr.Web/Pages/Search/Index.cshtml.cs","UI:Search","RAZOR_VIEW","SOURCE_PATH_INDEXED_NOT_PROVEN_DB_USAGE","PHASE_E_OWNER_MAPPING_PENDING","NOT_SCANNED_YET","Use Phase A semantic references index; file path alone is not evidence of SQL reads/writes"
"src/Jularr.Web/Pages/Settings/Acquisition.cshtml","UI:Settings","RAZOR_VIEW","SOURCE_PATH_INDEXED_NOT_PROVEN_DB_USAGE","PHASE_E_OWNER_MAPPING_PENDING","NOT_SCANNED_YET","Use Phase A semantic references index; file path alone is not evidence of SQL reads/writes"
"src/Jularr.Web/Pages/Settings/Acquisition.cshtml.cs","UI:Settings","RAZOR_VIEW","SOURCE_PATH_INDEXED_NOT_PROVEN_DB_USAGE","PHASE_E_OWNER_MAPPING_PENDING","NOT_SCANNED_YET","Use Phase A semantic references index; file path alone is not evidence of SQL reads/writes"
"src/Jularr.Web/Pages/Settings/Ai.cshtml","UI:Settings","RAZOR_VIEW","SOURCE_PATH_INDEXED_NOT_PROVEN_DB_USAGE","PHASE_E_OWNER_MAPPING_PENDING","NOT_SCANNED_YET","Use Phase A semantic references index; file path alone is not evidence of SQL reads/writes"
"src/Jularr.Web/Pages/Settings/Ai.cshtml.cs","UI:Settings","RAZOR_VIEW","SOURCE_PATH_INDEXED_NOT_PROVEN_DB_USAGE","PHASE_E_OWNER_MAPPING_PENDING","NOT_SCANNED_YET","Use Phase A semantic references index; file path alone is not evidence of SQL reads/writes"
"src/Jularr.Web/Pages/Settings/AniList.cshtml","UI:Settings","RAZOR_VIEW","SOURCE_PATH_INDEXED_NOT_PROVEN_DB_USAGE","PHASE_E_OWNER_MAPPING_PENDING","NOT_SCANNED_YET","Use Phase A semantic references index; file path alone is not evidence of SQL reads/writes"
"src/Jularr.Web/Pages/Settings/AniList.cshtml.cs","UI:Settings","RAZOR_VIEW","SOURCE_PATH_INDEXED_NOT_PROVEN_DB_USAGE","PHASE_E_OWNER_MAPPING_PENDING","NOT_SCANNED_YET","Use Phase A semantic references index; file path alone is not evidence of SQL reads/writes"
"src/Jularr.Web/Pages/Settings/ApiKeys/Index.cshtml","UI:Settings","RAZOR_VIEW","SOURCE_PATH_INDEXED_NOT_PROVEN_DB_USAGE","PHASE_E_OWNER_MAPPING_PENDING","NOT_SCANNED_YET","Use Phase A semantic references index; file path alone is not evidence of SQL reads/writes"
"src/Jularr.Web/Pages/Settings/ApiKeys/Index.cshtml.cs","UI:Settings","RAZOR_VIEW","SOURCE_PATH_INDEXED_NOT_PROVEN_DB_USAGE","PHASE_E_OWNER_MAPPING_PENDING","NOT_SCANNED_YET","Use Phase A semantic references index; file path alone is not evidence of SQL reads/writes"
"src/Jularr.Web/Pages/Settings/Appearance.cshtml","UI:Settings","RAZOR_VIEW","SOURCE_PATH_INDEXED_NOT_PROVEN_DB_USAGE","PHASE_E_OWNER_MAPPING_PENDING","NOT_SCANNED_YET","Use Phase A semantic references index; file path alone is not evidence of SQL reads/writes"
"src/Jularr.Web/Pages/Settings/Appearance.cshtml.cs","UI:Settings","RAZOR_VIEW","SOURCE_PATH_INDEXED_NOT_PROVEN_DB_USAGE","PHASE_E_OWNER_MAPPING_PENDING","NOT_SCANNED_YET","Use Phase A semantic references index; file path alone is not evidence of SQL reads/writes"
"src/Jularr.Web/Pages/Settings/ChapterArtwork.cshtml","UI:Settings","RAZOR_VIEW","SOURCE_PATH_INDEXED_NOT_PROVEN_DB_USAGE","PHASE_E_OWNER_MAPPING_PENDING","NOT_SCANNED_YET","Use Phase A semantic references index; file path alone is not evidence of SQL reads/writes"
"src/Jularr.Web/Pages/Settings/ChapterArtwork.cshtml.cs","UI:Settings","RAZOR_VIEW","SOURCE_PATH_INDEXED_NOT_PROVEN_DB_USAGE","PHASE_E_OWNER_MAPPING_PENDING","NOT_SCANNED_YET","Use Phase A semantic references index; file path alone is not evidence of SQL reads/writes"
"src/Jularr.Web/Pages/Settings/DownloadClients/Index.cshtml","UI:Settings","RAZOR_VIEW","SOURCE_PATH_INDEXED_NOT_PROVEN_DB_USAGE","PHASE_E_OWNER_MAPPING_PENDING","NOT_SCANNED_YET","Use Phase A semantic references index; file path alone is not evidence of SQL reads/writes"
"src/Jularr.Web/Pages/Settings/DownloadClients/Index.cshtml.cs","UI:Settings","RAZOR_VIEW","SOURCE_PATH_INDEXED_NOT_PROVEN_DB_USAGE","PHASE_E_OWNER_MAPPING_PENDING","NOT_SCANNED_YET","Use Phase A semantic references index; file path alone is not evidence of SQL reads/writes"
"src/Jularr.Web/Pages/Settings/Home.cshtml","UI:Settings","RAZOR_VIEW","SOURCE_PATH_INDEXED_NOT_PROVEN_DB_USAGE","PHASE_E_OWNER_MAPPING_PENDING","NOT_SCANNED_YET","Use Phase A semantic references index; file path alone is not evidence of SQL reads/writes"
"src/Jularr.Web/Pages/Settings/Home.cshtml.cs","UI:Settings","RAZOR_VIEW","SOURCE_PATH_INDEXED_NOT_PROVEN_DB_USAGE","PHASE_E_OWNER_MAPPING_PENDING","NOT_SCANNED_YET","Use Phase A semantic references index; file path alone is not evidence of SQL reads/writes"
"src/Jularr.Web/Pages/Settings/Index.cshtml","UI:Settings","RAZOR_VIEW","SOURCE_PATH_INDEXED_NOT_PROVEN_DB_USAGE","PHASE_E_OWNER_MAPPING_PENDING","NOT_SCANNED_YET","Use Phase A semantic references index; file path alone is not evidence of SQL reads/writes"
"src/Jularr.Web/Pages/Settings/Index.cshtml.cs","UI:Settings","RAZOR_VIEW","SOURCE_PATH_INDEXED_NOT_PROVEN_DB_USAGE","PHASE_E_OWNER_MAPPING_PENDING","NOT_SCANNED_YET","Use Phase A semantic references index; file path alone is not evidence of SQL reads/writes"
"src/Jularr.Web/Pages/Settings/Indexers/Index.cshtml","UI:Settings","RAZOR_VIEW","SOURCE_PATH_INDEXED_NOT_PROVEN_DB_USAGE","PHASE_E_OWNER_MAPPING_PENDING","NOT_SCANNED_YET","Use Phase A semantic references index; file path alone is not evidence of SQL reads/writes"
"src/Jularr.Web/Pages/Settings/Indexers/Index.cshtml.cs","UI:Settings","RAZOR_VIEW","SOURCE_PATH_INDEXED_NOT_PROVEN_DB_USAGE","PHASE_E_OWNER_MAPPING_PENDING","NOT_SCANNED_YET","Use Phase A semantic references index; file path alone is not evidence of SQL reads/writes"
"src/Jularr.Web/Pages/Settings/Learning.cshtml","UI:Settings","RAZOR_VIEW","SOURCE_PATH_INDEXED_NOT_PROVEN_DB_USAGE","PHASE_E_OWNER_MAPPING_PENDING","NOT_SCANNED_YET","Use Phase A semantic references index; file path alone is not evidence of SQL reads/writes"
"src/Jularr.Web/Pages/Settings/Learning.cshtml.cs","UI:Settings","RAZOR_VIEW","SOURCE_PATH_INDEXED_NOT_PROVEN_DB_USAGE","PHASE_E_OWNER_MAPPING_PENDING","NOT_SCANNED_YET","Use Phase A semantic references index; file path alone is not evidence of SQL reads/writes"
"src/Jularr.Web/Pages/Settings/LearningCourses.cshtml","UI:Settings","RAZOR_VIEW","SOURCE_PATH_INDEXED_NOT_PROVEN_DB_USAGE","PHASE_E_OWNER_MAPPING_PENDING","NOT_SCANNED_YET","Use Phase A semantic references index; file path alone is not evidence of SQL reads/writes"
"src/Jularr.Web/Pages/Settings/LearningCourses.cshtml.cs","UI:Settings","RAZOR_VIEW","SOURCE_PATH_INDEXED_NOT_PROVEN_DB_USAGE","PHASE_E_OWNER_MAPPING_PENDING","NOT_SCANNED_YET","Use Phase A semantic references index; file path alone is not evidence of SQL reads/writes"
"src/Jularr.Web/Pages/Settings/LearningScope.cshtml","UI:Settings","RAZOR_VIEW","SOURCE_PATH_INDEXED_NOT_PROVEN_DB_USAGE","PHASE_E_OWNER_MAPPING_PENDING","NOT_SCANNED_YET","Use Phase A semantic references index; file path alone is not evidence of SQL reads/writes"
"src/Jularr.Web/Pages/Settings/LearningScope.cshtml.cs","UI:Settings","RAZOR_VIEW","SOURCE_PATH_INDEXED_NOT_PROVEN_DB_USAGE","PHASE_E_OWNER_MAPPING_PENDING","NOT_SCANNED_YET","Use Phase A semantic references index; file path alone is not evidence of SQL reads/writes"
"src/Jularr.Web/Pages/Settings/Offline.cshtml","UI:Settings","RAZOR_VIEW","SOURCE_PATH_INDEXED_NOT_PROVEN_DB_USAGE","PHASE_E_OWNER_MAPPING_PENDING","NOT_SCANNED_YET","Use Phase A semantic references index; file path alone is not evidence of SQL reads/writes"
"src/Jularr.Web/Pages/Settings/Offline.cshtml.cs","UI:Settings","RAZOR_VIEW","SOURCE_PATH_INDEXED_NOT_PROVEN_DB_USAGE","PHASE_E_OWNER_MAPPING_PENDING","NOT_SCANNED_YET","Use Phase A semantic references index; file path alone is not evidence of SQL reads/writes"
"src/Jularr.Web/Pages/Settings/Prefetch/Index.cshtml","UI:Settings","RAZOR_VIEW","SOURCE_PATH_INDEXED_NOT_PROVEN_DB_USAGE","PHASE_E_OWNER_MAPPING_PENDING","NOT_SCANNED_YET","Use Phase A semantic references index; file path alone is not evidence of SQL reads/writes"
"src/Jularr.Web/Pages/Settings/Prefetch/Index.cshtml.cs","UI:Settings","RAZOR_VIEW","SOURCE_PATH_INDEXED_NOT_PROVEN_DB_USAGE","PHASE_E_OWNER_MAPPING_PENDING","NOT_SCANNED_YET","Use Phase A semantic references index; file path alone is not evidence of SQL reads/writes"
"src/Jularr.Web/Pages/Settings/Sonarr.cshtml","UI:Settings","RAZOR_VIEW","SOURCE_PATH_INDEXED_NOT_PROVEN_DB_USAGE","PHASE_E_OWNER_MAPPING_PENDING","NOT_SCANNED_YET","Use Phase A semantic references index; file path alone is not evidence of SQL reads/writes"
"src/Jularr.Web/Pages/Settings/Sonarr.cshtml.cs","UI:Settings","RAZOR_VIEW","SOURCE_PATH_INDEXED_NOT_PROVEN_DB_USAGE","PHASE_E_OWNER_MAPPING_PENDING","NOT_SCANNED_YET","Use Phase A semantic references index; file path alone is not evidence of SQL reads/writes"
"src/Jularr.Web/Pages/Settings/SonarrMigration.cshtml","UI:Settings","RAZOR_VIEW","SOURCE_PATH_INDEXED_NOT_PROVEN_DB_USAGE","PHASE_E_OWNER_MAPPING_PENDING","NOT_SCANNED_YET","Use Phase A semantic references index; file path alone is not evidence of SQL reads/writes"
"src/Jularr.Web/Pages/Settings/SonarrMigration.cshtml.cs","UI:Settings","RAZOR_VIEW","SOURCE_PATH_INDEXED_NOT_PROVEN_DB_USAGE","PHASE_E_OWNER_MAPPING_PENDING","NOT_SCANNED_YET","Use Phase A semantic references index; file path alone is not evidence of SQL reads/writes"
"src/Jularr.Web/Pages/Settings/User.cshtml","UI:Settings","RAZOR_VIEW","SOURCE_PATH_INDEXED_NOT_PROVEN_DB_USAGE","PHASE_E_OWNER_MAPPING_PENDING","NOT_SCANNED_YET","Use Phase A semantic references index; file path alone is not evidence of SQL reads/writes"
"src/Jularr.Web/Pages/Settings/User.cshtml.cs","UI:Settings","RAZOR_VIEW","SOURCE_PATH_INDEXED_NOT_PROVEN_DB_USAGE","PHASE_E_OWNER_MAPPING_PENDING","NOT_SCANNED_YET","Use Phase A semantic references index; file path alone is not evidence of SQL reads/writes"
"src/Jularr.Web/Pages/Settings/Users.cshtml","UI:Settings","RAZOR_VIEW","SOURCE_PATH_INDEXED_NOT_PROVEN_DB_USAGE","PHASE_E_OWNER_MAPPING_PENDING","NOT_SCANNED_YET","Use Phase A semantic references index; file path alone is not evidence of SQL reads/writes"
"src/Jularr.Web/Pages/Settings/Users.cshtml.cs","UI:Settings","RAZOR_VIEW","SOURCE_PATH_INDEXED_NOT_PROVEN_DB_USAGE","PHASE_E_OWNER_MAPPING_PENDING","NOT_SCANNED_YET","Use Phase A semantic references index; file path alone is not evidence of SQL reads/writes"
"src/Jularr.Web/Pages/Shared/_AdminSectionLinks.cshtml","UI:Shared","RAZOR_VIEW","SOURCE_PATH_INDEXED_NOT_PROVEN_DB_USAGE","PHASE_E_OWNER_MAPPING_PENDING","NOT_SCANNED_YET","Use Phase A semantic references index; file path alone is not evidence of SQL reads/writes"
"src/Jularr.Web/Pages/Shared/_AiActivity.cshtml","UI:Shared","RAZOR_VIEW","SOURCE_PATH_INDEXED_NOT_PROVEN_DB_USAGE","PHASE_E_OWNER_MAPPING_PENDING","NOT_SCANNED_YET","Use Phase A semantic references index; file path alone is not evidence of SQL reads/writes"
"src/Jularr.Web/Pages/Shared/_AiQuota.cshtml","UI:Shared","RAZOR_VIEW","SOURCE_PATH_INDEXED_NOT_PROVEN_DB_USAGE","PHASE_E_OWNER_MAPPING_PENDING","NOT_SCANNED_YET","Use Phase A semantic references index; file path alone is not evidence of SQL reads/writes"
"src/Jularr.Web/Pages/Shared/_AiUsage.cshtml","UI:Shared","RAZOR_VIEW","SOURCE_PATH_INDEXED_NOT_PROVEN_DB_USAGE","PHASE_E_OWNER_MAPPING_PENDING","NOT_SCANNED_YET","Use Phase A semantic references index; file path alone is not evidence of SQL reads/writes"
"src/Jularr.Web/Pages/Shared/_AnimeAcquisitionPanel.cshtml","UI:Shared","RAZOR_VIEW","SOURCE_PATH_INDEXED_NOT_PROVEN_DB_USAGE","PHASE_E_OWNER_MAPPING_PENDING","NOT_SCANNED_YET","Use Phase A semantic references index; file path alone is not evidence of SQL reads/writes"
"src/Jularr.Web/Pages/Shared/_AppBrandMark.cshtml","UI:Shared","RAZOR_VIEW","SOURCE_PATH_INDEXED_NOT_PROVEN_DB_USAGE","PHASE_E_OWNER_MAPPING_PENDING","NOT_SCANNED_YET","Use Phase A semantic references index; file path alone is not evidence of SQL reads/writes"
"src/Jularr.Web/Pages/Shared/_AppCurrentReading.cshtml","UI:Shared","RAZOR_VIEW","SOURCE_PATH_INDEXED_NOT_PROVEN_DB_USAGE","PHASE_E_OWNER_MAPPING_PENDING","NOT_SCANNED_YET","Use Phase A semantic references index; file path alone is not evidence of SQL reads/writes"
"src/Jularr.Web/Pages/Shared/_AppHeader.cshtml","UI:Shared","RAZOR_VIEW","SOURCE_PATH_INDEXED_NOT_PROVEN_DB_USAGE","PHASE_E_OWNER_MAPPING_PENDING","NOT_SCANNED_YET","Use Phase A semantic references index; file path alone is not evidence of SQL reads/writes"
"src/Jularr.Web/Pages/Shared/_AppIcon.cshtml","UI:Shared","RAZOR_VIEW","SOURCE_PATH_INDEXED_NOT_PROVEN_DB_USAGE","PHASE_E_OWNER_MAPPING_PENDING","NOT_SCANNED_YET","Use Phase A semantic references index; file path alone is not evidence of SQL reads/writes"
"src/Jularr.Web/Pages/Shared/_AppNavLink.cshtml","UI:Shared","RAZOR_VIEW","SOURCE_PATH_INDEXED_NOT_PROVEN_DB_USAGE","PHASE_E_OWNER_MAPPING_PENDING","NOT_SCANNED_YET","Use Phase A semantic references index; file path alone is not evidence of SQL reads/writes"
"src/Jularr.Web/Pages/Shared/_AppNavigation.cshtml","UI:Shared","RAZOR_VIEW","SOURCE_PATH_INDEXED_NOT_PROVEN_DB_USAGE","PHASE_E_OWNER_MAPPING_PENDING","NOT_SCANNED_YET","Use Phase A semantic references index; file path alone is not evidence of SQL reads/writes"
"src/Jularr.Web/Pages/Shared/_AppSearch.cshtml","UI:Shared","RAZOR_VIEW","SOURCE_PATH_INDEXED_NOT_PROVEN_DB_USAGE","PHASE_E_OWNER_MAPPING_PENDING","NOT_SCANNED_YET","Use Phase A semantic references index; file path alone is not evidence of SQL reads/writes"
"src/Jularr.Web/Pages/Shared/_AppSignOut.cshtml","UI:Shared","RAZOR_VIEW","SOURCE_PATH_INDEXED_NOT_PROVEN_DB_USAGE","PHASE_E_OWNER_MAPPING_PENDING","NOT_SCANNED_YET","Use Phase A semantic references index; file path alone is not evidence of SQL reads/writes"
"src/Jularr.Web/Pages/Shared/_AppUserMenu.cshtml","UI:Shared","RAZOR_VIEW","SOURCE_PATH_INDEXED_NOT_PROVEN_DB_USAGE","PHASE_E_OWNER_MAPPING_PENDING","NOT_SCANNED_YET","Use Phase A semantic references index; file path alone is not evidence of SQL reads/writes"
"src/Jularr.Web/Pages/Shared/_ChapterArtwork.cshtml","UI:Shared","RAZOR_VIEW","SOURCE_PATH_INDEXED_NOT_PROVEN_DB_USAGE","PHASE_E_OWNER_MAPPING_PENDING","NOT_SCANNED_YET","Use Phase A semantic references index; file path alone is not evidence of SQL reads/writes"
"src/Jularr.Web/Pages/Shared/_ChapterArtworkPreferences.cshtml","UI:Shared","RAZOR_VIEW","SOURCE_PATH_INDEXED_NOT_PROVEN_DB_USAGE","PHASE_E_OWNER_MAPPING_PENDING","NOT_SCANNED_YET","Use Phase A semantic references index; file path alone is not evidence of SQL reads/writes"
"src/Jularr.Web/Pages/Shared/_ContextBackLink.cshtml","UI:Shared","RAZOR_VIEW","SOURCE_PATH_INDEXED_NOT_PROVEN_DB_USAGE","PHASE_E_OWNER_MAPPING_PENDING","NOT_SCANNED_YET","Use Phase A semantic references index; file path alone is not evidence of SQL reads/writes"
"src/Jularr.Web/Pages/Shared/_DiscoverBody.cshtml","UI:Shared","RAZOR_VIEW","SOURCE_PATH_INDEXED_NOT_PROVEN_DB_USAGE","PHASE_E_OWNER_MAPPING_PENDING","NOT_SCANNED_YET","Use Phase A semantic references index; file path alone is not evidence of SQL reads/writes"
"src/Jularr.Web/Pages/Shared/_DiscoverCard.cshtml","UI:Shared","RAZOR_VIEW","SOURCE_PATH_INDEXED_NOT_PROVEN_DB_USAGE","PHASE_E_OWNER_MAPPING_PENDING","NOT_SCANNED_YET","Use Phase A semantic references index; file path alone is not evidence of SQL reads/writes"
"src/Jularr.Web/Pages/Shared/_DiscoverFilter.cshtml","UI:Shared","RAZOR_VIEW","SOURCE_PATH_INDEXED_NOT_PROVEN_DB_USAGE","PHASE_E_OWNER_MAPPING_PENDING","NOT_SCANNED_YET","Use Phase A semantic references index; file path alone is not evidence of SQL reads/writes"
"src/Jularr.Web/Pages/Shared/_DiscoverGhost.cshtml","UI:Shared","RAZOR_VIEW","SOURCE_PATH_INDEXED_NOT_PROVEN_DB_USAGE","PHASE_E_OWNER_MAPPING_PENDING","NOT_SCANNED_YET","Use Phase A semantic references index; file path alone is not evidence of SQL reads/writes"
"src/Jularr.Web/Pages/Shared/_DiscoverIcon.cshtml","UI:Shared","RAZOR_VIEW","SOURCE_PATH_INDEXED_NOT_PROVEN_DB_USAGE","PHASE_E_OWNER_MAPPING_PENDING","NOT_SCANNED_YET","Use Phase A semantic references index; file path alone is not evidence of SQL reads/writes"
"src/Jularr.Web/Pages/Shared/_DiscoverMore.cshtml","UI:Shared","RAZOR_VIEW","SOURCE_PATH_INDEXED_NOT_PROVEN_DB_USAGE","PHASE_E_OWNER_MAPPING_PENDING","NOT_SCANNED_YET","Use Phase A semantic references index; file path alone is not evidence of SQL reads/writes"
"src/Jularr.Web/Pages/Shared/_DiscoverRequestDialog.cshtml","UI:Shared","RAZOR_VIEW","SOURCE_PATH_INDEXED_NOT_PROVEN_DB_USAGE","PHASE_E_OWNER_MAPPING_PENDING","NOT_SCANNED_YET","Use Phase A semantic references index; file path alone is not evidence of SQL reads/writes"
"src/Jularr.Web/Pages/Shared/_DiscoverRequestResult.cshtml","UI:Shared","RAZOR_VIEW","SOURCE_PATH_INDEXED_NOT_PROVEN_DB_USAGE","PHASE_E_OWNER_MAPPING_PENDING","NOT_SCANNED_YET","Use Phase A semantic references index; file path alone is not evidence of SQL reads/writes"
"src/Jularr.Web/Pages/Shared/_DiscoverRequestSettings.cshtml","UI:Shared","RAZOR_VIEW","SOURCE_PATH_INDEXED_NOT_PROVEN_DB_USAGE","PHASE_E_OWNER_MAPPING_PENDING","NOT_SCANNED_YET","Use Phase A semantic references index; file path alone is not evidence of SQL reads/writes"
"src/Jularr.Web/Pages/Shared/_DiscoverSection.cshtml","UI:Shared","RAZOR_VIEW","SOURCE_PATH_INDEXED_NOT_PROVEN_DB_USAGE","PHASE_E_OWNER_MAPPING_PENDING","NOT_SCANNED_YET","Use Phase A semantic references index; file path alone is not evidence of SQL reads/writes"
"src/Jularr.Web/Pages/Shared/_DiscoverState.cshtml","UI:Shared","RAZOR_VIEW","SOURCE_PATH_INDEXED_NOT_PROVEN_DB_USAGE","PHASE_E_OWNER_MAPPING_PENDING","NOT_SCANNED_YET","Use Phase A semantic references index; file path alone is not evidence of SQL reads/writes"
"src/Jularr.Web/Pages/Shared/_ExternalProgress.cshtml","UI:Shared","RAZOR_VIEW","SOURCE_PATH_INDEXED_NOT_PROVEN_DB_USAGE","PHASE_E_OWNER_MAPPING_PENDING","NOT_SCANNED_YET","Use Phase A semantic references index; file path alone is not evidence of SQL reads/writes"
"src/Jularr.Web/Pages/Shared/_ExternalProgressManage.cshtml","UI:Shared","RAZOR_VIEW","SOURCE_PATH_INDEXED_NOT_PROVEN_DB_USAGE","PHASE_E_OWNER_MAPPING_PENDING","NOT_SCANNED_YET","Use Phase A semantic references index; file path alone is not evidence of SQL reads/writes"
"src/Jularr.Web/Pages/Shared/_ExternalProgressState.cshtml","UI:Shared","RAZOR_VIEW","SOURCE_PATH_INDEXED_NOT_PROVEN_DB_USAGE","PHASE_E_OWNER_MAPPING_PENDING","NOT_SCANNED_YET","Use Phase A semantic references index; file path alone is not evidence of SQL reads/writes"
"src/Jularr.Web/Pages/Shared/_FolderBrowser.cshtml","UI:Shared","RAZOR_VIEW","SOURCE_PATH_INDEXED_NOT_PROVEN_DB_USAGE","PHASE_E_OWNER_MAPPING_PENDING","NOT_SCANNED_YET","Use Phase A semantic references index; file path alone is not evidence of SQL reads/writes"
"src/Jularr.Web/Pages/Shared/_FranchiseLinks.cshtml","UI:Shared","RAZOR_VIEW","SOURCE_PATH_INDEXED_NOT_PROVEN_DB_USAGE","PHASE_E_OWNER_MAPPING_PENDING","NOT_SCANNED_YET","Use Phase A semantic references index; file path alone is not evidence of SQL reads/writes"
"src/Jularr.Web/Pages/Shared/_HomeContinueRow.cshtml","UI:Shared","RAZOR_VIEW","SOURCE_PATH_INDEXED_NOT_PROVEN_DB_USAGE","PHASE_E_OWNER_MAPPING_PENDING","NOT_SCANNED_YET","Use Phase A semantic references index; file path alone is not evidence of SQL reads/writes"
"src/Jularr.Web/Pages/Shared/_HomeContinueTile.cshtml","UI:Shared","RAZOR_VIEW","SOURCE_PATH_INDEXED_NOT_PROVEN_DB_USAGE","PHASE_E_OWNER_MAPPING_PENDING","NOT_SCANNED_YET","Use Phase A semantic references index; file path alone is not evidence of SQL reads/writes"
"src/Jularr.Web/Pages/Shared/_HomeLayoutEditor.cshtml","UI:Shared","RAZOR_VIEW","SOURCE_PATH_INDEXED_NOT_PROVEN_DB_USAGE","PHASE_E_OWNER_MAPPING_PENDING","NOT_SCANNED_YET","Use Phase A semantic references index; file path alone is not evidence of SQL reads/writes"
"src/Jularr.Web/Pages/Shared/_HomeOnboardingOffer.cshtml","UI:Shared","RAZOR_VIEW","SOURCE_PATH_INDEXED_NOT_PROVEN_DB_USAGE","PHASE_E_OWNER_MAPPING_PENDING","NOT_SCANNED_YET","Use Phase A semantic references index; file path alone is not evidence of SQL reads/writes"
"src/Jularr.Web/Pages/Shared/_HomeRowArrows.cshtml","UI:Shared","RAZOR_VIEW","SOURCE_PATH_INDEXED_NOT_PROVEN_DB_USAGE","PHASE_E_OWNER_MAPPING_PENDING","NOT_SCANNED_YET","Use Phase A semantic references index; file path alone is not evidence of SQL reads/writes"
"src/Jularr.Web/Pages/Shared/_LanguageEditionSelector.cshtml","UI:Shared","RAZOR_VIEW","SOURCE_PATH_INDEXED_NOT_PROVEN_DB_USAGE","PHASE_E_OWNER_MAPPING_PENDING","NOT_SCANNED_YET","Use Phase A semantic references index; file path alone is not evidence of SQL reads/writes"
"src/Jularr.Web/Pages/Shared/_LanguageInspector.cshtml","UI:Shared","RAZOR_VIEW","SOURCE_PATH_INDEXED_NOT_PROVEN_DB_USAGE","PHASE_E_OWNER_MAPPING_PENDING","NOT_SCANNED_YET","Use Phase A semantic references index; file path alone is not evidence of SQL reads/writes"
"src/Jularr.Web/Pages/Shared/_Layout.cshtml","UI:Shared","RAZOR_VIEW","SOURCE_PATH_INDEXED_NOT_PROVEN_DB_USAGE","PHASE_E_OWNER_MAPPING_PENDING","NOT_SCANNED_YET","Use Phase A semantic references index; file path alone is not evidence of SQL reads/writes"
"src/Jularr.Web/Pages/Shared/_LibraryTypeTabs.cshtml","UI:Shared","RAZOR_VIEW","SOURCE_PATH_INDEXED_NOT_PROVEN_DB_USAGE","PHASE_E_OWNER_MAPPING_PENDING","NOT_SCANNED_YET","Use Phase A semantic references index; file path alone is not evidence of SQL reads/writes"
"src/Jularr.Web/Pages/Shared/_ManageSheet.cshtml","UI:Shared","RAZOR_VIEW","SOURCE_PATH_INDEXED_NOT_PROVEN_DB_USAGE","PHASE_E_OWNER_MAPPING_PENDING","NOT_SCANNED_YET","Use Phase A semantic references index; file path alone is not evidence of SQL reads/writes"
"src/Jularr.Web/Pages/Shared/_MediaBannerCard.cshtml","UI:Shared","RAZOR_VIEW","SOURCE_PATH_INDEXED_NOT_PROVEN_DB_USAGE","PHASE_E_OWNER_MAPPING_PENDING","NOT_SCANNED_YET","Use Phase A semantic references index; file path alone is not evidence of SQL reads/writes"
"src/Jularr.Web/Pages/Shared/_MediaCard.cshtml","UI:Shared","RAZOR_VIEW","SOURCE_PATH_INDEXED_NOT_PROVEN_DB_USAGE","PHASE_E_OWNER_MAPPING_PENDING","NOT_SCANNED_YET","Use Phase A semantic references index; file path alone is not evidence of SQL reads/writes"
"src/Jularr.Web/Pages/Shared/_MediaFacts.cshtml","UI:Shared","RAZOR_VIEW","SOURCE_PATH_INDEXED_NOT_PROVEN_DB_USAGE","PHASE_E_OWNER_MAPPING_PENDING","NOT_SCANNED_YET","Use Phase A semantic references index; file path alone is not evidence of SQL reads/writes"
"src/Jularr.Web/Pages/Shared/_MediaFactsLanguageIcon.cshtml","UI:Shared","RAZOR_VIEW","SOURCE_PATH_INDEXED_NOT_PROVEN_DB_USAGE","PHASE_E_OWNER_MAPPING_PENDING","NOT_SCANNED_YET","Use Phase A semantic references index; file path alone is not evidence of SQL reads/writes"
"src/Jularr.Web/Pages/Shared/_MediaShelf.cshtml","UI:Shared","RAZOR_VIEW","SOURCE_PATH_INDEXED_NOT_PROVEN_DB_USAGE","PHASE_E_OWNER_MAPPING_PENDING","NOT_SCANNED_YET","Use Phase A semantic references index; file path alone is not evidence of SQL reads/writes"
"src/Jularr.Web/Pages/Shared/_MediaShelfBoard.cshtml","UI:Shared","RAZOR_VIEW","SOURCE_PATH_INDEXED_NOT_PROVEN_DB_USAGE","PHASE_E_OWNER_MAPPING_PENDING","NOT_SCANNED_YET","Use Phase A semantic references index; file path alone is not evidence of SQL reads/writes"
"src/Jularr.Web/Pages/Shared/_MetricCard.cshtml","UI:Shared","RAZOR_VIEW","SOURCE_PATH_INDEXED_NOT_PROVEN_DB_USAGE","PHASE_E_OWNER_MAPPING_PENDING","NOT_SCANNED_YET","Use Phase A semantic references index; file path alone is not evidence of SQL reads/writes"
"src/Jularr.Web/Pages/Shared/_NotificationBell.cshtml","UI:Shared","RAZOR_VIEW","SOURCE_PATH_INDEXED_NOT_PROVEN_DB_USAGE","PHASE_E_OWNER_MAPPING_PENDING","NOT_SCANNED_YET","Use Phase A semantic references index; file path alone is not evidence of SQL reads/writes"
"src/Jularr.Web/Pages/Shared/_NotificationPreview.cshtml","UI:Shared","RAZOR_VIEW","SOURCE_PATH_INDEXED_NOT_PROVEN_DB_USAGE","PHASE_E_OWNER_MAPPING_PENDING","NOT_SCANNED_YET","Use Phase A semantic references index; file path alone is not evidence of SQL reads/writes"
"src/Jularr.Web/Pages/Shared/_OfflineLibraryAction.cshtml","UI:Shared","RAZOR_VIEW","SOURCE_PATH_INDEXED_NOT_PROVEN_DB_USAGE","PHASE_E_OWNER_MAPPING_PENDING","NOT_SCANNED_YET","Use Phase A semantic references index; file path alone is not evidence of SQL reads/writes"
"src/Jularr.Web/Pages/Shared/_PathField.cshtml","UI:Shared","RAZOR_VIEW","SOURCE_PATH_INDEXED_NOT_PROVEN_DB_USAGE","PHASE_E_OWNER_MAPPING_PENDING","NOT_SCANNED_YET","Use Phase A semantic references index; file path alone is not evidence of SQL reads/writes"
"src/Jularr.Web/Pages/Shared/_PlayerIcon.cshtml","UI:Shared","RAZOR_VIEW","SOURCE_PATH_INDEXED_NOT_PROVEN_DB_USAGE","PHASE_E_OWNER_MAPPING_PENDING","NOT_SCANNED_YET","Use Phase A semantic references index; file path alone is not evidence of SQL reads/writes"
"src/Jularr.Web/Pages/Shared/_ProviderActions.cshtml","UI:Shared","RAZOR_VIEW","SOURCE_PATH_INDEXED_NOT_PROVEN_DB_USAGE","PHASE_E_OWNER_MAPPING_PENDING","NOT_SCANNED_YET","Use Phase A semantic references index; file path alone is not evidence of SQL reads/writes"
"src/Jularr.Web/Pages/Shared/_ProviderDetail.cshtml","UI:Shared","RAZOR_VIEW","SOURCE_PATH_INDEXED_NOT_PROVEN_DB_USAGE","PHASE_E_OWNER_MAPPING_PENDING","NOT_SCANNED_YET","Use Phase A semantic references index; file path alone is not evidence of SQL reads/writes"
"src/Jularr.Web/Pages/Shared/_ProviderRows.cshtml","UI:Shared","RAZOR_VIEW","SOURCE_PATH_INDEXED_NOT_PROVEN_DB_USAGE","PHASE_E_OWNER_MAPPING_PENDING","NOT_SCANNED_YET","Use Phase A semantic references index; file path alone is not evidence of SQL reads/writes"
"src/Jularr.Web/Pages/Shared/_ProviderStatus.cshtml","UI:Shared","RAZOR_VIEW","SOURCE_PATH_INDEXED_NOT_PROVEN_DB_USAGE","PHASE_E_OWNER_MAPPING_PENDING","NOT_SCANNED_YET","Use Phase A semantic references index; file path alone is not evidence of SQL reads/writes"
"src/Jularr.Web/Pages/Shared/_ProviderTable.cshtml","UI:Shared","RAZOR_VIEW","SOURCE_PATH_INDEXED_NOT_PROVEN_DB_USAGE","PHASE_E_OWNER_MAPPING_PENDING","NOT_SCANNED_YET","Use Phase A semantic references index; file path alone is not evidence of SQL reads/writes"
"src/Jularr.Web/Pages/Shared/_ReaderAppearanceSheet.cshtml","UI:Shared","RAZOR_VIEW","SOURCE_PATH_INDEXED_NOT_PROVEN_DB_USAGE","PHASE_E_OWNER_MAPPING_PENDING","NOT_SCANNED_YET","Use Phase A semantic references index; file path alone is not evidence of SQL reads/writes"
"src/Jularr.Web/Pages/Shared/_ReaderCover.cshtml","UI:Shared","RAZOR_VIEW","SOURCE_PATH_INDEXED_NOT_PROVEN_DB_USAGE","PHASE_E_OWNER_MAPPING_PENDING","NOT_SCANNED_YET","Use Phase A semantic references index; file path alone is not evidence of SQL reads/writes"
"src/Jularr.Web/Pages/Shared/_ReaderIcon.cshtml","UI:Shared","RAZOR_VIEW","SOURCE_PATH_INDEXED_NOT_PROVEN_DB_USAGE","PHASE_E_OWNER_MAPPING_PENDING","NOT_SCANNED_YET","Use Phase A semantic references index; file path alone is not evidence of SQL reads/writes"
"src/Jularr.Web/Pages/Shared/_ReaderSettingsPanel.cshtml","UI:Shared","RAZOR_VIEW","SOURCE_PATH_INDEXED_NOT_PROVEN_DB_USAGE","PHASE_E_OWNER_MAPPING_PENDING","NOT_SCANNED_YET","Use Phase A semantic references index; file path alone is not evidence of SQL reads/writes"
"src/Jularr.Web/Pages/Shared/_ViteIcon.cshtml","UI:Shared","RAZOR_VIEW","SOURCE_PATH_INDEXED_NOT_PROVEN_DB_USAGE","PHASE_E_OWNER_MAPPING_PENDING","NOT_SCANNED_YET","Use Phase A semantic references index; file path alone is not evidence of SQL reads/writes"
"src/Jularr.Web/Pages/Statistics/Index.cshtml","UI:Statistics","RAZOR_VIEW","SOURCE_PATH_INDEXED_NOT_PROVEN_DB_USAGE","PHASE_E_OWNER_MAPPING_PENDING","NOT_SCANNED_YET","Use Phase A semantic references index; file path alone is not evidence of SQL reads/writes"
"src/Jularr.Web/Pages/Statistics/Index.cshtml.cs","UI:Statistics","RAZOR_VIEW","SOURCE_PATH_INDEXED_NOT_PROVEN_DB_USAGE","PHASE_E_OWNER_MAPPING_PENDING","NOT_SCANNED_YET","Use Phase A semantic references index; file path alone is not evidence of SQL reads/writes"
"src/Jularr.Web/Pages/_ViewImports.cshtml","UI:_ViewImports.cshtml","RAZOR_VIEW","SOURCE_PATH_INDEXED_NOT_PROVEN_DB_USAGE","PHASE_E_OWNER_MAPPING_PENDING","NOT_SCANNED_YET","Use Phase A semantic references index; file path alone is not evidence of SQL reads/writes"
"src/Jularr.Web/Pages/_ViewStart.cshtml","UI:_ViewStart.cshtml","RAZOR_VIEW","SOURCE_PATH_INDEXED_NOT_PROVEN_DB_USAGE","PHASE_E_OWNER_MAPPING_PENDING","NOT_SCANNED_YET","Use Phase A semantic references index; file path alone is not evidence of SQL reads/writes"
"src/Jularr.Web/Program.cs","App infrastructure","OTHER_SOURCE","SOURCE_PATH_INDEXED_NOT_PROVEN_DB_USAGE","PHASE_E_OWNER_MAPPING_PENDING","NOT_SCANNED_YET","Use Phase A semantic references index; file path alone is not evidence of SQL reads/writes"
"src/Jularr.Web/Ui/ContextBackLinkModel.cs","UI shared","OTHER_SOURCE","SOURCE_PATH_INDEXED_NOT_PROVEN_DB_USAGE","PHASE_E_OWNER_MAPPING_PENDING","NOT_SCANNED_YET","Use Phase A semantic references index; file path alone is not evidence of SQL reads/writes"
"src/Jularr.Web/Ui/LanguageEditionSelectorModel.cs","UI shared","OTHER_SOURCE","SOURCE_PATH_INDEXED_NOT_PROVEN_DB_USAGE","PHASE_E_OWNER_MAPPING_PENDING","NOT_SCANNED_YET","Use Phase A semantic references index; file path alone is not evidence of SQL reads/writes"
"src/Jularr.Web/Ui/ManageSheetModel.cs","UI shared","OTHER_SOURCE","SOURCE_PATH_INDEXED_NOT_PROVEN_DB_USAGE","PHASE_E_OWNER_MAPPING_PENDING","NOT_SCANNED_YET","Use Phase A semantic references index; file path alone is not evidence of SQL reads/writes"
"src/Jularr.Web/Ui/MediaBannerCardModel.cs","UI shared","OTHER_SOURCE","SOURCE_PATH_INDEXED_NOT_PROVEN_DB_USAGE","PHASE_E_OWNER_MAPPING_PENDING","NOT_SCANNED_YET","Use Phase A semantic references index; file path alone is not evidence of SQL reads/writes"
"src/Jularr.Web/Ui/MediaShelfModel.cs","UI shared","OTHER_SOURCE","SOURCE_PATH_INDEXED_NOT_PROVEN_DB_USAGE","PHASE_E_OWNER_MAPPING_PENDING","NOT_SCANNED_YET","Use Phase A semantic references index; file path alone is not evidence of SQL reads/writes"
"src/Jularr.Web/Ui/UiModels.cs","UI shared","OTHER_SOURCE","SOURCE_PATH_INDEXED_NOT_PROVEN_DB_USAGE","PHASE_E_OWNER_MAPPING_PENDING","NOT_SCANNED_YET","Use Phase A semantic references index; file path alone is not evidence of SQL reads/writes"
"src/Jularr.Web/frontend/ViteAssetManifest.cs","App infrastructure","OTHER_SOURCE","SOURCE_PATH_INDEXED_NOT_PROVEN_DB_USAGE","PHASE_E_OWNER_MAPPING_PENDING","NOT_SCANNED_YET","Use Phase A semantic references index; file path alone is not evidence of SQL reads/writes"
"src/Jularr.Web/wwwroot/js/admin-branding.js","App infrastructure","JAVASCRIPT","SOURCE_PATH_INDEXED_NOT_PROVEN_DB_USAGE","PHASE_E_OWNER_MAPPING_PENDING","NOT_SCANNED_YET","Use Phase A semantic references index; file path alone is not evidence of SQL reads/writes"
"src/Jularr.Web/wwwroot/js/admin-media-work.js","App infrastructure","JAVASCRIPT","SOURCE_PATH_INDEXED_NOT_PROVEN_DB_USAGE","PHASE_E_OWNER_MAPPING_PENDING","NOT_SCANNED_YET","Use Phase A semantic references index; file path alone is not evidence of SQL reads/writes"
"src/Jularr.Web/wwwroot/js/admin-menu.js","App infrastructure","JAVASCRIPT","SOURCE_PATH_INDEXED_NOT_PROVEN_DB_USAGE","PHASE_E_OWNER_MAPPING_PENDING","NOT_SCANNED_YET","Use Phase A semantic references index; file path alone is not evidence of SQL reads/writes"
"src/Jularr.Web/wwwroot/js/admin-profiles.js","App infrastructure","JAVASCRIPT","SOURCE_PATH_INDEXED_NOT_PROVEN_DB_USAGE","PHASE_E_OWNER_MAPPING_PENDING","NOT_SCANNED_YET","Use Phase A semantic references index; file path alone is not evidence of SQL reads/writes"
"src/Jularr.Web/wwwroot/js/admin-reconciliation.js","App infrastructure","JAVASCRIPT","SOURCE_PATH_INDEXED_NOT_PROVEN_DB_USAGE","PHASE_E_OWNER_MAPPING_PENDING","NOT_SCANNED_YET","Use Phase A semantic references index; file path alone is not evidence of SQL reads/writes"
"src/Jularr.Web/wwwroot/js/admin-requests.js","App infrastructure","JAVASCRIPT","SOURCE_PATH_INDEXED_NOT_PROVEN_DB_USAGE","PHASE_E_OWNER_MAPPING_PENDING","NOT_SCANNED_YET","Use Phase A semantic references index; file path alone is not evidence of SQL reads/writes"
"src/Jularr.Web/wwwroot/js/admin-search.js","App infrastructure","JAVASCRIPT","SOURCE_PATH_INDEXED_NOT_PROVEN_DB_USAGE","PHASE_E_OWNER_MAPPING_PENDING","NOT_SCANNED_YET","Use Phase A semantic references index; file path alone is not evidence of SQL reads/writes"
"src/Jularr.Web/wwwroot/js/ai-activity.js","App infrastructure","JAVASCRIPT","SOURCE_PATH_INDEXED_NOT_PROVEN_DB_USAGE","PHASE_E_OWNER_MAPPING_PENDING","NOT_SCANNED_YET","Use Phase A semantic references index; file path alone is not evidence of SQL reads/writes"
"src/Jularr.Web/wwwroot/js/ai-settings.js","App infrastructure","JAVASCRIPT","SOURCE_PATH_INDEXED_NOT_PROVEN_DB_USAGE","PHASE_E_OWNER_MAPPING_PENDING","NOT_SCANNED_YET","Use Phase A semantic references index; file path alone is not evidence of SQL reads/writes"
"src/Jularr.Web/wwwroot/js/anime-detail.js","App infrastructure","JAVASCRIPT","SOURCE_PATH_INDEXED_NOT_PROVEN_DB_USAGE","PHASE_E_OWNER_MAPPING_PENDING","NOT_SCANNED_YET","Use Phase A semantic references index; file path alone is not evidence of SQL reads/writes"
"src/Jularr.Web/wwwroot/js/app-theme.js","App infrastructure","JAVASCRIPT","SOURCE_PATH_INDEXED_NOT_PROVEN_DB_USAGE","PHASE_E_OWNER_MAPPING_PENDING","NOT_SCANNED_YET","Use Phase A semantic references index; file path alone is not evidence of SQL reads/writes"
"src/Jularr.Web/wwwroot/js/appearance-settings.js","App infrastructure","JAVASCRIPT","SOURCE_PATH_INDEXED_NOT_PROVEN_DB_USAGE","PHASE_E_OWNER_MAPPING_PENDING","NOT_SCANNED_YET","Use Phase A semantic references index; file path alone is not evidence of SQL reads/writes"
"src/Jularr.Web/wwwroot/js/book-cover-fallback.js","App infrastructure","JAVASCRIPT","SOURCE_PATH_INDEXED_NOT_PROVEN_DB_USAGE","PHASE_E_OWNER_MAPPING_PENDING","NOT_SCANNED_YET","Use Phase A semantic references index; file path alone is not evidence of SQL reads/writes"
"src/Jularr.Web/wwwroot/js/book-library-detail.js","App infrastructure","JAVASCRIPT","SOURCE_PATH_INDEXED_NOT_PROVEN_DB_USAGE","PHASE_E_OWNER_MAPPING_PENDING","NOT_SCANNED_YET","Use Phase A semantic references index; file path alone is not evidence of SQL reads/writes"
"src/Jularr.Web/wwwroot/js/books-library.js","App infrastructure","JAVASCRIPT","SOURCE_PATH_INDEXED_NOT_PROVEN_DB_USAGE","PHASE_E_OWNER_MAPPING_PENDING","NOT_SCANNED_YET","Use Phase A semantic references index; file path alone is not evidence of SQL reads/writes"
"src/Jularr.Web/wwwroot/js/books-reader-pdf.js","App infrastructure","JAVASCRIPT","SOURCE_PATH_INDEXED_NOT_PROVEN_DB_USAGE","PHASE_E_OWNER_MAPPING_PENDING","NOT_SCANNED_YET","Use Phase A semantic references index; file path alone is not evidence of SQL reads/writes"
"src/Jularr.Web/wwwroot/js/books-reader.js","App infrastructure","JAVASCRIPT","SOURCE_PATH_INDEXED_NOT_PROVEN_DB_USAGE","PHASE_E_OWNER_MAPPING_PENDING","NOT_SCANNED_YET","Use Phase A semantic references index; file path alone is not evidence of SQL reads/writes"
"src/Jularr.Web/wwwroot/js/calendar.js","App infrastructure","JAVASCRIPT","SOURCE_PATH_INDEXED_NOT_PROVEN_DB_USAGE","PHASE_E_OWNER_MAPPING_PENDING","NOT_SCANNED_YET","Use Phase A semantic references index; file path alone is not evidence of SQL reads/writes"
"src/Jularr.Web/wwwroot/js/collection-rules.js","App infrastructure","JAVASCRIPT","SOURCE_PATH_INDEXED_NOT_PROVEN_DB_USAGE","PHASE_E_OWNER_MAPPING_PENDING","NOT_SCANNED_YET","Use Phase A semantic references index; file path alone is not evidence of SQL reads/writes"
"src/Jularr.Web/wwwroot/js/collections.js","App infrastructure","JAVASCRIPT","SOURCE_PATH_INDEXED_NOT_PROVEN_DB_USAGE","PHASE_E_OWNER_MAPPING_PENDING","NOT_SCANNED_YET","Use Phase A semantic references index; file path alone is not evidence of SQL reads/writes"
"src/Jularr.Web/wwwroot/js/companion.js","App infrastructure","JAVASCRIPT","SOURCE_PATH_INDEXED_NOT_PROVEN_DB_USAGE","PHASE_E_OWNER_MAPPING_PENDING","NOT_SCANNED_YET","Use Phase A semantic references index; file path alone is not evidence of SQL reads/writes"
"src/Jularr.Web/wwwroot/js/context-back-link.js","App infrastructure","JAVASCRIPT","SOURCE_PATH_INDEXED_NOT_PROVEN_DB_USAGE","PHASE_E_OWNER_MAPPING_PENDING","NOT_SCANNED_YET","Use Phase A semantic references index; file path alone is not evidence of SQL reads/writes"
"src/Jularr.Web/wwwroot/js/discover-request.js","App infrastructure","JAVASCRIPT","SOURCE_PATH_INDEXED_NOT_PROVEN_DB_USAGE","PHASE_E_OWNER_MAPPING_PENDING","NOT_SCANNED_YET","Use Phase A semantic references index; file path alone is not evidence of SQL reads/writes"
"src/Jularr.Web/wwwroot/js/discover-staging.js","App infrastructure","JAVASCRIPT","SOURCE_PATH_INDEXED_NOT_PROVEN_DB_USAGE","PHASE_E_OWNER_MAPPING_PENDING","NOT_SCANNED_YET","Use Phase A semantic references index; file path alone is not evidence of SQL reads/writes"
"src/Jularr.Web/wwwroot/js/discover.js","App infrastructure","JAVASCRIPT","SOURCE_PATH_INDEXED_NOT_PROVEN_DB_USAGE","PHASE_E_OWNER_MAPPING_PENDING","NOT_SCANNED_YET","Use Phase A semantic references index; file path alone is not evidence of SQL reads/writes"
"src/Jularr.Web/wwwroot/js/episode-player.js","App infrastructure","JAVASCRIPT","SOURCE_PATH_INDEXED_NOT_PROVEN_DB_USAGE","PHASE_E_OWNER_MAPPING_PENDING","NOT_SCANNED_YET","Use Phase A semantic references index; file path alone is not evidence of SQL reads/writes"
"src/Jularr.Web/wwwroot/js/fixed-page-reader.js","App infrastructure","JAVASCRIPT","SOURCE_PATH_INDEXED_NOT_PROVEN_DB_USAGE","PHASE_E_OWNER_MAPPING_PENDING","NOT_SCANNED_YET","Use Phase A semantic references index; file path alone is not evidence of SQL reads/writes"
"src/Jularr.Web/wwwroot/js/folder-browser.js","App infrastructure","JAVASCRIPT","SOURCE_PATH_INDEXED_NOT_PROVEN_DB_USAGE","PHASE_E_OWNER_MAPPING_PENDING","NOT_SCANNED_YET","Use Phase A semantic references index; file path alone is not evidence of SQL reads/writes"
"src/Jularr.Web/wwwroot/js/home-layout.js","App infrastructure","JAVASCRIPT","SOURCE_PATH_INDEXED_NOT_PROVEN_DB_USAGE","PHASE_E_OWNER_MAPPING_PENDING","NOT_SCANNED_YET","Use Phase A semantic references index; file path alone is not evidence of SQL reads/writes"
"src/Jularr.Web/wwwroot/js/home-spotlight.js","App infrastructure","JAVASCRIPT","SOURCE_PATH_INDEXED_NOT_PROVEN_DB_USAGE","PHASE_E_OWNER_MAPPING_PENDING","NOT_SCANNED_YET","Use Phase A semantic references index; file path alone is not evidence of SQL reads/writes"
"src/Jularr.Web/wwwroot/js/image-sequence-reader.js","App infrastructure","JAVASCRIPT","SOURCE_PATH_INDEXED_NOT_PROVEN_DB_USAGE","PHASE_E_OWNER_MAPPING_PENDING","NOT_SCANNED_YET","Use Phase A semantic references index; file path alone is not evidence of SQL reads/writes"
"src/Jularr.Web/wwwroot/js/instant-play.js","App infrastructure","JAVASCRIPT","SOURCE_PATH_INDEXED_NOT_PROVEN_DB_USAGE","PHASE_E_OWNER_MAPPING_PENDING","NOT_SCANNED_YET","Use Phase A semantic references index; file path alone is not evidence of SQL reads/writes"
"src/Jularr.Web/wwwroot/js/kana.js","App infrastructure","JAVASCRIPT","SOURCE_PATH_INDEXED_NOT_PROVEN_DB_USAGE","PHASE_E_OWNER_MAPPING_PENDING","NOT_SCANNED_YET","Use Phase A semantic references index; file path alone is not evidence of SQL reads/writes"
"src/Jularr.Web/wwwroot/js/language-edition-selector.js","App infrastructure","JAVASCRIPT","SOURCE_PATH_INDEXED_NOT_PROVEN_DB_USAGE","PHASE_E_OWNER_MAPPING_PENDING","NOT_SCANNED_YET","Use Phase A semantic references index; file path alone is not evidence of SQL reads/writes"
"src/Jularr.Web/wwwroot/js/language-inspector.js","App infrastructure","JAVASCRIPT","SOURCE_PATH_INDEXED_NOT_PROVEN_DB_USAGE","PHASE_E_OWNER_MAPPING_PENDING","NOT_SCANNED_YET","Use Phase A semantic references index; file path alone is not evidence of SQL reads/writes"
"src/Jularr.Web/wwwroot/js/learn-review.js","App infrastructure","JAVASCRIPT","SOURCE_PATH_INDEXED_NOT_PROVEN_DB_USAGE","PHASE_E_OWNER_MAPPING_PENDING","NOT_SCANNED_YET","Use Phase A semantic references index; file path alone is not evidence of SQL reads/writes"
"src/Jularr.Web/wwwroot/js/library-browse.js","App infrastructure","JAVASCRIPT","SOURCE_PATH_INDEXED_NOT_PROVEN_DB_USAGE","PHASE_E_OWNER_MAPPING_PENDING","NOT_SCANNED_YET","Use Phase A semantic references index; file path alone is not evidence of SQL reads/writes"
"src/Jularr.Web/wwwroot/js/library-scans.js","App infrastructure","JAVASCRIPT","SOURCE_PATH_INDEXED_NOT_PROVEN_DB_USAGE","PHASE_E_OWNER_MAPPING_PENDING","NOT_SCANNED_YET","Use Phase A semantic references index; file path alone is not evidence of SQL reads/writes"
"src/Jularr.Web/wwwroot/js/local-time.js","App infrastructure","JAVASCRIPT","SOURCE_PATH_INDEXED_NOT_PROVEN_DB_USAGE","PHASE_E_OWNER_MAPPING_PENDING","NOT_SCANNED_YET","Use Phase A semantic references index; file path alone is not evidence of SQL reads/writes"
"src/Jularr.Web/wwwroot/js/manage-sheet.js","App infrastructure","JAVASCRIPT","SOURCE_PATH_INDEXED_NOT_PROVEN_DB_USAGE","PHASE_E_OWNER_MAPPING_PENDING","NOT_SCANNED_YET","Use Phase A semantic references index; file path alone is not evidence of SQL reads/writes"
"src/Jularr.Web/wwwroot/js/manga-reader.js","App infrastructure","JAVASCRIPT","SOURCE_PATH_INDEXED_NOT_PROVEN_DB_USAGE","PHASE_E_OWNER_MAPPING_PENDING","NOT_SCANNED_YET","Use Phase A semantic references index; file path alone is not evidence of SQL reads/writes"
"src/Jularr.Web/wwwroot/js/manual-search.js","App infrastructure","JAVASCRIPT","SOURCE_PATH_INDEXED_NOT_PROVEN_DB_USAGE","PHASE_E_OWNER_MAPPING_PENDING","NOT_SCANNED_YET","Use Phase A semantic references index; file path alone is not evidence of SQL reads/writes"
"src/Jularr.Web/wwwroot/js/novel-annotations.js","App infrastructure","JAVASCRIPT","SOURCE_PATH_INDEXED_NOT_PROVEN_DB_USAGE","PHASE_E_OWNER_MAPPING_PENDING","NOT_SCANNED_YET","Use Phase A semantic references index; file path alone is not evidence of SQL reads/writes"
"src/Jularr.Web/wwwroot/js/novel-chapter-drawer.js","App infrastructure","JAVASCRIPT","SOURCE_PATH_INDEXED_NOT_PROVEN_DB_USAGE","PHASE_E_OWNER_MAPPING_PENDING","NOT_SCANNED_YET","Use Phase A semantic references index; file path alone is not evidence of SQL reads/writes"
"src/Jularr.Web/wwwroot/js/novel-chapter-preparation.js","App infrastructure","JAVASCRIPT","SOURCE_PATH_INDEXED_NOT_PROVEN_DB_USAGE","PHASE_E_OWNER_MAPPING_PENDING","NOT_SCANNED_YET","Use Phase A semantic references index; file path alone is not evidence of SQL reads/writes"
"src/Jularr.Web/wwwroot/js/novel-file-picker.js","App infrastructure","JAVASCRIPT","SOURCE_PATH_INDEXED_NOT_PROVEN_DB_USAGE","PHASE_E_OWNER_MAPPING_PENDING","NOT_SCANNED_YET","Use Phase A semantic references index; file path alone is not evidence of SQL reads/writes"
"src/Jularr.Web/wwwroot/js/novel-learning.js","App infrastructure","JAVASCRIPT","SOURCE_PATH_INDEXED_NOT_PROVEN_DB_USAGE","PHASE_E_OWNER_MAPPING_PENDING","NOT_SCANNED_YET","Use Phase A semantic references index; file path alone is not evidence of SQL reads/writes"
"src/Jularr.Web/wwwroot/js/novel-position.js","App infrastructure","JAVASCRIPT","SOURCE_PATH_INDEXED_NOT_PROVEN_DB_USAGE","PHASE_E_OWNER_MAPPING_PENDING","NOT_SCANNED_YET","Use Phase A semantic references index; file path alone is not evidence of SQL reads/writes"
"src/Jularr.Web/wwwroot/js/novel-reader.js","App infrastructure","JAVASCRIPT","SOURCE_PATH_INDEXED_NOT_PROVEN_DB_USAGE","PHASE_E_OWNER_MAPPING_PENDING","NOT_SCANNED_YET","Use Phase A semantic references index; file path alone is not evidence of SQL reads/writes"
"src/Jularr.Web/wwwroot/js/novel-search.js","App infrastructure","JAVASCRIPT","SOURCE_PATH_INDEXED_NOT_PROVEN_DB_USAGE","PHASE_E_OWNER_MAPPING_PENDING","NOT_SCANNED_YET","Use Phase A semantic references index; file path alone is not evidence of SQL reads/writes"
"src/Jularr.Web/wwwroot/js/novel-translation.js","App infrastructure","JAVASCRIPT","SOURCE_PATH_INDEXED_NOT_PROVEN_DB_USAGE","PHASE_E_OWNER_MAPPING_PENDING","NOT_SCANNED_YET","Use Phase A semantic references index; file path alone is not evidence of SQL reads/writes"
"src/Jularr.Web/wwwroot/js/offline-library-manager.js","App infrastructure","JAVASCRIPT","SOURCE_PATH_INDEXED_NOT_PROVEN_DB_USAGE","PHASE_E_OWNER_MAPPING_PENDING","NOT_SCANNED_YET","Use Phase A semantic references index; file path alone is not evidence of SQL reads/writes"
"src/Jularr.Web/wwwroot/js/offline-library-repository.js","App infrastructure","JAVASCRIPT","SOURCE_PATH_INDEXED_NOT_PROVEN_DB_USAGE","PHASE_E_OWNER_MAPPING_PENDING","NOT_SCANNED_YET","Use Phase A semantic references index; file path alone is not evidence of SQL reads/writes"
"src/Jularr.Web/wwwroot/js/offline-library-storage.js","App infrastructure","JAVASCRIPT","SOURCE_PATH_INDEXED_NOT_PROVEN_DB_USAGE","PHASE_E_OWNER_MAPPING_PENDING","NOT_SCANNED_YET","Use Phase A semantic references index; file path alone is not evidence of SQL reads/writes"
"src/Jularr.Web/wwwroot/js/offline-library-ui.js","App infrastructure","JAVASCRIPT","SOURCE_PATH_INDEXED_NOT_PROVEN_DB_USAGE","PHASE_E_OWNER_MAPPING_PENDING","NOT_SCANNED_YET","Use Phase A semantic references index; file path alone is not evidence of SQL reads/writes"
"src/Jularr.Web/wwwroot/js/offline-library.js","App infrastructure","JAVASCRIPT","SOURCE_PATH_INDEXED_NOT_PROVEN_DB_USAGE","PHASE_E_OWNER_MAPPING_PENDING","NOT_SCANNED_YET","Use Phase A semantic references index; file path alone is not evidence of SQL reads/writes"
"src/Jularr.Web/wwwroot/js/offline-media-catalog.js","App infrastructure","JAVASCRIPT","SOURCE_PATH_INDEXED_NOT_PROVEN_DB_USAGE","PHASE_E_OWNER_MAPPING_PENDING","NOT_SCANNED_YET","Use Phase A semantic references index; file path alone is not evidence of SQL reads/writes"
"src/Jularr.Web/wwwroot/js/offline-media-manager.js","App infrastructure","JAVASCRIPT","SOURCE_PATH_INDEXED_NOT_PROVEN_DB_USAGE","PHASE_E_OWNER_MAPPING_PENDING","NOT_SCANNED_YET","Use Phase A semantic references index; file path alone is not evidence of SQL reads/writes"
"src/Jularr.Web/wwwroot/js/offline-media-storage.js","App infrastructure","JAVASCRIPT","SOURCE_PATH_INDEXED_NOT_PROVEN_DB_USAGE","PHASE_E_OWNER_MAPPING_PENDING","NOT_SCANNED_YET","Use Phase A semantic references index; file path alone is not evidence of SQL reads/writes"
"src/Jularr.Web/wwwroot/js/offline-media-ui.js","App infrastructure","JAVASCRIPT","SOURCE_PATH_INDEXED_NOT_PROVEN_DB_USAGE","PHASE_E_OWNER_MAPPING_PENDING","NOT_SCANNED_YET","Use Phase A semantic references index; file path alone is not evidence of SQL reads/writes"
"src/Jularr.Web/wwwroot/js/offline-media-worker.js","App infrastructure","JAVASCRIPT","SOURCE_PATH_INDEXED_NOT_PROVEN_DB_USAGE","PHASE_E_OWNER_MAPPING_PENDING","NOT_SCANNED_YET","Use Phase A semantic references index; file path alone is not evidence of SQL reads/writes"
"src/Jularr.Web/wwwroot/js/offline-media.js","App infrastructure","JAVASCRIPT","SOURCE_PATH_INDEXED_NOT_PROVEN_DB_USAGE","PHASE_E_OWNER_MAPPING_PENDING","NOT_SCANNED_YET","Use Phase A semantic references index; file path alone is not evidence of SQL reads/writes"
"src/Jularr.Web/wwwroot/js/offline-review.js","App infrastructure","JAVASCRIPT","SOURCE_PATH_INDEXED_NOT_PROVEN_DB_USAGE","PHASE_E_OWNER_MAPPING_PENDING","NOT_SCANNED_YET","Use Phase A semantic references index; file path alone is not evidence of SQL reads/writes"
"src/Jularr.Web/wwwroot/js/path-mapping-test.js","App infrastructure","JAVASCRIPT","SOURCE_PATH_INDEXED_NOT_PROVEN_DB_USAGE","PHASE_E_OWNER_MAPPING_PENDING","NOT_SCANNED_YET","Use Phase A semantic references index; file path alone is not evidence of SQL reads/writes"
"src/Jularr.Web/wwwroot/js/playback-capabilities.js","App infrastructure","JAVASCRIPT","SOURCE_PATH_INDEXED_NOT_PROVEN_DB_USAGE","PHASE_E_OWNER_MAPPING_PENDING","NOT_SCANNED_YET","Use Phase A semantic references index; file path alone is not evidence of SQL reads/writes"
"src/Jularr.Web/wwwroot/js/player-buffering.js","App infrastructure","JAVASCRIPT","SOURCE_PATH_INDEXED_NOT_PROVEN_DB_USAGE","PHASE_E_OWNER_MAPPING_PENDING","NOT_SCANNED_YET","Use Phase A semantic references index; file path alone is not evidence of SQL reads/writes"
"src/Jularr.Web/wwwroot/js/player-chrome.js","App infrastructure","JAVASCRIPT","SOURCE_PATH_INDEXED_NOT_PROVEN_DB_USAGE","PHASE_E_OWNER_MAPPING_PENDING","NOT_SCANNED_YET","Use Phase A semantic references index; file path alone is not evidence of SQL reads/writes"
"src/Jularr.Web/wwwroot/js/player-design.js","App infrastructure","JAVASCRIPT","SOURCE_PATH_INDEXED_NOT_PROVEN_DB_USAGE","PHASE_E_OWNER_MAPPING_PENDING","NOT_SCANNED_YET","Use Phase A semantic references index; file path alone is not evidence of SQL reads/writes"
"src/Jularr.Web/wwwroot/js/player-gestures.js","App infrastructure","JAVASCRIPT","SOURCE_PATH_INDEXED_NOT_PROVEN_DB_USAGE","PHASE_E_OWNER_MAPPING_PENDING","NOT_SCANNED_YET","Use Phase A semantic references index; file path alone is not evidence of SQL reads/writes"
"src/Jularr.Web/wwwroot/js/player-learning-design.js","App infrastructure","JAVASCRIPT","SOURCE_PATH_INDEXED_NOT_PROVEN_DB_USAGE","PHASE_E_OWNER_MAPPING_PENDING","NOT_SCANNED_YET","Use Phase A semantic references index; file path alone is not evidence of SQL reads/writes"
"src/Jularr.Web/wwwroot/js/player-presentation.js","App infrastructure","JAVASCRIPT","SOURCE_PATH_INDEXED_NOT_PROVEN_DB_USAGE","PHASE_E_OWNER_MAPPING_PENDING","NOT_SCANNED_YET","Use Phase A semantic references index; file path alone is not evidence of SQL reads/writes"
"src/Jularr.Web/wwwroot/js/player-recovery.js","App infrastructure","JAVASCRIPT","SOURCE_PATH_INDEXED_NOT_PROVEN_DB_USAGE","PHASE_E_OWNER_MAPPING_PENDING","NOT_SCANNED_YET","Use Phase A semantic references index; file path alone is not evidence of SQL reads/writes"
"src/Jularr.Web/wwwroot/js/player-segments.js","App infrastructure","JAVASCRIPT","SOURCE_PATH_INDEXED_NOT_PROVEN_DB_USAGE","PHASE_E_OWNER_MAPPING_PENDING","NOT_SCANNED_YET","Use Phase A semantic references index; file path alone is not evidence of SQL reads/writes"
"src/Jularr.Web/wwwroot/js/provider-test.js","App infrastructure","JAVASCRIPT","SOURCE_PATH_INDEXED_NOT_PROVEN_DB_USAGE","PHASE_E_OWNER_MAPPING_PENDING","NOT_SCANNED_YET","Use Phase A semantic references index; file path alone is not evidence of SQL reads/writes"
"src/Jularr.Web/wwwroot/js/pwa.js","App infrastructure","JAVASCRIPT","SOURCE_PATH_INDEXED_NOT_PROVEN_DB_USAGE","PHASE_E_OWNER_MAPPING_PENDING","NOT_SCANNED_YET","Use Phase A semantic references index; file path alone is not evidence of SQL reads/writes"
"src/Jularr.Web/wwwroot/js/reader-personalization.js","App infrastructure","JAVASCRIPT","SOURCE_PATH_INDEXED_NOT_PROVEN_DB_USAGE","PHASE_E_OWNER_MAPPING_PENDING","NOT_SCANNED_YET","Use Phase A semantic references index; file path alone is not evidence of SQL reads/writes"
"src/Jularr.Web/wwwroot/js/reader-shell.js","App infrastructure","JAVASCRIPT","SOURCE_PATH_INDEXED_NOT_PROVEN_DB_USAGE","PHASE_E_OWNER_MAPPING_PENDING","NOT_SCANNED_YET","Use Phase A semantic references index; file path alone is not evidence of SQL reads/writes"
"src/Jularr.Web/wwwroot/js/reader-themes.js","App infrastructure","JAVASCRIPT","SOURCE_PATH_INDEXED_NOT_PROVEN_DB_USAGE","PHASE_E_OWNER_MAPPING_PENDING","NOT_SCANNED_YET","Use Phase A semantic references index; file path alone is not evidence of SQL reads/writes"
"src/Jularr.Web/wwwroot/js/reader-tts.js","App infrastructure","JAVASCRIPT","SOURCE_PATH_INDEXED_NOT_PROVEN_DB_USAGE","PHASE_E_OWNER_MAPPING_PENDING","NOT_SCANNED_YET","Use Phase A semantic references index; file path alone is not evidence of SQL reads/writes"
"src/Jularr.Web/wwwroot/js/reflow-reader.js","App infrastructure","JAVASCRIPT","SOURCE_PATH_INDEXED_NOT_PROVEN_DB_USAGE","PHASE_E_OWNER_MAPPING_PENDING","NOT_SCANNED_YET","Use Phase A semantic references index; file path alone is not evidence of SQL reads/writes"
"src/Jularr.Web/wwwroot/js/request-rule-editor.js","App infrastructure","JAVASCRIPT","SOURCE_PATH_INDEXED_NOT_PROVEN_DB_USAGE","PHASE_E_OWNER_MAPPING_PENDING","NOT_SCANNED_YET","Use Phase A semantic references index; file path alone is not evidence of SQL reads/writes"
"src/Jularr.Web/wwwroot/js/request-status.js","App infrastructure","JAVASCRIPT","SOURCE_PATH_INDEXED_NOT_PROVEN_DB_USAGE","PHASE_E_OWNER_MAPPING_PENDING","NOT_SCANNED_YET","Use Phase A semantic references index; file path alone is not evidence of SQL reads/writes"
"src/Jularr.Web/wwwroot/js/sakura.js","App infrastructure","JAVASCRIPT","SOURCE_PATH_INDEXED_NOT_PROVEN_DB_USAGE","PHASE_E_OWNER_MAPPING_PENDING","NOT_SCANNED_YET","Use Phase A semantic references index; file path alone is not evidence of SQL reads/writes"
"src/Jularr.Web/wwwroot/js/setup-instance.js","App infrastructure","JAVASCRIPT","SOURCE_PATH_INDEXED_NOT_PROVEN_DB_USAGE","PHASE_E_OWNER_MAPPING_PENDING","NOT_SCANNED_YET","Use Phase A semantic references index; file path alone is not evidence of SQL reads/writes"
"src/Jularr.Web/wwwroot/js/shell-popovers.js","App infrastructure","JAVASCRIPT","SOURCE_PATH_INDEXED_NOT_PROVEN_DB_USAGE","PHASE_E_OWNER_MAPPING_PENDING","NOT_SCANNED_YET","Use Phase A semantic references index; file path alone is not evidence of SQL reads/writes"
"src/Jularr.Web/wwwroot/js/tts.js","App infrastructure","JAVASCRIPT","SOURCE_PATH_INDEXED_NOT_PROVEN_DB_USAGE","PHASE_E_OWNER_MAPPING_PENDING","NOT_SCANNED_YET","Use Phase A semantic references index; file path alone is not evidence of SQL reads/writes"
"src/Jularr.Web/wwwroot/js/video-detail.js","App infrastructure","JAVASCRIPT","SOURCE_PATH_INDEXED_NOT_PROVEN_DB_USAGE","PHASE_E_OWNER_MAPPING_PENDING","NOT_SCANNED_YET","Use Phase A semantic references index; file path alone is not evidence of SQL reads/writes"
"src/Jularr.Web/wwwroot/js/work-metadata.js","App infrastructure","JAVASCRIPT","SOURCE_PATH_INDEXED_NOT_PROVEN_DB_USAGE","PHASE_E_OWNER_MAPPING_PENDING","NOT_SCANNED_YET","Use Phase A semantic references index; file path alone is not evidence of SQL reads/writes"
"src/Jularr.Web/wwwroot/lib/pdfjs/pdf.min.mjs","App infrastructure","OTHER_SOURCE","SOURCE_PATH_INDEXED_NOT_PROVEN_DB_USAGE","PHASE_E_OWNER_MAPPING_PENDING","NOT_SCANNED_YET","Use Phase A semantic references index; file path alone is not evidence of SQL reads/writes"
"src/Jularr.Web/wwwroot/lib/pdfjs/pdf.worker.min.mjs","App infrastructure","JOB_OR_PROVIDER_CANDIDATE","SOURCE_PATH_INDEXED_NOT_PROVEN_DB_USAGE","PHASE_E_OWNER_MAPPING_PENDING","NOT_SCANNED_YET","Use Phase A semantic references index; file path alone is not evidence of SQL reads/writes"
"src/Jularr.Web/wwwroot/service-worker.js","App infrastructure","JAVASCRIPT","SOURCE_PATH_INDEXED_NOT_PROVEN_DB_USAGE","PHASE_E_OWNER_MAPPING_PENDING","NOT_SCANNED_YET","Use Phase A semantic references index; file path alone is not evidence of SQL reads/writes"
